excel_sku,db_sku,excel_name,product_name,attrs,slug
CB-7CP,CB-7CP,Sarveda 7 Chakra Plain Copper Water Bottlle 1 Litre,7 Chakras Copper Water Bottles,"7 Chakras Plain, Without Brush, 1L",7-chakras-copper-water-bottles
CB-7CV,CB-7CV,Sarveda 7 Chakra Vintage Copper Water Bottle | 1 Litre,7 Chakras Copper Water Bottles,"Without Brush, 1L, 7 Chakras Vintage",7-chakras-copper-water-bottles
CB-CDG,CB-CDG,Sarveda Curved Diamond Groove Water Bottle | 1 Litre,"Grooved, Hammered & Plain Copper Bottle","Diamond Groove, Without Brush, Gold",grooved-hammered-plain-copper-bottle
CB-CP,CB-CP,Sarveda Curved Plain Copper Water Bottle | 1 Litre,"Grooved, Hammered & Plain Copper Bottle","Without Brush, Gold, Curved",grooved-hammered-plain-copper-bottle
CB-CV,CB-CV,Sarveda Curved Vintage Copper Water Bottle | 1 Litre,"Grooved, Hammered & Plain Copper Bottle","Without Brush, Curved, Vintage",grooved-hammered-plain-copper-bottle
CB-CVDG,CB-CVDG,Sarveda Curved Vintage Diamond Groove Water Bottle | 1 Litre,"Grooved, Hammered & Plain Copper Bottle","Diamond Groove, Without Brush, Vintage",grooved-hammered-plain-copper-bottle
CB-CPH,CB-CPH,Sarveda Curved Plain Hammered Water Bottle | 1 Litre,"Grooved, Hammered & Plain Copper Bottle","Without Brush, Gold, Hammered",grooved-hammered-plain-copper-bottle
CB-CVH,CB-CVH,Sarveda Curved Vintage Hammered Water Bottle | 1 Litre,"Grooved, Hammered & Plain Copper Bottle","Without Brush, Curved Hammered, Vintage",grooved-hammered-plain-copper-bottle
CB-T,CB-T,Sarveda Copper Water Bottle | Tattvamasi | 1 Litre,Artistically Designed Copper Bottles,"Tatvamasi - I am Infinite, Without Brush, 1L",artistically-designed-copper-bottles
CB-HW,CB-HW,Sarveda Copper Water Bottle | True Happiness Lies Within | 1 Litre,Artistically Designed Copper Bottles,"Without Brush, 1L, Happiness is inside",artistically-designed-copper-bottles
CB-BM,CB-BM,Sarveda Copper Water Bottle | Blue Meditation | 1 Litre,Artistically Designed Copper Bottles,"Without Brush, 1L, Blue Tranquillity",artistically-designed-copper-bottles
CB-OL,CB-OL,Sarveda Copper Water Bottle | Orange Light | 1 Litre,Artistically Designed Copper Bottles,"Without Brush, Sunshine within me, 1L",artistically-designed-copper-bottles
CB-PNT,CB-PNT,Sarveda Copper Water Bottle | Pink Noble Thoughts | 1 Litre,Artistically Designed Copper Bottles,"Without Brush, Pink & Positive, 1L",artistically-designed-copper-bottles
CB-BJ,CB-BJ,Sarveda Copper Bedroom Jar,Ayurvedic Copper Bedroom Jar,,ayurvedic-copper-bedroom-jar
CB-HW-.5,CB-HW-.5,Happiness Copper Bottle-white 500Ml,Artistically Designed Copper Bottles,"Without Brush, Happiness is inside, 500ml",artistically-designed-copper-bottles
CB-T-.5,CB-T-.5,Tatvamassi Copper Bottle-Blue- 500Ml,Artistically Designed Copper Bottles,"Tatvamasi - I am Infinite, Without Brush, 500ml",artistically-designed-copper-bottles
CB-OL-.5,CB-OL-.5,Orange light Copper Bottle 500 Ml,Artistically Designed Copper Bottles,"Without Brush, Sunshine within me, 500ml",artistically-designed-copper-bottles
CB-PNT-.5,CB-PNT-.5,Pink Noble light Copper Bottle 500 Ml,Artistically Designed Copper Bottles,"Without Brush, Pink & Positive, 500ml",artistically-designed-copper-bottles
CB-BM-.5,CB-BM-.5,Blue Meditation Copper Bottle .500Ml,Artistically Designed Copper Bottles,"Without Brush, Blue Tranquillity, 500ml",artistically-designed-copper-bottles
CB-7CP-.5,CB-7CP-.5,7 Chakras Copper Plain Bottle -500 Ml,7 Chakras Copper Water Bottles,"7 Chakras Plain, Without Brush, 500ml",7-chakras-copper-water-bottles
CB-7CV-.5,CB-7CV-.5,7 Chakras Vintage Copper Bottle .500 Ml,7 Chakras Copper Water Bottles,"Without Brush, 7 Chakras Vintage, 500ml",7-chakras-copper-water-bottles
NP-MG-185,NP-MG-185,Sarveda Ayurvedic Ceramic Jala Neti Pot for Nasal Cleansing | Mint Green,Jala Neti Pot - Ceramic 185 ml,Mint Green,jala-neti-pot-ceramic-185-ml
NP-R-185,NP-R-185,Sarveda Ayurvedic Ceramic Jala Neti Pot for Nasal Cleansing | Red,Jala Neti Pot - Ceramic 185 ml,,jala-neti-pot-ceramic-185-ml
NP-B-185,NP-B-185,Sarveda Ayurvedic Ceramic Jala Neti Pot for Nasal Cleansing | Blue,Jala Neti Pot - Ceramic 185 ml,Blue,jala-neti-pot-ceramic-185-ml
NP-LY-185,NP-LY-185,Sarveda Ayurvedic Ceramic Jala Neti Pot for Nasal Cleansing | Lemon Yellow,Jala Neti Pot - Ceramic 185 ml,Lemon Yellow,jala-neti-pot-ceramic-185-ml
NP-W-185,NP-W-185,Sarveda Ayurvedic Ceramic Jala Neti Pot for Nasal Cleansing | White,Jala Neti Pot - Ceramic 185 ml,White,jala-neti-pot-ceramic-185-ml
Yo-BR-R-RP,Yo-BR-R-RP,Sarveda Yoga Bolster filled with Cotton | Rouge Pink,Round Yoga Bolster,Rogue Pink,round-yoga-bolster
Yo-BR-R-RE,Yo-BR-R-RE,Sarveda Yoga Bolster filled with Cotton | Rose,Round Yoga Bolster,Rose,round-yoga-bolster
Yo-BR-R-GY,Yo-BR-R-GY,Sarveda Yoga Bolster filled with Cotton| Grey,Round Yoga Bolster,Grey,round-yoga-bolster
Yo-BR-R-NB,Yo-BR-R-NB,Sarveda Yoga Bolster filled with Cotton | Navy Blue,Round Yoga Bolster,Navy Blue,round-yoga-bolster
Yo-BR-R-DG,Yo-BR-R-DG,Sarveda Yoga Bolster filled with Cotton | Dark Grey,Round Yoga Bolster,Dark Grey,round-yoga-bolster
Yo-BR-R-SE,Yo-BR-R-SE,Sarveda Yoga Bolster filled with Cotton | Sage,Round Yoga Bolster,Sage,round-yoga-bolster
Yo-BR-R-O,Yo-BR-R-O,Sarveda Yoga Bolster filled with Cotton | Orange,Round Yoga Bolster,Orange,round-yoga-bolster
Yo-BR-RE-NB,Yo-BR-RE-NB,Sarveda Rectangular Yoga Bolster filled with Cotton | Navy Blue,Rectangular Yoga Bolster,Navy Blue,rectangular-yoga-bolster
Yo-BR-RE-DG,Yo-BR-RE-DG,Sarveda Rectangular Yoga Bolster filled with Cotton | Dark Grey,Rectangular Yoga Bolster,Dark Grey,rectangular-yoga-bolster
Yo-BR-RE-RE,Yo-BR-RE-RE,Sarveda Rectangular Yoga Bolster filled with Cotton | Rose,Rectangular Yoga Bolster,Rose,rectangular-yoga-bolster
Yo-BR-RE-SE,Yo-BR-RE-SE,Sarveda Rectangular Yoga Bolster filled with Cotton | Sage,Rectangular Yoga Bolster,Sage,rectangular-yoga-bolster
Yo-BR-RE-RP,Yo-BR-RE-RP,Sarveda Rectangular Yoga Bolster filled with Cotton | Rouge Pink,Rectangular Yoga Bolster,Rouge,rectangular-yoga-bolster
Yo-BT-C-BW,Yo-BT-C-BW,Sarveda Yoga Blanket | Organic Cotton | Brown,Yoga Blanket made from Organic Cotton,Brown,yoga-blanket-made-from-organic-cotton
Yo-BT-C-MG,Yo-BT-C-MG,Sarveda Yoga Blanket | Organic Cotton | Magenta,Yoga Blanket made from Organic Cotton,Magenta,yoga-blanket-made-from-organic-cotton
Yo-BL-D-SB,Yo-BL-D-SB,Sarveda Yoga Belt | Organic Cotton Strap for Stretching | Sky Blue,Yoga Belt/Strap for Sturdy Grip,Sky Blue,yoga-belt-strap-for-sturdy-grip
Yo-BL-D-BE,Yo-BL-D-BE,Sarveda Yoga Belt | Organic Cotton Strap for Stretching | Beige,Yoga Belt/Strap for Sturdy Grip,Beige,yoga-belt-strap-for-sturdy-grip
Yo-BL-D-NB,Yo-BL-D-NB,Sarveda Yoga Belt | Organic Cotton Strap for Stretching | Navy Blue,Yoga Belt/Strap for Sturdy Grip,Navy Blue,yoga-belt-strap-for-sturdy-grip
Yo-BL-D-RE,Yo-BL-D-RE,Sarveda Yoga Belt | Organic Cotton Strap for Stretching | Rose,Yoga Belt/Strap for Sturdy Grip,Rose,yoga-belt-strap-for-sturdy-grip
Yo-BL-D-GR,Yo-BL-D-GR,Sarveda Yoga Belt | Organic Cotton Strap for Stretching | Green,Yoga Belt/Strap for Sturdy Grip,Green,yoga-belt-strap-for-sturdy-grip
Yo-MC-MS-B,Yo-MC-MS-B,Macarame Yoga Mat Strap | Brown,Macrame Yoga Mat Straps,Brown,macrame-yoga-mat-straps
Yo-MC-MS-G,Yo-MC-MS-G,Macarame Yoga Mat Strap | Green,Macrame Yoga Mat Straps,Green,macrame-yoga-mat-straps
Yo-MC-MS-DG,Yo-MC-MS-DG,Macarame Yoga Mat Strap | Dark Grey,Macrame Yoga Mat Straps,Dark Grey,macrame-yoga-mat-straps
Yo-MC-MS-O,Yo-MC-MS-O,Macarame Yoga Mat Strap | Orange,Macrame Yoga Mat Straps,Orange,macrame-yoga-mat-straps
Yo-P-E-SE,Yo-P-E-SE,"Sarveda Lavender Scented Eye Pillows for Yoga, Meditation and Relaxation | Sage",Natural Lavender Scented Eye Pillows,Sage,natural-lavender-scented-eye-pillows
Yo-P-E-NB,Yo-P-E-NB,"Sarveda Lavender Scented Eye Pillows for Yoga, Meditation and Relaxation | Navy Blue",Natural Lavender Scented Eye Pillows,Navy Blue,natural-lavender-scented-eye-pillows
Yo-P-E-DG,Yo-P-E-DG,"Sarveda Lavender Scented Eye Pillows for Yoga, Meditation and Relaxation | Dark Grey",Natural Lavender Scented Eye Pillows,Dark Grey,natural-lavender-scented-eye-pillows
Yo-P-E-GY,Yo-P-E-GY,"Sarveda Lavender Scented Eye Pillows for Yoga, Meditation and Relaxation | Grey",Natural Lavender Scented Eye Pillows,Grey,natural-lavender-scented-eye-pillows
Yo-P-E-RE,Yo-P-E-RE,"Sarveda Lavender Scented Eye Pillows for Yoga, Meditation and Relaxation | Rose",Natural Lavender Scented Eye Pillows,Rose,natural-lavender-scented-eye-pillows
Me-Z-R-MG,Me-Z-R-MG,Sarveda Round Zafu Meditation and Yoga Cushion | Filled with Cotton | Magenta,Zafu Meditation Cushion Plain Filled with Cotton,Magenta,zafu-meditation-cushion-plain-filled-with-cotton
Me-C-RZ-R-E-L,Me-C-RZ-R-E-L,Sarveda Lotus Embroidered Round Zafu Meditation and Yoga Cushion | Filled with Cotton | Rose,Zafu Meditation Cushion Lotus - Embroidery Filled with Cotton,Rose,zafu-meditation-cushion-lotus-embroidery-filled-with-cotton
Me-C-RZ-S-E-L,Me-C-RZ-S-E-L,Sarveda Lotus Embroidered Round Zafu Meditation and Yoga Cushion | Filled with Cotton | Sage,Zafu Meditation Cushion Lotus - Embroidery Filled with Cotton,Sage,zafu-meditation-cushion-lotus-embroidery-filled-with-cotton
Me-C-RZ-MB-E-L,Me-C-RZ-MB-E-L,Sarveda Lotus Embroidered Round Zafu Meditation and Yoga Cushion | Filled with Cotton | Misty Blue,Zafu Meditation Cushion Lotus - Embroidery Filled with Cotton,Misty Blue,zafu-meditation-cushion-lotus-embroidery-filled-with-cotton
Me-C-RZ-LR-E-L,Me-C-RZ-LR-E-L,Sarveda Lotus Embroidered Round Zafu Meditation and Yoga Cushion | Filled with Cotton | Lavender,Zafu Meditation Cushion Lotus - Embroidery Filled with Cotton,Lavender,zafu-meditation-cushion-lotus-embroidery-filled-with-cotton
Me-C-RZ-LG-E-L,Me-C-RZ-LG-E-L,Sarveda Lotus Embroidered Round Zafu Meditation and Yoga Cushion | Filled with Cotton | Light Grey,Zafu Meditation Cushion Lotus - Embroidery Filled with Cotton,Light Grey,zafu-meditation-cushion-lotus-embroidery-filled-with-cotton
Me-C-HZ-RB,Me-C-HZ-RB,Sarveda Hi-Zafu Meditation Cushion filled with Buckwheat Hulls | Royal Blue,Hi-Zafu Meditation Cushion - Filled with Buckwheat,Royal Blue,hi-zafu-meditation-cushion-filled-with-buckwheat
Me-C-HZ-DG,Me-C-HZ-DG,Sarveda Hi-Zafu Meditation Cushion filled with Buckwheat Hulls | Dark Grey,Hi-Zafu Meditation Cushion - Filled with Buckwheat,Dark Grey,hi-zafu-meditation-cushion-filled-with-buckwheat
Me-C-HZ-RD,Me-C-HZ-RD,Sarveda Hi-Zafu Meditation Cushion filled with Buckwheat Hulls | Red,Hi-Zafu Meditation Cushion - Filled with Buckwheat,Red,hi-zafu-meditation-cushion-filled-with-buckwheat
Me-C-HZ-GY,Me-C-HZ-GY,Sarveda Hi-Zafu Meditation Cushion filled with Buckwheat Hulls | Grey,Hi-Zafu Meditation Cushion - Filled with Buckwheat,Grey,hi-zafu-meditation-cushion-filled-with-buckwheat
Me-C-HZ-SE,Me-C-HZ-SE,Sarveda Hi-Zafu Meditation Cushion filled with Buckwheat Hulls | Sage,Hi-Zafu Meditation Cushion - Filled with Buckwheat,Sage,hi-zafu-meditation-cushion-filled-with-buckwheat
Me-C-HZ-LR,Me-C-HZ-LR,Sarveda Hi-Zafu Meditation Cushion filled with Buckwheat Hulls | Lavender,Hi-Zafu Meditation Cushion - Filled with Buckwheat,Lavender,hi-zafu-meditation-cushion-filled-with-buckwheat
Me-C-HZ-I,Me-C-HZ-I,Sarveda Hi-Zafu Meditation Cushion filled with Buckwheat Hulls | Ivory,Hi-Zafu Meditation Cushion - Filled with Buckwheat,Ivory,hi-zafu-meditation-cushion-filled-with-buckwheat
Me-C-HZ-MB,Me-C-HZ-MB,Sarveda Hi-Zafu Meditation Cushion filled with Buckwheat Hulls | Misty Blue,Hi-Zafu Meditation Cushion - Filled with Buckwheat,Misty Blue,hi-zafu-meditation-cushion-filled-with-buckwheat
Me-C-HZ-LG,Me-C-HZ-LG,Sarveda Hi-Zafu Meditation Cushion filled with Buckwheat Hulls | Light Grey,Hi-Zafu Meditation Cushion - Filled with Buckwheat,Light Grey,hi-zafu-meditation-cushion-filled-with-buckwheat
Me-C-HZ-NB,Me-C-HZ-NB,Sarveda Hi-Zafu Meditation Cushion filled with Buckwheat Hulls | Navy Blue,Hi-Zafu Meditation Cushion - Filled with Buckwheat,Navy Blue,hi-zafu-meditation-cushion-filled-with-buckwheat
Me-C-HZ-S-E-L,Me-C-HZ-S-E-L,Sarveda Hi-Zafu Meditation Cushion with Lotus Embroidery filled with Buckwheat Hulls | Sage,Hi-Zafu Meditation Cushion - Embroidered with Lotus,Sage,hi-zafu-meditation-cushion-embroidered-with-lotus
Me-C-HZ-MB-E-L,Me-C-HZ-MB-E-L,Sarveda Hi-Zafu Meditation Cushion with Lotus Embroidery filled with Buckwheat Hulls | Misty Blue,Hi-Zafu Meditation Cushion - Embroidered with Lotus,Misty Blue,hi-zafu-meditation-cushion-embroidered-with-lotus
Me-C-HZ-R-E-L,Me-C-HZ-R-E-L,Sarveda Hi-Zafu Meditation Cushion with Lotus Embroidery filled with Buckwheat Hulls | Rose,Hi-Zafu Meditation Cushion - Embroidered with Lotus,Rose,hi-zafu-meditation-cushion-embroidered-with-lotus
Me-C-HZ-LG-E-L,Me-C-HZ-LG-E-L,Sarveda Hi-Zafu Meditation Cushion with Lotus Embroidery filled with Buckwheat Hulls | Light Grey,Hi-Zafu Meditation Cushion - Embroidered with Lotus,Light Grey,hi-zafu-meditation-cushion-embroidered-with-lotus
Me-C-HZ-L-E-L,Me-C-HZ-L-E-L,Sarveda Hi-Zafu Meditation Cushion with Lotus Embroidery filled with Buckwheat Hulls | Lavender,Hi-Zafu Meditation Cushion - Embroidered with Lotus,Lavender,hi-zafu-meditation-cushion-embroidered-with-lotus
Me-C-Zn-NB,Me-C-Zn-NB,Zabuton -Cushion Navy Blue,Zabuton Cushion for Meditation,Navy Blue,zabuton-cushion-for-meditation
Me-C-Zn-GY,Me-C-Zn-GY,Zabuton -Cushion Grey,Zabuton Cushion for Meditation,Grey,zabuton-cushion-for-meditation
Me-C-Zn-LR,Me-C-Zn-LR,Zabuton - Cushion- Lavendar,Zabuton Cushion for Meditation,Lavender,zabuton-cushion-for-meditation
Me-C-Zn-LG,Me-C-Zn-LG,Zabuton - Cushion-Light grey,Zabuton Cushion for Meditation,Light Grey,zabuton-cushion-for-meditation
Me-C-Zn-MB,Me-C-Zn-MB,Zabuton -Cushion -Misty Blue,Zabuton Cushion for Meditation,Misty Blue,zabuton-cushion-for-meditation
IS-7C-S,IS-7C-S,7 Chakara Incense Sticks Set with Stand,7 Chakras Mystical Incense Sticks Set,7 Chakra Set with Stand,7-chakras-mystical-incense-sticks-set
IS-7C,IS-7C,7 Chakara Incense Sticks Set,7 Chakras Mystical Incense Sticks Set,7 Chakra Set,7-chakras-mystical-incense-sticks-set
IS-L-12,IS-L-12,Pure Lavender Incense Sticks for the Third Eye or Ajna Chakra,7 Chakras Mystical Incense Sticks Set,Pure Lavender,7-chakras-mystical-incense-sticks-set
IS-S-12,IS-S-12,Pure Sandalwood for the Root Charka or Mooladhara,7 Chakras Mystical Incense Sticks Set,Pure Sandalwood,7-chakras-mystical-incense-sticks-set
IS-M-12,IS-M-12,Pure Musk for the Sacral Chakra or Svadisthana,7 Chakras Mystical Incense Sticks Set,Pure Musk,7-chakras-mystical-incense-sticks-set
IS-F-12,IS-F-12,Pure Frankincense for the Crown or Sahasrara Chakra,7 Chakras Mystical Incense Sticks Set,Pure Frankincense,7-chakras-mystical-incense-sticks-set
IS-C-12,IS-C-12,Pure Citronella for the Solar plexus or Manipura chakra,7 Chakras Mystical Incense Sticks Set,Pure Citronella,7-chakras-mystical-incense-sticks-set
IS-E-12,IS-E-12,Pure Eucalyptus for the throat or Vishuddha Chakra,7 Chakras Mystical Incense Sticks Set,Pure Eucalyptus,7-chakras-mystical-incense-sticks-set
IS-R-12,IS-R-12,Pure Rose for the heart or Anahata Chakra,7 Chakras Mystical Incense Sticks Set,Pure Rose,7-chakras-mystical-incense-sticks-set
MI-CS-R,MI-CS-R,Sarveda Mini Natural Handmade Coconut Shaker | Round Shape,Mini Coconut Shakers - 3 Types,Round Shaped,mini-coconut-shakers-3-types
MI-CS-S,MI-CS-S,Sarveda Mini Natural Handmade Coconut Shaker | Square Shape,Mini Coconut Shakers - 3 Types,Square Shaped,mini-coconut-shakers-3-types
MI-CS-E,MI-CS-E,Sarveda Mini Natural Handmade Coconut Shaker | Eye Shape,Mini Coconut Shakers - 3 Types,Eye Shaped,mini-coconut-shakers-3-types
MI-CS-H,MI-CS-H,Sarveda Mini Natural Handmade Coconut Shaker | Handheld,Handheld Natural Coconut Shaker,,handheld-natural-coconut-shaker
MI-ES-H,MI-ES-H,Egg Shaker Plain with Handle,Egg Shaker with Handle,,egg-shaker-with-handle
MI-KR-S-L,MI-KR-S-L,Kenari Seed Shaker Large,Kenari Seed Shell Shakers,Large,kenari-seed-shell-shakers
MI-KR-S-S,MI-KR-S-S,Kenari Seed Shaker Small,Kenari Seed Shell Shakers,Small,kenari-seed-shell-shakers
MI-KR-BT,MI-KR-BT,Kenari Bracelt,Kenari Bracelet,,kenari-bracelet
MI-CN-B,MI-CN-B,Bambboo castanet,Bamboo Castanet,,bamboo-castanet
MI-CR,MI-CR,Coconut Rattle,Coconut Rattle,,coconut-rattle
MI-PS,MI-PS,Pangi Seed Shaker,Pangi Seed Shell Rattle,,pangi-seed-shell-rattle
Mi-CX-M-N,Mi-CX-M-N,Caxixi Medium Natural,Caxixi,,caxixi
MI-WF-S,MI-WF-S,Musical Wooden Frog- Standard,Musical Wooden Frog,Standard,musical-wooden-frog
MI-WF-L,MI-WF-L,Musical Wooden Frog- Large,Musical Wooden Frog,Large,musical-wooden-frog
MI-KCS-DP,MI-KCS-DP,Sarveda Kalimba 7 keys- Dot Painted,7-Key Kalimba Made from Coconut Shell - Painted & Plain,Dot Painted,7-key-kalimba-made-from-coconut-shell-painted-plain
MI-BB-2,MI-BB-2,Buddhist Bell- Small - 2 in,Tibetan Buddhist Bell,Small,tibetan-buddhist-bell
MI-BB-3,MI-BB-3,Buddhist Bell -Medium 3 in,Tibetan Buddhist Bell,Standard,tibetan-buddhist-bell
MI-BB-3.5,MI-BB-3.5,Buddhist Bell - Large 3.5in,Tibetan Buddhist Bell,Large,tibetan-buddhist-bell
MI-OD-P-30,MI-OD-P-30,Ocean Drum Plain 30 Cms,Ocean Drums,"Plain, 30 cms",ocean-drums
MI-OD-P-35,MI-OD-P-35,Ocean Drum Plain 35 Cms,Ocean Drums,"Plain, 35 cms",ocean-drums
MI-OD-P-40,MI-OD-P-40,Ocean Drum Plain 40 Cms,Ocean Drums,"Plain, 40 cms",ocean-drums
MI-SD-P-30,MI-SD-P-30,Shamanic Drums Plain -30Cm,Shamanic Drum,"Plain, 30 cms",shamanic-drum
MI-SD-P-40,MI-SD-P-40,Shamanic Drums Plain -40 Cm,Shamanic Drum,"Plain, 40 cms",shamanic-drum
MI-SD-P-45,MI-SD-P-45,Shamanic Drums Plain -45 Cm,Shamanic Drum,"Plain, 45 cms",shamanic-drum
MI-SD-B-30,MI-SD-B-30,Shamanic Drums Butterfly -30Cm,Shamanic Drum,"30 cms, Butterfly",shamanic-drum
MI-SD-B-40,MI-SD-B-40,Shamanic Drums Butterfly-40 Cm,Shamanic Drum,"40 cms, Butterfly",shamanic-drum
MI-SD-B-45,MI-SD-B-45,Shamanic Drums Butterfly -45 Cm,Shamanic Drum,"45 cms, Butterfly",shamanic-drum
MI-TD-6.3-Y,MI-TD-6.3-Y,Tongue Drum-6.3 inches- Yellow,Mini Tongue Drum,Yellow,mini-tongue-drum
MI-TD-6.3-P,MI-TD-6.3-P,Tongue Drum-6.3 inches-Purple,Mini Tongue Drum,Purple,mini-tongue-drum
MI-TD-6.3-G,MI-TD-6.3-G,Tongue Drum-6.3 inches-Green,Mini Tongue Drum,Green,mini-tongue-drum
MI-TD-6.3-B,MI-TD-6.3-B,Tongue Drum-6.3 inches-Blue,Mini Tongue Drum,Blue,mini-tongue-drum
MI-DG-S-G,MI-DG-S-G,S Shaped Digeredoo - Green,S-Shaped Didgeridoo,Green,s-shaped-didgeridoo
MI-DG-S-R,MI-DG-S-R,S Shaped Digeredoo - Red,S-Shaped Didgeridoo,Red,s-shaped-didgeridoo
MI-DG-S-B,MI-DG-S-B,S Shaped Digeredoo - Blue,S-Shaped Didgeridoo,Blue,s-shaped-didgeridoo
MI-DG-SP-G,MI-DG-SP-G,Didgeredoo Spiral - Green,Spiral/Snake Didgeridoo,Green,spiral-snake-didgeridoo
MI-DG-SP-R,MI-DG-SP-R,Didgeredoo Spiral - Red,Spiral/Snake Didgeridoo,Red,spiral-snake-didgeridoo
MI-SB-RB-7,MI-SB-RB-7,Sarveda Rustic Blue Mantra Singing Bowl | 7 Inches,Singing Bowl with Mantra - Rustic Blue Colour,7 Inches,singing-bowl-with-mantra-rustic-blue-colour
MI-SB-RB-6,MI-SB-RB-6,Sarveda Rustic Blue Mantra Singing Bowl | 6 Inches,Singing Bowl with Mantra - Rustic Blue Colour,6 inches,singing-bowl-with-mantra-rustic-blue-colour
MI-SB-P-W-5.5,MI-SB-P-W-5.5,Sacred Mantra Bowls | 5.5 Inches | Gold,Singing Bowls with Sacred Mantra Printed,"Gold, 5.5 Inches",singing-bowls-with-sacred-mantra-printed
MI-SB-P-W-4,MI-SB-P-W-4,Sacred Mantra Bowls | 4 Inches | Gold,Singing Bowls with Sacred Mantra Printed,"4 Inches, Gold",singing-bowls-with-sacred-mantra-printed
MI-SB-P-W-3.5,MI-SB-P-W-3.5,Sacred Mantra Bowls | 3.5 Inches | Gold,Singing Bowls with Sacred Mantra Printed,"3.5 Inches, Gold",singing-bowls-with-sacred-mantra-printed
MI-SB-P-G-5.5,MI-SB-P-G-5.5,Sacred Mantra Bowls | 5.5 Inches | Green,Singing Bowls with Sacred Mantra Printed,"5.5 Inches, Green",singing-bowls-with-sacred-mantra-printed
MI-SB-P-G-4,MI-SB-P-G-4,Sacred Mantra Bowls | 4 Inches | Green,Singing Bowls with Sacred Mantra Printed,"4 Inches, Green",singing-bowls-with-sacred-mantra-printed
MI-SB-P-G-3.5,MI-SB-P-G-3.5,Sacred Mantra Bowls | 3.5 Inches | Green,Singing Bowls with Sacred Mantra Printed,"3.5 Inches, Green",singing-bowls-with-sacred-mantra-printed
MI-SB-P-R-5.5,MI-SB-P-R-5.5,Sacred Mantra Bowls | 5.5 Inches | Red,Singing Bowls with Sacred Mantra Printed,"Red, 5.5 Inches",singing-bowls-with-sacred-mantra-printed
MI-SB-P-R-4,MI-SB-P-R-4,Sacred Mantra Bowls | 4 Inches | Red,Singing Bowls with Sacred Mantra Printed,"Red, 4 Inches",singing-bowls-with-sacred-mantra-printed
MI-SB-P-R-3.5,MI-SB-P-R-3.5,Sacred Mantra Bowls | 3.5 Inches | Red,Singing Bowls with Sacred Mantra Printed,"3.5 Inches, Red",singing-bowls-with-sacred-mantra-printed
MI-SB-P-BK-5.5,MI-SB-P-BK-5.5,Sacred Mantra Bowls | 5.5 Inches | Black,Singing Bowls with Sacred Mantra Printed,"Black, 5.5 Inches",singing-bowls-with-sacred-mantra-printed
MI-SB-P-BK-4,MI-SB-P-BK-4,Sacred Mantra Bowls | 4 Inches | Black,Singing Bowls with Sacred Mantra Printed,"Black, 4 Inches",singing-bowls-with-sacred-mantra-printed
MI-SB-P-B-5.5,MI-SB-P-B-5.5,Sacred Mantra Bowls | 5.5 Inches | Blue,Singing Bowls with Sacred Mantra Printed,"Blue, 5.5 Inches",singing-bowls-with-sacred-mantra-printed
MI-SB-P-B-4,MI-SB-P-B-4,Sacred Mantra Bowls | 4 Inches | Blue,Singing Bowls with Sacred Mantra Printed,"4 Inches, Blue",singing-bowls-with-sacred-mantra-printed
MI-SB-P-B-3.5,MI-SB-P-B-3.5,Sacred Mantra Bowls | 3.5 Inches | Blue,Singing Bowls with Sacred Mantra Printed,"3.5 Inches, Blue",singing-bowls-with-sacred-mantra-printed
MI-SB-P-SS-BK-5.5,MI-SB-P-SS-BK-5.5,"Sacred Symbol Black -5.5""",Sacred Symbols Singing Bowls,"Black, 5.5 in",sacred-symbols-singing-bowls
MI-SB-P-SS-BK-4,MI-SB-P-SS-BK-4,"Sacred Symbol Black -4""",Sacred Symbols Singing Bowls,"Black, 4 in",sacred-symbols-singing-bowls
MI-SB-P-SS-BK-3.5,MI-SB-P-SS-BK-3.5,"SacredSymbolBlack -3.5""",Sacred Symbols Singing Bowls,"Black, 3.5 in",sacred-symbols-singing-bowls
MI-SB-P-SS-B-5.5,MI-SB-P-SS-B-5.5,"Sacred Symbol Blue -5.5""",Sacred Symbols Singing Bowls,"Blue, 5.5 in",sacred-symbols-singing-bowls
MI-SB-P-SS-B-4,MI-SB-P-SS-B-4,"Sacred Symbol Blue-4""",Sacred Symbols Singing Bowls,"Blue, 4 in",sacred-symbols-singing-bowls
MI-SB-P-SS-B-3.5,MI-SB-P-SS-B-3.5,"Sacred Symbol Blue-3.5""",Sacred Symbols Singing Bowls,"Blue, 3.5 in",sacred-symbols-singing-bowls
MI-SB-P-SS-R-5.5,MI-SB-P-SS-R-5.5,"Sacred Symbol Red-5.5""",Sacred Symbols Singing Bowls,"Red, 5.5 in",sacred-symbols-singing-bowls
MI-SB-P-SS-R-4,MI-SB-P-SS-R-4,"Sacred Symbol Red -4""",Sacred Symbols Singing Bowls,"Red, 4 in",sacred-symbols-singing-bowls
MI-SB-P-SS-R-3.5,MI-SB-P-SS-R-3.5,"SacredSymbol Red -3.5""",Sacred Symbols Singing Bowls,"Red, 3.5 in",sacred-symbols-singing-bowls
MI-SB-P-SS-G-5.5,MI-SB-P-SS-G-5.5,"Sacred Symbol Green -5.5""",Sacred Symbols Singing Bowls,"5.5 in, Green",sacred-symbols-singing-bowls
MI-SB-P-SS-G-4,MI-SB-P-SS-G-4,"Sacred Symbol Green -4""",Sacred Symbols Singing Bowls,"4 in, Green",sacred-symbols-singing-bowls
MI-SB-P-SS-G-3.5,MI-SB-P-SS-G-3.5,"Sacred Symbol Green -3.5""",Sacred Symbols Singing Bowls,"3.5 in, Green",sacred-symbols-singing-bowls
MI-SB-P-SS-Y-5.5,MI-SB-P-SS-Y-5.5,"Sacred Symbol Yellow -5.5""",Sacred Symbols Singing Bowls,"Yellow, 5.5 in",sacred-symbols-singing-bowls
MI-SB-P-SS-Y-4,MI-SB-P-SS-Y-4,"Sacred Symbol Yellow -4""",Sacred Symbols Singing Bowls,"Yellow, 4 in",sacred-symbols-singing-bowls
MI-SB-P-SS-Y-3.5,MI-SB-P-SS-Y-3.5,"Sacred Symbol Yellow-3.5""",Sacred Symbols Singing Bowls,"Yellow, 3.5 in",sacred-symbols-singing-bowls
MI-SB-H-5.5,MI-SB-H-5.5,"Hammered Singing Bowl | 5.5""",Dotted Singing Bowl,5.5 inch,dotted-singing-bowl
MI-SB-H-4,MI-SB-H-4,"Hammered Singing Bowl | 4""",Dotted Singing Bowl,4 inch,dotted-singing-bowl
MI-SB-DH-5.5,MI-SB-DH-5.5,"Deep Hammered Singing Bowl | 5.5""",Dotted Singing Bowl,Deep 5.5 Inch,dotted-singing-bowl
MI-CB-W-6,MI-CB-W-6,"Crystal Bowl- White 6""",Crystal Bowls,6 in,crystal-bowls
MI-CB-W-7,MI-CB-W-7,"Crystal Bowl- White 7""",Crystal Bowls,7 in,crystal-bowls
MI-CB-W-8,MI-CB-W-8,"Crystal Bowl- White 8""",Crystal Bowls,8 in,crystal-bowls
MI-CB-W-9,MI-CB-W-9,"Crystal Bowl- White 9""",Crystal Bowls,9 in,crystal-bowls
MI-CB-W-10,MI-CB-W-10,"Crystal Bowl- White 10""",Crystal Bowls,10 in,crystal-bowls
MI-CB-W-11,MI-CB-W-11,"Crystal Bowl- White 11""",Crystal Bowls,11 in,crystal-bowls
MI-CB-W-12,MI-CB-W-12,"Crystal Bowl- White 12""",Crystal Bowls,12 in,crystal-bowls
MI-CB-W-13,MI-CB-W-13,"Crystal Bowl- White 13""",Crystal Bowls,13 in,crystal-bowls
MI-CB-W-14,MI-CB-W-14,"Crystal Bowl- White 14""",Crystal Bowls,14 in,crystal-bowls
MI-SB-RFL-B-10.5,MI-SB-RFL-B-10.5,"Singing Bowls - Rustic. - Flower of Life - Blue -10.5""",Flower of Life with Sacred Symbols Singing Bowls,"10.5 in, Blue",flower-of-life-with-sacred-symbols-singing-bowls
MI-SB-RFL-B-9,MI-SB-RFL-B-9,"Singing Bowls - Rustic. - Flower of Life - Blue -9""",Flower of Life with Sacred Symbols Singing Bowls,"Blue, 9 in",flower-of-life-with-sacred-symbols-singing-bowls
MI-SB-RFL-B-8,MI-SB-RFL-B-8,"Singing Bowls - Rustic. - Flower of Life - Blue -8""",Flower of Life with Sacred Symbols Singing Bowls,"8 in, Blue",flower-of-life-with-sacred-symbols-singing-bowls
MI-SB-RFL-O-10.5,MI-SB-RFL-O-10.5,"Singing Bowls - Rustic. - Flower of Life - Olive Green -10.5""",Flower of Life with Sacred Symbols Singing Bowls,"10.5 in, Olive green",flower-of-life-with-sacred-symbols-singing-bowls
MI-SB-RFL-O-9,MI-SB-RFL-O-9,"Singing Bowls - Rustic. - Flower of Life - Olive Green-9""",Flower of Life with Sacred Symbols Singing Bowls,"Olive green, 9 in",flower-of-life-with-sacred-symbols-singing-bowls
MI-SB-RFL-O-8,MI-SB-RFL-O-8,"Singing Bowls - Rustic. - Flower of Life - Olive Green -8""",Flower of Life with Sacred Symbols Singing Bowls,"8 in, Olive green",flower-of-life-with-sacred-symbols-singing-bowls
MI-SB-RFL-G-10.5,MI-SB-RFL-G-10.5,"Singing Bowls - Rustic. - Flower of Life - Green-10.5""",Flower of Life with Sacred Symbols Singing Bowls,"10.5 in, Green",flower-of-life-with-sacred-symbols-singing-bowls
MI-SB-RFL-G-9,MI-SB-RFL-G-9,"Singing Bowls - Rustic. - Flower of Life - Green- -9""",Flower of Life with Sacred Symbols Singing Bowls,"9 in, Green",flower-of-life-with-sacred-symbols-singing-bowls
MI-SB-RFL-G-8,MI-SB-RFL-G-8,"Singing Bowls - Rustic. - Flower of Life - Green--8""",Flower of Life with Sacred Symbols Singing Bowls,"8 in, Green",flower-of-life-with-sacred-symbols-singing-bowls
MI-SB-RFL-BR-10.5,MI-SB-RFL-BR-10.5,"Singing Bowls - Rustic. - Flower of Life - Brown -10.5""",Flower of Life with Sacred Symbols Singing Bowls,"10.5 in, Brown",flower-of-life-with-sacred-symbols-singing-bowls
MI-SB-RFL-BR-9,MI-SB-RFL-BR-9,"Singing Bowls - Rustic. - Flower of Life - Brown -9""",Flower of Life with Sacred Symbols Singing Bowls,"Brown, 9 in",flower-of-life-with-sacred-symbols-singing-bowls
MI-SB-RFL-BR-8,MI-SB-RFL-BR-8,"Singing Bowls - Rustic. - Flower of Life - Brown -8""",Flower of Life with Sacred Symbols Singing Bowls,"8 in, Brown",flower-of-life-with-sacred-symbols-singing-bowls
MI-SB-H-ET-O-C-12,MI-SB-H-ET-O-C-12,"Singing Bowls Handmade Etched -Om-Chakras -12""",Etched Handmade Singing Bowls,"12 in, Om",etched-handmade-singing-bowls
MI-SB-H-ET-O-C-11,MI-SB-H-ET-O-C-11,"Singing Bowls Handmade Etched -Om-Chakras -11""",Etched Handmade Singing Bowls,"Om, 11 in",etched-handmade-singing-bowls
MI-SB-H-ET-O-C-10,MI-SB-H-ET-O-C-10,"Singing Bowls Handmade Etched -Om-Chakras -10""",Etched Handmade Singing Bowls,"10 in, Om",etched-handmade-singing-bowls
MI-SB-H-ET-O-C-9,MI-SB-H-ET-O-C-9,"Singing Bowls Handmade Etched -Om-Chakras -9""",Etched Handmade Singing Bowls,"9 in, Om",etched-handmade-singing-bowls
MI-SB-H-ET-O-C-8,MI-SB-H-ET-O-C-8,"Singing Bowls Handmade Etched -Om-Chakras -8""",Etched Handmade Singing Bowls,"8 in, Om",etched-handmade-singing-bowls
MI-SB-H-ET-O-C-7,MI-SB-H-ET-O-C-7,"Singing Bowls Handmade Etched -Om-Chakras -7""",Etched Handmade Singing Bowls,"7 in, Om",etched-handmade-singing-bowls
Mi-SB-H-P-12,Mi-SB-H-P-12,"Singing Bowls Handmade Polished 12""",Handmade Singing Bowls - All Sizes,"12 in, Polished",handmade-singing-bowls-all-sizes
Mi-SB-H-P-11,Mi-SB-H-P-11,"Singing Bowls Handmade Polished-11""",Handmade Singing Bowls - All Sizes,"Polished, 11 in",handmade-singing-bowls-all-sizes
Mi-SB-H-P-10,Mi-SB-H-P-10,"Singing Bowls Handmade Polished-10""",Handmade Singing Bowls - All Sizes,"10 in, Polished",handmade-singing-bowls-all-sizes
Mi-SB-H-P-9,Mi-SB-H-P-9,"Singing Bowls Handmade Polished 9""",Handmade Singing Bowls - All Sizes,"9 in, Polished",handmade-singing-bowls-all-sizes
Mi-SB-H-P-8,Mi-SB-H-P-8,"Singing Bowls Handmade Polished-8""",Handmade Singing Bowls - All Sizes,"8 in, Polished",handmade-singing-bowls-all-sizes
Mi-SB-H-P-7,Mi-SB-H-P-7,"Singing Bowls Handmade Polished 7""",Handmade Singing Bowls - All Sizes,"7 in, Polished",handmade-singing-bowls-all-sizes
Mi-SB-H-P-6,Mi-SB-H-P-6,"Singing Bowls Handmade Polished-6""",Handmade Singing Bowls - All Sizes,"6 in, Polished",handmade-singing-bowls-all-sizes
Mi-SB-H-P-5,Mi-SB-H-P-5,"Singing Bowls Handmade Polished-5""",Handmade Singing Bowls - All Sizes,"Matte, 5 in",handmade-singing-bowls-all-sizes
MI-SB-H-ET-T-12,MI-SB-H-ET-T-12,"Singing Bowls Handmade Etched -Tara-12""",Etched Handmade Singing Bowls,"Tara, 12 in",etched-handmade-singing-bowls
MI-SB-H-ET-T-11,MI-SB-H-ET-T-11,"Singing Bowls Handmade Etched -Tara-11""",Etched Handmade Singing Bowls,"Tara, 11 in",etched-handmade-singing-bowls
MI-SB-H-ET-T-10,MI-SB-H-ET-T-10,"Singing Bowls Handmade Etched -Tara-10""",Etched Handmade Singing Bowls,"Tara, 10 in",etched-handmade-singing-bowls
MI-SB-H-ET-T-9,MI-SB-H-ET-T-9,"Singing Bowls Handmade Etched -Tara-9""",Etched Handmade Singing Bowls,"Tara, 9 in",etched-handmade-singing-bowls
MI-SB-H-ET-T-8,MI-SB-H-ET-T-8,"Singing Bowls Handmade Etched -Tara-8""",Etched Handmade Singing Bowls,"8 in, Tara",etched-handmade-singing-bowls
MI-SB-H-ET-T-7,MI-SB-H-ET-T-7,"Singing Bowls Handmade Etched -Tara-7""",Etched Handmade Singing Bowls,"Tara, 7 in",etched-handmade-singing-bowls
MI-SB-H-ET-T-6,MI-SB-H-ET-T-6,"Singing Bowls Handmade Etched -Tara-6""",Etched Handmade Singing Bowls,"Tara, 6 in",etched-handmade-singing-bowls
MI-SB-H-ET-BE-12,MI-SB-H-ET-BE-12,"Singing Bowls Handmade Etched -Buddha's Eyes-12""",Etched Handmade Singing Bowls,"12 in, Buddhas Eyes",etched-handmade-singing-bowls
MI-SB-H-ET-BE-11,MI-SB-H-ET-BE-11,"Singing Bowls Handmade Etched -Buddha's Eyes- -11""",Etched Handmade Singing Bowls,"Buddhas Eyes, 11 in",etched-handmade-singing-bowls
MI-SB-H-ET-BE-10,MI-SB-H-ET-BE-10,"Singing Bowls Handmade Etched Buddha's Eyes--10""",Etched Handmade Singing Bowls,"Buddhas Eyes, 10 in",etched-handmade-singing-bowls
MI-SB-H-ET-BE-9,MI-SB-H-ET-BE-9,"Singing Bowls Handmade Etched -Buddha's Eyes- -9""",Etched Handmade Singing Bowls,"Buddhas Eyes, 9 in",etched-handmade-singing-bowls
MI-SB-H-ET-BE-8,MI-SB-H-ET-BE-8,"Singing Bowls Handmade Etched -Buddha's Eyes--8""",Etched Handmade Singing Bowls,"8 in, Buddhas Eyes",etched-handmade-singing-bowls
MI-SB-H-ET-BE-7,MI-SB-H-ET-BE-7,"Singing Bowls Handmade Etched Buddha's Eyes--7""",Etched Handmade Singing Bowls,"7 in, Buddhas Eyes",etched-handmade-singing-bowls
MI-SB-H-ET-BE-6,MI-SB-H-ET-BE-6,"Singing Bowls Handmade Etched -Buddha's Eyes-6""",Etched Handmade Singing Bowls,"6 in, Buddhas Eyes",etched-handmade-singing-bowls
MI-SB-H-FM-13,MI-SB-H-FM-13,"Singing Bowls Handmade Full moon -13""",Full Moon Singing Bowls - All Sizes,13 Inches,full-moon-singing-bowls-all-sizes
MI-SB-H-FM-12,MI-SB-H-FM-12,"Singing Bowls Handmade Full moon -12""",Full Moon Singing Bowls - All Sizes,12 inches,full-moon-singing-bowls-all-sizes
MI-SB-H-FM-11,MI-SB-H-FM-11,"Singing Bowls Handmade Full moon -11""",Full Moon Singing Bowls - All Sizes,11 Inches,full-moon-singing-bowls-all-sizes
MI-SB-H-FM-10,MI-SB-H-FM-10,"Singing Bowls Handmade Full moon -10""",Full Moon Singing Bowls - All Sizes,10 inches,full-moon-singing-bowls-all-sizes
MI-SB-H-FM-9,MI-SB-H-FM-9,"Singing Bowls Handmade Full moon -9""",Full Moon Singing Bowls - All Sizes,9 Inches,full-moon-singing-bowls-all-sizes
MI-SB-H-FM-8,MI-SB-H-FM-8,"Singing Bowls Handmade Full moon -8""",Full Moon Singing Bowls - All Sizes,8 inches,full-moon-singing-bowls-all-sizes
MI-SB-H-FM-7,MI-SB-H-FM-7,"Singing Bowls Handmade Full moon -7""",Full Moon Singing Bowls - All Sizes,7 Inches,full-moon-singing-bowls-all-sizes
MI-SB-H-FM-6,MI-SB-H-FM-6,"Singing Bowls Handmade Full moon -6""",Full Moon Singing Bowls - All Sizes,6 inches,full-moon-singing-bowls-all-sizes
MI-SB-H-FM-5,MI-SB-H-FM-5,"Singing Bowls Handmade Full moon-5""",Full Moon Singing Bowls - All Sizes,5 Inches,full-moon-singing-bowls-all-sizes
MI-SB-7C Set-S-M,MI-SB-7C Set-S-M,Singing Bowls - 7 Chakras set Standard - Matte,Handcrafted Set of 7 Bowls for Sound Therapy,"Standard-Octave 3, Matte",handcrafted-set-of-7-bowls-for-sound-therapy
MI-SB-7C Set-S-EC,MI-SB-7C Set-S-EC,Singing Bowls - 7 Chakras set Standard - Etched Chakras,Handcrafted Set of 7 Bowls for Sound Therapy,"Chakra Etching, Standard-Octave 3",handcrafted-set-of-7-bowls-for-sound-therapy
MI-SB-7C Set-S-FM,MI-SB-7C Set-S-FM,Singing Bowls- 7 Chakras Set Standard - Full Moon,Handcrafted Set of 7 Bowls for Sound Therapy,"Full Moon, Standard-Octave 3",handcrafted-set-of-7-bowls-for-sound-therapy
MI-SB-7C Set-L-M,MI-SB-7C Set-L-M,Singing Bowls - 7 Chakras set Large - Matte,Handcrafted Set of 7 Bowls for Sound Therapy,"Large-Octave 2, Matte",handcrafted-set-of-7-bowls-for-sound-therapy
MI-SB-7C Set-L-EC,MI-SB-7C Set-L-EC,Singing Bowls - 7 Chakras set Large - Etched Chakras,Handcrafted Set of 7 Bowls for Sound Therapy,"Chakra Etching, Large-Octave 2",handcrafted-set-of-7-bowls-for-sound-therapy
MI-SB-7C Set-L-FM,MI-SB-7C Set-L-FM,Singing Bowls- 7 Chakras Set Large Full Moon,Handcrafted Set of 7 Bowls for Sound Therapy,"Full Moon, Large-Octave 2",handcrafted-set-of-7-bowls-for-sound-therapy
MI-G-P-14,MI-G-P-14,"Gong-Plain - 14""",Plain/Wind Tibetan Gong,14 in,plain-wind-tibetan-gong
MI-G-P-16,MI-G-P-16,"Gong-Plain - 16""",Plain/Wind Tibetan Gong,16 in,plain-wind-tibetan-gong
MI-G-P-18,MI-G-P-18,"Gong-Plain - 18""",Plain/Wind Tibetan Gong,18 in,plain-wind-tibetan-gong
MI-G-P-20,MI-G-P-20,"Gong-Plain - 20""",Plain/Wind Tibetan Gong,20 in,plain-wind-tibetan-gong
MI-G-P-22,MI-G-P-22,"Gong-Plain - 22""",Plain/Wind Tibetan Gong,22 in,plain-wind-tibetan-gong
MI-G-P-24,MI-G-P-24,"Gong-Plain - 24""",Plain/Wind Tibetan Gong,24 in,plain-wind-tibetan-gong
MI-G-P-26,MI-G-P-26,"Gong-Plain - 26""",Plain/Wind Tibetan Gong,26 in,plain-wind-tibetan-gong
MI-G-P-28,MI-G-P-28,"Gong-Plain - 28""",Plain/Wind Tibetan Gong,28 in,plain-wind-tibetan-gong
MI-G-ET-FOL1-14,MI-G-ET-FOL1-14,"Gong-Etched Flower of Life 1- 14""",Etched Plain/Wind Gong,"Flower of Life, 14 in",etched-plain-wind-gong
MI-G-ET-FOL1-16,MI-G-ET-FOL1-16,"Gong-Etched Flower of Life 1- 16""",Etched Plain/Wind Gong,"Flower of Life, 16 in",etched-plain-wind-gong
MI-G-ET-FOL1-18,MI-G-ET-FOL1-18,"Gong-Etched Flower of Life 1- 18""",Etched Plain/Wind Gong,"18 in, Flower of Life",etched-plain-wind-gong
MI-G-ET-FOL1-20,MI-G-ET-FOL1-20,"Gong-Etched Flower of Life 1- 20""",Etched Plain/Wind Gong,"Flower of Life, 20 in",etched-plain-wind-gong
MI-G-ET-FOL1-22,MI-G-ET-FOL1-22,"Gong-Etched Flower of Life 1- 22""",Etched Plain/Wind Gong,"Flower of Life, 22 in",etched-plain-wind-gong
MI-G-ET-FOL1-24,MI-G-ET-FOL1-24,"Gong-Etched Flower of Life 1- 24""",Etched Plain/Wind Gong,"Flower of Life, 24 in",etched-plain-wind-gong
MI-G-ET-7C-14,MI-G-ET-7C-14,"Gong-Etched - 7 Chakras - 14""",Etched Plain/Wind Gong,"7 Chakras, 14 in",etched-plain-wind-gong
MI-G-ET-7C-16,MI-G-ET-7C-16,"Gong-Etched - 7 Chakras - 16""",Etched Plain/Wind Gong,"7 Chakras, 16 in",etched-plain-wind-gong
MI-G-ET-7C-18,MI-G-ET-7C-18,"Gong-Etched - 7 Chakras - 18""",Etched Plain/Wind Gong,"18 in, 7 Chakras",etched-plain-wind-gong
MI-G-ET-7C-20,MI-G-ET-7C-20,"Gong-Etched - 7 Chakras - 20""",Etched Plain/Wind Gong,"7 Chakras, 20 in",etched-plain-wind-gong
MI-G-ET-7C-22,MI-G-ET-7C-22,"Gong-Etched - 7 Chakras - 22""",Etched Plain/Wind Gong,"7 Chakras, 22 in",etched-plain-wind-gong
MI-G-ET-7C-24,MI-G-ET-7C-24,"Gong-Etched - 7 Chakras - 24""",Etched Plain/Wind Gong,"7 Chakras, 24 in",etched-plain-wind-gong
MI-G-ET-7C-26,MI-G-ET-7C-26,"Gong-Etched - 7 Chakras - 26""",Etched Plain/Wind Gong,"7 Chakras, 26 in",etched-plain-wind-gong
MI-G-ET-7C-28,MI-G-ET-7C-28,"Gong-Etched - 7 Chakras - 28""",Etched Plain/Wind Gong,"7 Chakras, 28 in",etched-plain-wind-gong
MI-G-ET-M-14,MI-G-ET-M-14,"Gong-Etched - Mandala - 14""",Etched Plain/Wind Gong,"Mandala, 14 in",etched-plain-wind-gong
MI-G-ET-M-16,MI-G-ET-M-16,"Gong-Etched - Mandala - 16""",Etched Plain/Wind Gong,"Mandala, 16 in",etched-plain-wind-gong
MI-G-ET-M-18,MI-G-ET-M-18,"Gong-Etched - Mandala - 18""",Etched Plain/Wind Gong,"18 in, Mandala",etched-plain-wind-gong
MI-G-ET-M-20,MI-G-ET-M-20,"Gong-Etched - Mandala - 20""",Etched Plain/Wind Gong,"Mandala, 20 in",etched-plain-wind-gong
MI-G-ET-M-22,MI-G-ET-M-22,"Gong-Etched - Mandala- 22""",Etched Plain/Wind Gong,"22 in, Mandala",etched-plain-wind-gong
MI-G-ET-M-24,MI-G-ET-M-24,"Gong-Etched - Mandala - 24""",Etched Plain/Wind Gong,"24 in, Mandala",etched-plain-wind-gong
MI-G-ET-M-26,MI-G-ET-M-26,"Gong-Etched - Mandala- 26""",Etched Plain/Wind Gong,"Mandala, 26 in",etched-plain-wind-gong
MI-G-ET-M-28,MI-G-ET-M-28,"Gong-Etched - Mandala - 28""",Etched Plain/Wind Gong,"28 in, Mandala",etched-plain-wind-gong
MI-G-ET-SC-14,MI-G-ET-SC-14,"Gong-Etched - Shakti Chakara - 14""",Etched Plain/Wind Gong,"Shakti Chakra, 14 in",etched-plain-wind-gong
MI-G-ET-SC-16,MI-G-ET-SC-16,"Gong-Etched - Shakti Chakara - 16""",Etched Plain/Wind Gong,"Shakti Chakra, 16 in",etched-plain-wind-gong
MI-G-ET-SC-18,MI-G-ET-SC-18,"Gong-Etched - Shakti Chakara - 18""",Etched Plain/Wind Gong,"18 in, Shakti Chakra",etched-plain-wind-gong
MI-G-ET-SC-20,MI-G-ET-SC-20,"Gong-Etched - Shakti Chakara - 20""",Etched Plain/Wind Gong,"Shakti Chakra, 20 in",etched-plain-wind-gong
MI-G-ET-SC-22,MI-G-ET-SC-22,"Gong-Etched - Shakti Chakara - 22""",Etched Plain/Wind Gong,"Shakti Chakra, 22 in",etched-plain-wind-gong
MI-G-ET-SC-24,MI-G-ET-SC-24,"Gong-Etched - Shakti Chakara - 24""",Etched Plain/Wind Gong,"Shakti Chakra, 24 in",etched-plain-wind-gong
MI-G-ET-SC-26,MI-G-ET-SC-26,"Gong-Etched - Shakti Chakara - 26""",Etched Plain/Wind Gong,"Shakti Chakra, 26 in",etched-plain-wind-gong
MI-G-ET-SC-28,MI-G-ET-SC-28,"Gong-Etched - Shakti Chakara - 28""",Etched Plain/Wind Gong,"Shakti Chakra, 28 in",etched-plain-wind-gong
MI-SB-M-R-S,MI-SB-M-R-S,Mallet Red Straight,Wooden Mallets for Singing Bowls,"Straight, Red",wooden-mallets-for-singing-bowls
MI-SB-M-B-S,MI-SB-M-B-S,Mallet Black Straight,Wooden Mallets for Singing Bowls,"Straight, Black",wooden-mallets-for-singing-bowls
MI-SB-M-B-C,MI-SB-M-B-C,Mallet Black Curved,Wooden Mallets for Singing Bowls,"Black, Curved",wooden-mallets-for-singing-bowls
MI-SB-M-L-R-9,MI-SB-M-L-R-9,"Mallet Long Red-9"" - Soft Head",Wooden Mallets for Singing Bowls,"Red, Long Soft-9""",wooden-mallets-for-singing-bowls
MI-SB-M-L-R-11,MI-SB-M-L-R-11,"Mallet Long Red-11"" - Soft Head",Wooden Mallets for Singing Bowls,"Long Soft-11"", Red",wooden-mallets-for-singing-bowls
MI-SB-M-L-R-13,MI-SB-M-L-R-13,"Mallet Long Red-13""- Soft Head",Wooden Mallets for Singing Bowls,"Red, Long Soft-13""",wooden-mallets-for-singing-bowls
MI-SB-M-L-W-9,MI-SB-M-L-W-9,"Mallet Long White-9"" - Soft Head",Wooden Mallets for Singing Bowls,"White, Long Soft-9""",wooden-mallets-for-singing-bowls
MI-SB-M-L-W-11,MI-SB-M-L-W-11,"Mallet Long White-11"" - Soft Head",Wooden Mallets for Singing Bowls,"White, Long Soft-11""",wooden-mallets-for-singing-bowls
MI-SB-M-L-W-13,MI-SB-M-L-W-13,"Mallet Long White-13""- Soft Head",Wooden Mallets for Singing Bowls,"White, Long Soft-13""",wooden-mallets-for-singing-bowls
MI-SB-C-R-10,MI-SB-C-R-10,Silk RIng Cushions for Singing Bowl-Red-10cms,Singing Bowls Silk Ring Cushion Accessories,"10 cms, Red",singing-bowls-silk-ring-cushion-accessories
MI-SB-C-R-12,MI-SB-C-R-12,Silk RIng Cushions for Singing Bowl-Red-12cms,Singing Bowls Silk Ring Cushion Accessories,"Red, 12 cms",singing-bowls-silk-ring-cushion-accessories
MI-SB-C-R-14,MI-SB-C-R-14,Silk RIng Cushions for Singing Bowl-Red-14cms,Singing Bowls Silk Ring Cushion Accessories,"Red, 14 cms",singing-bowls-silk-ring-cushion-accessories
MI-SB-C-R-16,MI-SB-C-R-16,Silk RIng Cushions for Singing Bowl-Red-16cms,Singing Bowls Silk Ring Cushion Accessories,"Red, 16 cms",singing-bowls-silk-ring-cushion-accessories
MI-SB-C-R-18,MI-SB-C-R-18,Silk RIng Cushions for Singing Bowl-Red-18cms,Singing Bowls Silk Ring Cushion Accessories,"Red, 18 cms",singing-bowls-silk-ring-cushion-accessories
MI-SB-C-R-20,MI-SB-C-R-20,Silk RIng Cushions for Singing Bowl-Red-20 cms,Singing Bowls Silk Ring Cushion Accessories,"Red, 20 cms",singing-bowls-silk-ring-cushion-accessories
MI-SB-C-R-22,MI-SB-C-R-22,Silk RIng Cushions for Singing Bowl-Red-22 cms,Singing Bowls Silk Ring Cushion Accessories,"Red, 22 cms",singing-bowls-silk-ring-cushion-accessories
MI-SB-C-G-10,MI-SB-C-G-10,Silk RIng Cushions for Singing Bowl-Green-10cms,Singing Bowls Silk Ring Cushion Accessories,"10 cms, Green",singing-bowls-silk-ring-cushion-accessories
MI-SB-C-G-12,MI-SB-C-G-12,Silk RIng Cushions for Singing Bowl-Green-12cms,Singing Bowls Silk Ring Cushion Accessories,"10 cms, Green",singing-bowls-silk-ring-cushion-accessories
MI-SB-C-G-14,MI-SB-C-G-14,Silk RIng Cushions for Singing Bowl-Green-14cms,Singing Bowls Silk Ring Cushion Accessories,"14 cms, Green",singing-bowls-silk-ring-cushion-accessories
MI-SB-C-G-16,MI-SB-C-G-16,Silk RIng Cushions for Singing Bowl-Green-16cms,Singing Bowls Silk Ring Cushion Accessories,"16 cms, Green",singing-bowls-silk-ring-cushion-accessories
MI-SB-C-G-18,MI-SB-C-G-18,Silk RIng Cushions for Singing Bowl-Green 18cms,Singing Bowls Silk Ring Cushion Accessories,"18 cms, Green",singing-bowls-silk-ring-cushion-accessories
MI-SB-C-G-20,MI-SB-C-G-20,Silk RIng Cushions for Singing Bowl-Green-20cms,Singing Bowls Silk Ring Cushion Accessories,"20 cms, Green",singing-bowls-silk-ring-cushion-accessories
MI-SB-C-G-22,MI-SB-C-G-22,Silk RIng Cushions for Singing Bowl-Green 22cms,Singing Bowls Silk Ring Cushion Accessories,"22 cms, Green",singing-bowls-silk-ring-cushion-accessories
MI-SB-C-B-10,MI-SB-C-B-10,Silk RIng Cushions for Singing Bowl-Blue-10cms,Singing Bowls Silk Ring Cushion Accessories,"10 cms, Blue",singing-bowls-silk-ring-cushion-accessories
MI-SB-C-B-12,MI-SB-C-B-12,Silk RIng Cushions for Singing Bowl-Blue-12cms,Singing Bowls Silk Ring Cushion Accessories,"Blue, 12 cms",singing-bowls-silk-ring-cushion-accessories
MI-SB-C-B-14,MI-SB-C-B-14,Silk RIng Cushions for Singing Bowl-Blue-14cms,Singing Bowls Silk Ring Cushion Accessories,"Blue, 14 cms",singing-bowls-silk-ring-cushion-accessories
MI-SB-C-B-16,MI-SB-C-B-16,Silk RIng Cushions for Singing Bowl-Blue-16cms,Singing Bowls Silk Ring Cushion Accessories,"16 cms, Blue",singing-bowls-silk-ring-cushion-accessories
MI-SB-C-B-18,MI-SB-C-B-18,Silk RIng Cushions for Singing Bowl-Blue-18cms,Singing Bowls Silk Ring Cushion Accessories,"18 cms, Blue",singing-bowls-silk-ring-cushion-accessories
MI-SB-C-B-20,MI-SB-C-B-20,Silk RIng Cushions for Singing Bowl-Blue-20cms,Singing Bowls Silk Ring Cushion Accessories,"20 cms, Blue",singing-bowls-silk-ring-cushion-accessories
MI-SB-C-B-22,MI-SB-C-B-22,Silk RIng Cushions for Singing Bowl-Blue-22cms,Singing Bowls Silk Ring Cushion Accessories,"22 cms, Blue",singing-bowls-silk-ring-cushion-accessories
MI-SB-C-NB-10,MI-SB-C-NB-10,Silk RIng Cushions for Singing Bowl-Navy Blue-10cms,Singing Bowls Silk Ring Cushion Accessories,"10 cms, Navy Blue",singing-bowls-silk-ring-cushion-accessories
MI-SB-C-NB-12,MI-SB-C-NB-12,Silk RIng Cushions for Singing Bowl-Navy Blue-12cms,Singing Bowls Silk Ring Cushion Accessories,"Navy Blue, 12 cms",singing-bowls-silk-ring-cushion-accessories
MI-SB-C-NB-14,MI-SB-C-NB-14,Silk RIng Cushions for Singing Bowl-Navy Blue-14cms,Singing Bowls Silk Ring Cushion Accessories,"Navy Blue, 14 cms",singing-bowls-silk-ring-cushion-accessories
MI-SB-C-NB-16,MI-SB-C-NB-16,Silk RIng Cushions for Singing Bowl-Navy Blue-16cms,Singing Bowls Silk Ring Cushion Accessories,"16 cms, Navy Blue",singing-bowls-silk-ring-cushion-accessories
MI-SB-C-NB-18,MI-SB-C-NB-18,Silk RIng Cushions for Singing Bowl- Navy Blue-18cms,Singing Bowls Silk Ring Cushion Accessories,"18 cms, Navy Blue",singing-bowls-silk-ring-cushion-accessories
MI-SB-C-NB-20,MI-SB-C-NB-20,Silk RIng Cushions for Singing Bowl-Navy Blue-20cms,Singing Bowls Silk Ring Cushion Accessories,"20 cms, Navy Blue",singing-bowls-silk-ring-cushion-accessories
MI-SB-C-NB-22,MI-SB-C-NB-22,Silk RIng Cushions for Singing Bowl- Navy Blue-22cms,Singing Bowls Silk Ring Cushion Accessories,"22 cms, Navy Blue",singing-bowls-silk-ring-cushion-accessories
MI-SB-C-O-10,MI-SB-C-O-10,Silk RIng Cushions for Singing Bowl-Orange-10cms,Singing Bowls Silk Ring Cushion Accessories,"10 cms, Orange",singing-bowls-silk-ring-cushion-accessories
MI-SB-C-O-12,MI-SB-C-O-12,Silk RIng Cushions for Singing Bowl-Orange-12cms,Singing Bowls Silk Ring Cushion Accessories,"Orange, 12 cms",singing-bowls-silk-ring-cushion-accessories
MI-SB-C-O-14,MI-SB-C-O-14,Silk RIng Cushions for Singing Bowl-Orange-14cms,Singing Bowls Silk Ring Cushion Accessories,"Orange, 14 cms",singing-bowls-silk-ring-cushion-accessories
MI-SB-C-O-16,MI-SB-C-O-16,Silk RIng Cushions for Singing Bowl-Orange-16cms,Singing Bowls Silk Ring Cushion Accessories,"Orange, 16 cms",singing-bowls-silk-ring-cushion-accessories
MI-SB-C-O-18,MI-SB-C-O-18,Silk RIng Cushions for Singing Bowl- Orange 18cms,Singing Bowls Silk Ring Cushion Accessories,"Orange, 18 cms",singing-bowls-silk-ring-cushion-accessories
MI-SB-C-O-20,MI-SB-C-O-20,Silk RIng Cushions for Singing Bowl-Orange-20ms,Singing Bowls Silk Ring Cushion Accessories,"Orange, 20 cms",singing-bowls-silk-ring-cushion-accessories
MI-SB-C-O-22,MI-SB-C-O-22,Silk RIng Cushions for Singing Bowl-Orange-22ms,Singing Bowls Silk Ring Cushion Accessories,"Orange, 22 cms",singing-bowls-silk-ring-cushion-accessories
MI-SB-C-Bn-10,MI-SB-C-Bn-10,Silk RIng Cushions for Singing Bowl-Brown-10cms,Singing Bowls Silk Ring Cushion Accessories,"10 cms, Brown",singing-bowls-silk-ring-cushion-accessories
MI-SB-C-Bn-12,MI-SB-C-Bn-12,Silk RIng Cushions for Singing Bowl-Brown-12cms,Singing Bowls Silk Ring Cushion Accessories,"Brown, 12 cms",singing-bowls-silk-ring-cushion-accessories
MI-SB-C-Bn-14,MI-SB-C-Bn-14,Silk RIng Cushions for Singing Bowl-Brown-14cms,Singing Bowls Silk Ring Cushion Accessories,"Brown, 14 cms",singing-bowls-silk-ring-cushion-accessories
MI-SB-C-Bn-16,MI-SB-C-Bn-16,Silk RIng Cushions for Singing Bowl-Brown-16cms,Singing Bowls Silk Ring Cushion Accessories,"Brown, 16 cms",singing-bowls-silk-ring-cushion-accessories
MI-SB-C-Bn-18,MI-SB-C-Bn-18,Silk RIng Cushions for Singing Bowl-Brown-18cms,Singing Bowls Silk Ring Cushion Accessories,"Brown, 18 cms",singing-bowls-silk-ring-cushion-accessories
MI-SB-C-Bn-20,MI-SB-C-Bn-20,Silk RIng Cushions for Singing Bowl-Brown-20cms,Singing Bowls Silk Ring Cushion Accessories,"Brown, 20 cms",singing-bowls-silk-ring-cushion-accessories
MI-SB-C-Bn-22,MI-SB-C-Bn-22,Silk RIng Cushions for Singing Bowl-Brown-22cms,Singing Bowls Silk Ring Cushion Accessories,"Brown, 22 cms",singing-bowls-silk-ring-cushion-accessories
MI-SB-C-Y-10,MI-SB-C-Y-10,Silk RIng Cushions for Singing Bowl-Yellow-10cms,Singing Bowls Silk Ring Cushion Accessories,"10 cms, Yellow",singing-bowls-silk-ring-cushion-accessories
MI-SB-C-Y-12,MI-SB-C-Y-12,Silk RIng Cushions for Singing Bowl-Yellow 12cms,Singing Bowls Silk Ring Cushion Accessories,"Yellow, 12 cms",singing-bowls-silk-ring-cushion-accessories
MI-SB-C-Y-14,MI-SB-C-Y-14,Silk RIng Cushions for Singing Bowl-Yellow-14cms,Singing Bowls Silk Ring Cushion Accessories,"Yellow, 14 cms",singing-bowls-silk-ring-cushion-accessories
MI-SB-C-Y-16,MI-SB-C-Y-16,Silk RIng Cushions for Singing Bowl-Yellow-16cms,Singing Bowls Silk Ring Cushion Accessories,"Yellow, 16 cms",singing-bowls-silk-ring-cushion-accessories
MI-SB-C-Y-18,MI-SB-C-Y-18,Silk RIng Cushions for Singing Bowl-Yellow-18cms,Singing Bowls Silk Ring Cushion Accessories,"Yellow, 18 cms",singing-bowls-silk-ring-cushion-accessories
MI-SB-C-Y-20,MI-SB-C-Y-20,Silk RIng Cushions for Singing Bowl-Yellow- 20 cms,Singing Bowls Silk Ring Cushion Accessories,"Yellow, 20 cms",singing-bowls-silk-ring-cushion-accessories
MI-SB-C-Y-22,MI-SB-C-Y-22,Silk RIng Cushions for Singing Bowl-Yellow-22 Cms,Singing Bowls Silk Ring Cushion Accessories,"Yellow, 22 cms",singing-bowls-silk-ring-cushion-accessories
MI-SB-C-PK-10,MI-SB-C-PK-10,Silk RIng Cushions for Singing Bowl-Pink-10cms,Singing Bowls Silk Ring Cushion Accessories,"10 cms, Pink",singing-bowls-silk-ring-cushion-accessories
MI-SB-C-PK-12,MI-SB-C-PK-12,Silk RIng Cushions for Singing Bowl-Pink 12cms,Singing Bowls Silk Ring Cushion Accessories,"Pink, 12 cms",singing-bowls-silk-ring-cushion-accessories
MI-SB-C-PK-14,MI-SB-C-PK-14,Silk RIng Cushions for Singing Bowl- Pink 14cms,Singing Bowls Silk Ring Cushion Accessories,"Pink, 14 cms",singing-bowls-silk-ring-cushion-accessories
MI-SB-C-PK-16,MI-SB-C-PK-16,Silk RIng Cushions for Singing Bowl-Pink -16cms,Singing Bowls Silk Ring Cushion Accessories,"16 cms, Pink",singing-bowls-silk-ring-cushion-accessories
MI-SB-C-PK-18,MI-SB-C-PK-18,Silk RIng Cushions for Singing Bowl-Pink-18cms,Singing Bowls Silk Ring Cushion Accessories,"18 cms, Pink",singing-bowls-silk-ring-cushion-accessories
MI-SB-C-PK-20,MI-SB-C-PK-20,Silk RIng Cushions for Singing Bowl-Pink-20 cms,Singing Bowls Silk Ring Cushion Accessories,"20 cms, Pink",singing-bowls-silk-ring-cushion-accessories
MI-SB-C-PK-22,MI-SB-C-PK-22,Silk RIng Cushions for Singing Bowl-Pink-22cms,Singing Bowls Silk Ring Cushion Accessories,"22 cms, Pink",singing-bowls-silk-ring-cushion-accessories
MI-SB-C-BK-10,MI-SB-C-BK-10,Silk RIng Cushions for Singing Bowl-Black-10cms,Singing Bowls Silk Ring Cushion Accessories,"10 cms, Black",singing-bowls-silk-ring-cushion-accessories
MI-SB-C-BK-12,MI-SB-C-BK-12,Silk RIng Cushions for Singing Bowl-Black 12cms,Singing Bowls Silk Ring Cushion Accessories,"Black, 12 cms",singing-bowls-silk-ring-cushion-accessories
MI-SB-C-BK-14,MI-SB-C-BK-14,Silk RIng Cushions for Singing Bowl- Black 14cms,Singing Bowls Silk Ring Cushion Accessories,"Black, 14 cms",singing-bowls-silk-ring-cushion-accessories
MI-SB-C-BK-16,MI-SB-C-BK-16,Silk RIng Cushions for Singing Bowl-Black -16cms,Singing Bowls Silk Ring Cushion Accessories,"Black, 16 cms",singing-bowls-silk-ring-cushion-accessories
MI-SB-C-BK-18,MI-SB-C-BK-18,Silk RIng Cushions for Singing Bowl-Black-18cms,Singing Bowls Silk Ring Cushion Accessories,"Black, 18 cms",singing-bowls-silk-ring-cushion-accessories
MI-SB-C-BK-20,MI-SB-C-BK-20,Silk RIng Cushions for Singing Bowl-Black 20cms,Singing Bowls Silk Ring Cushion Accessories,"Black, 20 cms",singing-bowls-silk-ring-cushion-accessories
MI-SB-C-BK-22,MI-SB-C-BK-22,Silk RIng Cushions for Singing Bowl-Black 22cms,Singing Bowls Silk Ring Cushion Accessories,"Black, 22 cms",singing-bowls-silk-ring-cushion-accessories
MI-XP-W-15,MI-XP-W-15,Wooden Xylophone - 15 Keys,Teak Wood - Stainless Steel Xylophone,15 Keys,teak-wood-stainless-steel-xylophone
MI-XP-SP-1-8,MI-XP-SP-1-8,"Steel Plate Xylophone - 1""- 8 Keys",8 Keys Metallophone - with 1” & 1.5” key-widths,1 inch,8-keys-metallophone-with-1-1-5-key-widths
MI-XP-SP-1.5-8,MI-XP-SP-1.5-8,"Steel Plate Xylophone - 1.5""- 8 Keys",8 Keys Metallophone - with 1” & 1.5” key-widths,1.5 inch,8-keys-metallophone-with-1-1-5-key-widths
MI-SC-6,MI-SC-6,Swinging Chimes- 6 Chimes,Swinging Chimes,6 Bars,swinging-chimes
MI-SC-9,MI-SC-9,Swinging Chimes- 9 Chimes,Swinging Chimes,9 Bars,swinging-chimes
MI-BCH-32,MI-BCH-32,Bar Chime -32,32 Rods - Bar Chime,,32-rods-bar-chime
MI-Ch-KS,MI-Ch-KS,Koshi Chimes,Elemental Chimes,,elemental-chimes
MI-TF-W-432,MI-TF-W-432,Tuning Fork -W-432 Hz,Tuning Fork - Single Weighted & Unweighted,"Weighted, 432 Hz",tuning-fork-single-weighted-unweighted
MI-TF-W-128,MI-TF-W-128,Tuning Fork -W-128 Hz,Tuning Fork - Single Weighted & Unweighted,"Weighted, 128 Hz",tuning-fork-single-weighted-unweighted
MI-TF-W-256,MI-TF-W-256,Tuning Fork -W-256 Hz,Tuning Fork - Single Weighted & Unweighted,"Weighted, 256 Hz",tuning-fork-single-weighted-unweighted
MI-SB-Bag-S,MI-SB-Bag-S,Singing Bowl Bag Small,Singing Bowl Bags,Small,singing-bowl-bags
MI-SB-Bag-M,MI-SB-Bag-M,Singing Bowl Bag Medium,Singing Bowl Bags,Standard,singing-bowl-bags
MI-SB-Bag-L,MI-SB-Bag-L,Singing Bowl Bag Large,Singing Bowl Bags,Large,singing-bowl-bags
MI-Gg-Bag-L,MI-Gg-Bag-L,Gong Bag Large,Gong Bags,Large,gong-bags
MI-Gg-Bag-S,MI-Gg-Bag-S,Gong Bag Small,Gong Bags,Standard,gong-bags
