excel_sku,excel_name,db_sku,product_name,attrs,slug,variant_id,match_method
CB-7CP,Sarveda 7 Chakra Plain Copper Water Bottlle 1 Litre,CB-7CP,7 Chakras Copper Water Bottles,[],7-chakras-copper-water-bottles,45d9981b-b467-4cc1-a187-4ad6042e14ee,sku_exact
CB-7CV,Sarveda 7 Chakra Vintage Copper Water Bottle | 1 Litre,CB-7CV,7 Chakras Copper Water Bottles,[],7-chakras-copper-water-bottles,806512cb-2a81-4a35-aa5e-e983bf58fe4a,sku_exact
CB-CDG,Sarveda Curved Diamond Groove Water Bottle | 1 Litre,CB-CDG,"Grooved, Hammered & Plain Copper Bottle",[],grooved-hammered-plain-copper-bottle,e82dea2f-ce96-4e23-bcb3-2ba19b3a8467,sku_exact
CB-CP,Sarveda Curved Plain Copper Water Bottle | 1 Litre,CB-CP,"Grooved, Hammered & Plain Copper Bottle",[],grooved-hammered-plain-copper-bottle,5492f297-e60f-4f3a-b6e3-17f6cdda10c4,sku_exact
CB-CV,Sarveda Curved Vintage Copper Water Bottle | 1 Litre,CB-CV,"Grooved, Hammered & Plain Copper Bottle",[],grooved-hammered-plain-copper-bottle,5674619d-ee39-4167-a104-f265a9d63fe5,sku_exact
CB-CVDG,Sarveda Curved Vintage Diamond Groove Water Bottle | 1 Litre,CB-CVDG,"Grooved, Hammered & Plain Copper Bottle",[],grooved-hammered-plain-copper-bottle,75391b29-cc1e-4d54-9940-a727d121fb38,sku_exact
CB-CPH,Sarveda Curved Plain Hammered Water Bottle | 1 Litre,CB-CPH,"Grooved, Hammered & Plain Copper Bottle",[],grooved-hammered-plain-copper-bottle,8bbbb929-8632-43f7-8cbb-96efc2fdcf5a,sku_exact
CB-CVH,Sarveda Curved Vintage Hammered Water Bottle | 1 Litre,CB-CVH,"Grooved, Hammered & Plain Copper Bottle",[],grooved-hammered-plain-copper-bottle,b439762b-3837-4fb4-abbb-ecaf080c535b,sku_exact
CB-T,Sarveda Copper Water Bottle | Tattvamasi | 1 Litre,CB-T,Artistically Designed Copper Bottles,[],artistically-designed-copper-bottles,bb5bdd81-921a-448e-9e78-c5b860a4b4b4,sku_exact
CB-HW,Sarveda Copper Water Bottle | True Happiness Lies Within | 1 Litre,CB-HW,Artistically Designed Copper Bottles,[],artistically-designed-copper-bottles,ed4be184-53cb-4a57-8799-9a845f009182,sku_exact
CB-BM,Sarveda Copper Water Bottle | Blue Meditation | 1 Litre,CB-BM,Artistically Designed Copper Bottles,[],artistically-designed-copper-bottles,80668a80-8d97-45b9-9818-f990884fb727,sku_exact
CB-OL,Sarveda Copper Water Bottle | Orange Light | 1 Litre,CB-OL,Artistically Designed Copper Bottles,[],artistically-designed-copper-bottles,f2c5495b-e9f3-4205-8437-eb068072a272,sku_exact
CB-PNT,Sarveda Copper Water Bottle | Pink Noble Thoughts | 1 Litre,CB-PNT,Artistically Designed Copper Bottles,[],artistically-designed-copper-bottles,e02c4544-4320-4ee5-9dbb-eb4d0cfb6ad5,sku_exact
CB-BJ,Sarveda Copper Bedroom Jar,CB-BJ,Ayurvedic Copper Bedroom Jar,[],ayurvedic-copper-bedroom-jar,5deafb97-2c0b-4dc0-beb6-ba4486d5bc0c,sku_exact
CB-HW-.5,Happiness Copper Bottle-white 500Ml,CB-HW-.5,Artistically Designed Copper Bottles,[],artistically-designed-copper-bottles,1e18ba19-29b3-4ec5-8de9-0ad2eff47c36,sku_exact
CB-T-.5,Tatvamassi Copper Bottle-Blue- 500Ml,CB-T-.5,Artistically Designed Copper Bottles,[],artistically-designed-copper-bottles,53c0448e-7b77-4ffc-be70-59d3c304e045,sku_exact
CB-OL-.5,Orange light Copper Bottle 500 Ml,CB-OL-.5,Artistically Designed Copper Bottles,[],artistically-designed-copper-bottles,3bf0edd3-2cf8-4d8d-bdad-2ab8cf542146,sku_exact
CB-PNT-.5,Pink Noble light Copper Bottle 500 Ml,CB-PNT-.5,Artistically Designed Copper Bottles,[],artistically-designed-copper-bottles,15d4eeb6-ad0f-44a4-9d24-11c7e38c8c23,sku_exact
CB-BM-.5,Blue Meditation Copper Bottle .500Ml,CB-BM-.5,Artistically Designed Copper Bottles,[],artistically-designed-copper-bottles,b6d3c275-d8fc-4e7f-b754-048ffef52b7e,sku_exact
CB-7CP-.5,7 Chakras Copper Plain Bottle -500 Ml,CB-7CP-.5,7 Chakras Copper Water Bottles,[],7-chakras-copper-water-bottles,3b666585-a1df-4dab-aaab-3e1cbd378f8f,sku_exact
CB-7CV-.5,7 Chakras Vintage Copper Bottle .500 Ml,CB-7CV-.5,7 Chakras Copper Water Bottles,[],7-chakras-copper-water-bottles,640e4291-f2c2-45f8-a49b-719bbb5f838c,sku_exact
NP-MG-185,Sarveda Ayurvedic Ceramic Jala Neti Pot for Nasal Cleansing | Mint Green,NP-MG-185,Jala Neti Pot - Ceramic 185 ml,[],jala-neti-pot-ceramic-185-ml,eadd7883-19d4-4a5b-9aff-a5378017798e,sku_exact
NP-R-185,Sarveda Ayurvedic Ceramic Jala Neti Pot for Nasal Cleansing | Red,NP-R-185,Jala Neti Pot - Ceramic 185 ml,[],jala-neti-pot-ceramic-185-ml,fc80b7a4-c294-4911-9f6b-fed8caeb6856,sku_exact
NP-B-185,Sarveda Ayurvedic Ceramic Jala Neti Pot for Nasal Cleansing | Blue,NP-B-185,Jala Neti Pot - Ceramic 185 ml,[],jala-neti-pot-ceramic-185-ml,73eb877d-174c-4e75-935a-d9d42c6b0d6f,sku_exact
NP-LY-185,Sarveda Ayurvedic Ceramic Jala Neti Pot for Nasal Cleansing | Lemon Yellow,NP-LY-185,Jala Neti Pot - Ceramic 185 ml,[],jala-neti-pot-ceramic-185-ml,9348483b-b9de-4dd4-a7da-99fa4da97a1b,sku_exact
NP-W-185,Sarveda Ayurvedic Ceramic Jala Neti Pot for Nasal Cleansing | White,NP-W-185,Jala Neti Pot - Ceramic 185 ml,[],jala-neti-pot-ceramic-185-ml,a20250c1-f1a4-4943-9a87-256820976581,sku_exact
Yo-BR-R-RP,Sarveda Yoga Bolster filled with Cotton | Rouge Pink,Yo-BR-R-RP,Round Yoga Bolster,[],round-yoga-bolster,96d4eb9f-bb0f-4577-9733-48b5b85a9b86,sku_exact
Yo-BR-R-RE,Sarveda Yoga Bolster filled with Cotton | Rose,Yo-BR-R-RE,Round Yoga Bolster,[],round-yoga-bolster,98d10cff-a118-489e-9744-c6ab6c4c3309,sku_exact
Yo-BR-R-GY,Sarveda Yoga Bolster filled with Cotton| Grey,Yo-BR-R-GY,Round Yoga Bolster,[],round-yoga-bolster,56d7aed5-14a7-406b-8f9c-944964f94b14,sku_exact
Yo-BR-R-NB,Sarveda Yoga Bolster filled with Cotton | Navy Blue,Yo-BR-R-NB,Round Yoga Bolster,[],round-yoga-bolster,61160edb-7823-435e-8977-d75ca1d935d9,sku_exact
Yo-BR-R-DG,Sarveda Yoga Bolster filled with Cotton | Dark Grey,Yo-BR-R-DG,Round Yoga Bolster,[],round-yoga-bolster,44386d6d-5eeb-4586-9315-957fc9b4b6d8,sku_exact
Yo-BR-R-SE,Sarveda Yoga Bolster filled with Cotton | Sage,Yo-BR-R-SE,Round Yoga Bolster,[],round-yoga-bolster,f7da8ea1-7562-48ab-b57b-7cdebaa53dd3,sku_exact
Yo-BR-R-O,Sarveda Yoga Bolster filled with Cotton | Orange,Yo-BR-R-O,Round Yoga Bolster,[],round-yoga-bolster,6c831daf-ea84-4e47-9071-31de28d83d35,sku_exact
Yo-BR-RE-NB,Sarveda Rectangular Yoga Bolster filled with Cotton | Navy Blue,Yo-BR-RE-NB,Rectangular Yoga Bolster,[],rectangular-yoga-bolster,c4884b86-3b8a-48e6-a4ad-3661b4f967fe,sku_exact
Yo-BR-RE-DG,Sarveda Rectangular Yoga Bolster filled with Cotton | Dark Grey,Yo-BR-RE-DG,Rectangular Yoga Bolster,[],rectangular-yoga-bolster,8d56dd8f-7a4a-4d11-ab05-f032dc0afeb2,sku_exact
Yo-BR-RE-RE,Sarveda Rectangular Yoga Bolster filled with Cotton | Rose,Yo-BR-RE-RE,Rectangular Yoga Bolster,[],rectangular-yoga-bolster,cbca20d8-6f94-406f-924b-a23dff301494,sku_exact
Yo-BR-RE-SE,Sarveda Rectangular Yoga Bolster filled with Cotton | Sage,Yo-BR-RE-SE,Rectangular Yoga Bolster,[],rectangular-yoga-bolster,84409d69-b014-483f-84aa-91235ad0ad91,sku_exact
Yo-BR-RE-RP,Sarveda Rectangular Yoga Bolster filled with Cotton | Rouge Pink,Yo-BR-RE-RP,Rectangular Yoga Bolster,[],rectangular-yoga-bolster,d390ae6a-7f41-4978-843b-9f17593d0306,sku_exact
Yo-BT-C-BW,Sarveda Yoga Blanket | Organic Cotton | Brown,Yo-BT-C-BW,Yoga Blanket made from Organic Cotton,[],yoga-blanket-made-from-organic-cotton,2aafd1e1-56c1-4355-a64e-9cc635ffcccd,sku_exact
Yo-BT-C-MG,Sarveda Yoga Blanket | Organic Cotton | Magenta,Yo-BT-C-MG,Yoga Blanket made from Organic Cotton,[],yoga-blanket-made-from-organic-cotton,f66a13c8-0605-452b-8d82-a4299051d6fb,sku_exact
Yo-BL-D-SB,Sarveda Yoga Belt | Organic Cotton Strap for Stretching | Sky Blue,Yo-BL-D-SB,Yoga Belt/Strap for Sturdy Grip,[],yoga-belt-strap-for-sturdy-grip,fa55b157-b1e5-46e1-9189-11c712a2d7db,sku_exact
Yo-BL-D-BE,Sarveda Yoga Belt | Organic Cotton Strap for Stretching | Beige,Yo-BL-D-BE,Yoga Belt/Strap for Sturdy Grip,[],yoga-belt-strap-for-sturdy-grip,e5559855-2909-4090-a399-778d4ba23b9f,sku_exact
Yo-BL-D-NB,Sarveda Yoga Belt | Organic Cotton Strap for Stretching | Navy Blue,Yo-BL-D-NB,Yoga Belt/Strap for Sturdy Grip,[],yoga-belt-strap-for-sturdy-grip,f56c1b77-3610-485e-ace0-8f4fc95b55a7,sku_exact
Yo-BL-D-RE,Sarveda Yoga Belt | Organic Cotton Strap for Stretching | Rose,Yo-BL-D-RE,Yoga Belt/Strap for Sturdy Grip,[],yoga-belt-strap-for-sturdy-grip,e1b3ad97-f3a7-47b8-9d7d-8d575bdd5b51,sku_exact
Yo-BL-D-GR,Sarveda Yoga Belt | Organic Cotton Strap for Stretching | Green,Yo-BL-D-GR,Yoga Belt/Strap for Sturdy Grip,[],yoga-belt-strap-for-sturdy-grip,327a1ba8-0f4a-4d22-bc60-25b5a1f0cac4,sku_exact
Yo-MC-MS-B,Macarame Yoga Mat Strap | Brown,Yo-MC-MS-B,Macrame Yoga Mat Straps,[],macrame-yoga-mat-straps,d1766f8f-355c-430d-9a38-9d3324e09c2e,sku_exact
Yo-MC-MS-G,Macarame Yoga Mat Strap | Green,Yo-MC-MS-G,Macrame Yoga Mat Straps,[],macrame-yoga-mat-straps,2ab3682d-50a8-45ac-8d71-a565c2448fbc,sku_exact
Yo-MC-MS-DG,Macarame Yoga Mat Strap | Dark Grey,Yo-MC-MS-DG,Macrame Yoga Mat Straps,[],macrame-yoga-mat-straps,75b3df9b-8863-4122-8533-3baeddeaf89c,sku_exact
Yo-MC-MS-O,Macarame Yoga Mat Strap | Orange,Yo-MC-MS-O,Macrame Yoga Mat Straps,[],macrame-yoga-mat-straps,78ec2f18-0d07-43d6-834d-05899bf7d03f,sku_exact
Yo-P-E-SE,"Sarveda Lavender Scented Eye Pillows for Yoga, Meditation and Relaxation | Sage",Yo-P-E-SE,Natural Lavender Scented Eye Pillows,[],natural-lavender-scented-eye-pillows,05ec98b3-24d2-45ae-95a5-aa6f4466beba,sku_exact
Yo-P-E-NB,"Sarveda Lavender Scented Eye Pillows for Yoga, Meditation and Relaxation | Navy Blue",Yo-P-E-NB,Natural Lavender Scented Eye Pillows,[],natural-lavender-scented-eye-pillows,2906411c-da60-4906-aab0-60504ebb5991,sku_exact
Yo-P-E-DG,"Sarveda Lavender Scented Eye Pillows for Yoga, Meditation and Relaxation | Dark Grey",Yo-P-E-DG,Natural Lavender Scented Eye Pillows,[],natural-lavender-scented-eye-pillows,03ce014a-cd09-46c4-ab92-c2137603ee4c,sku_exact
Yo-P-E-GY,"Sarveda Lavender Scented Eye Pillows for Yoga, Meditation and Relaxation | Grey",Yo-P-E-GY,Natural Lavender Scented Eye Pillows,[],natural-lavender-scented-eye-pillows,c8be283d-1322-4029-a6b0-d74b4edf80f0,sku_exact
Yo-P-E-RE,"Sarveda Lavender Scented Eye Pillows for Yoga, Meditation and Relaxation | Rose",Yo-P-E-RE,Natural Lavender Scented Eye Pillows,[],natural-lavender-scented-eye-pillows,c305b9c6-a264-42a6-a363-cf26741cd270,sku_exact
Me-Z-R-MG,Sarveda Round Zafu Meditation and Yoga Cushion | Filled with Cotton | Magenta,Me-Z-R-MG,Zafu Meditation Cushion Plain Filled with Cotton,[],zafu-meditation-cushion-plain-filled-with-cotton,72c35c3b-512b-4dbd-9b34-3916beb0b48c,sku_exact
Me-C-RZ-R-E-L,Sarveda Lotus Embroidered Round Zafu Meditation and Yoga Cushion | Filled with Cotton | Rose,Me-C-RZ-R-E-L,Zafu Meditation Cushion Lotus - Embroidery Filled with Cotton,[],zafu-meditation-cushion-lotus-embroidery-filled-with-cotton,2428e63f-b4b0-4a98-afef-c9b33dcd1454,sku_exact
Me-C-RZ-S-E-L,Sarveda Lotus Embroidered Round Zafu Meditation and Yoga Cushion | Filled with Cotton | Sage,Me-C-RZ-S-E-L,Zafu Meditation Cushion Lotus - Embroidery Filled with Cotton,[],zafu-meditation-cushion-lotus-embroidery-filled-with-cotton,cf0a2424-bd58-4dc8-92c8-4073455ce367,sku_exact
Me-C-RZ-MB-E-L,Sarveda Lotus Embroidered Round Zafu Meditation and Yoga Cushion | Filled with Cotton | Misty Blue,Me-C-RZ-MB-E-L,Zafu Meditation Cushion Lotus - Embroidery Filled with Cotton,[],zafu-meditation-cushion-lotus-embroidery-filled-with-cotton,9b731dc1-3376-430c-af7c-532e6b10b115,sku_exact
Me-C-RZ-LR-E-L,Sarveda Lotus Embroidered Round Zafu Meditation and Yoga Cushion | Filled with Cotton | Lavender,Me-C-RZ-LR-E-L,Zafu Meditation Cushion Lotus - Embroidery Filled with Cotton,[],zafu-meditation-cushion-lotus-embroidery-filled-with-cotton,3e4b73b2-d45e-4f5c-a21a-5012ca1ca130,sku_exact
Me-C-RZ-LG-E-L,Sarveda Lotus Embroidered Round Zafu Meditation and Yoga Cushion | Filled with Cotton | Light Grey,Me-C-RZ-LG-E-L,Zafu Meditation Cushion Lotus - Embroidery Filled with Cotton,[],zafu-meditation-cushion-lotus-embroidery-filled-with-cotton,2a1fa241-9aff-4644-a1c9-840a81f84ed9,sku_exact
Me-C-HZ-RB,Sarveda Hi-Zafu Meditation Cushion filled with Buckwheat Hulls | Royal Blue,Me-C-HZ-RB,Hi-Zafu Meditation Cushion - Filled with Buckwheat,[],hi-zafu-meditation-cushion-filled-with-buckwheat,cb860674-c67b-4c61-ab04-0ba9a74d13de,sku_exact
Me-C-HZ-DG,Sarveda Hi-Zafu Meditation Cushion filled with Buckwheat Hulls | Dark Grey,Me-C-HZ-DG,Hi-Zafu Meditation Cushion - Filled with Buckwheat,[],hi-zafu-meditation-cushion-filled-with-buckwheat,045428cf-5db7-44a9-9f6c-0a0eaf645f9a,sku_exact
Me-C-HZ-RD,Sarveda Hi-Zafu Meditation Cushion filled with Buckwheat Hulls | Red,Me-C-HZ-RD,Hi-Zafu Meditation Cushion - Filled with Buckwheat,[],hi-zafu-meditation-cushion-filled-with-buckwheat,129df515-723a-4b5a-b604-a7bd544894bd,sku_exact
Me-C-HZ-GY,Sarveda Hi-Zafu Meditation Cushion filled with Buckwheat Hulls | Grey,Me-C-HZ-GY,Hi-Zafu Meditation Cushion - Filled with Buckwheat,[],hi-zafu-meditation-cushion-filled-with-buckwheat,5fd04996-bc64-45fa-b6d4-7d26addd3cda,sku_exact
Me-C-HZ-SE,Sarveda Hi-Zafu Meditation Cushion filled with Buckwheat Hulls | Sage,Me-C-HZ-SE,Hi-Zafu Meditation Cushion - Filled with Buckwheat,[],hi-zafu-meditation-cushion-filled-with-buckwheat,8f4b2792-bba4-4467-b640-431f1b7efc7f,sku_exact
Me-C-HZ-LR,Sarveda Hi-Zafu Meditation Cushion filled with Buckwheat Hulls | Lavender,Me-C-HZ-LR,Hi-Zafu Meditation Cushion - Filled with Buckwheat,[],hi-zafu-meditation-cushion-filled-with-buckwheat,7c7720c9-7d29-417a-b4b4-a22938f1beff,sku_exact
Me-C-HZ-I,Sarveda Hi-Zafu Meditation Cushion filled with Buckwheat Hulls | Ivory,Me-C-HZ-I,Hi-Zafu Meditation Cushion - Filled with Buckwheat,[],hi-zafu-meditation-cushion-filled-with-buckwheat,cce1c433-2f27-4d33-87c0-c454fca3f93e,sku_exact
Me-C-HZ-MB,Sarveda Hi-Zafu Meditation Cushion filled with Buckwheat Hulls | Misty Blue,Me-C-HZ-MB,Hi-Zafu Meditation Cushion - Filled with Buckwheat,[],hi-zafu-meditation-cushion-filled-with-buckwheat,7de51e52-0cf8-4aaf-a9c2-e3e1ed0ee187,sku_exact
Me-C-HZ-LG,Sarveda Hi-Zafu Meditation Cushion filled with Buckwheat Hulls | Light Grey,Me-C-HZ-LG,Hi-Zafu Meditation Cushion - Filled with Buckwheat,[],hi-zafu-meditation-cushion-filled-with-buckwheat,3b9d06db-5dcf-46e3-8151-b154bdbdf9b1,sku_exact
Me-C-HZ-NB,Sarveda Hi-Zafu Meditation Cushion filled with Buckwheat Hulls | Navy Blue,Me-C-HZ-NB,Hi-Zafu Meditation Cushion - Filled with Buckwheat,[],hi-zafu-meditation-cushion-filled-with-buckwheat,793c7434-5423-44fc-a805-ba5fdd19d1ca,sku_exact
Me-C-HZ-S-E-L,Sarveda Hi-Zafu Meditation Cushion with Lotus Embroidery filled with Buckwheat Hulls | Sage,Me-C-HZ-S-E-L,Hi-Zafu Meditation Cushion - Embroidered with Lotus,[],hi-zafu-meditation-cushion-embroidered-with-lotus,15db0d07-955c-4072-a5be-ea957f295176,sku_exact
Me-C-HZ-MB-E-L,Sarveda Hi-Zafu Meditation Cushion with Lotus Embroidery filled with Buckwheat Hulls | Misty Blue,Me-C-HZ-MB-E-L,Hi-Zafu Meditation Cushion - Embroidered with Lotus,[],hi-zafu-meditation-cushion-embroidered-with-lotus,f91b2129-255d-4c17-bbd4-65f2b5721def,sku_exact
Me-C-HZ-R-E-L,Sarveda Hi-Zafu Meditation Cushion with Lotus Embroidery filled with Buckwheat Hulls | Rose,Me-C-HZ-R-E-L,Hi-Zafu Meditation Cushion - Embroidered with Lotus,[],hi-zafu-meditation-cushion-embroidered-with-lotus,07a93638-8386-4002-b829-cbc7d8fa446d,sku_exact
Me-C-HZ-LG-E-L,Sarveda Hi-Zafu Meditation Cushion with Lotus Embroidery filled with Buckwheat Hulls | Light Grey,Me-C-HZ-LG-E-L,Hi-Zafu Meditation Cushion - Embroidered with Lotus,[],hi-zafu-meditation-cushion-embroidered-with-lotus,e56183d1-d5a5-4210-bfeb-47b9c0181975,sku_exact
Me-C-HZ-L-E-L,Sarveda Hi-Zafu Meditation Cushion with Lotus Embroidery filled with Buckwheat Hulls | Lavender,Me-C-HZ-L-E-L,Hi-Zafu Meditation Cushion - Embroidered with Lotus,[],hi-zafu-meditation-cushion-embroidered-with-lotus,4826b741-99ff-4bf9-9768-3a952a40b160,sku_exact
Me-C-Zn-NB,Zabuton -Cushion Navy Blue,Me-C-Zn-NB,Zabuton Cushion for Meditation,[],zabuton-cushion-for-meditation,0115db92-7272-4c90-ab3a-a3b79c3c7cda,sku_exact
Me-C-Zn-GY,Zabuton -Cushion Grey,Me-C-Zn-GY,Zabuton Cushion for Meditation,[],zabuton-cushion-for-meditation,655dcc17-1b28-4df1-adb2-9b4fe2d6d79d,sku_exact
Me-C-Zn-LR,Zabuton - Cushion- Lavendar,Me-C-Zn-LR,Zabuton Cushion for Meditation,[],zabuton-cushion-for-meditation,dea0434d-32db-4662-9de0-7598b521f024,sku_exact
Me-C-Zn-LG,Zabuton - Cushion-Light grey,Me-C-Zn-LG,Zabuton Cushion for Meditation,[],zabuton-cushion-for-meditation,7461ad0c-fb10-4eea-b178-796513332963,sku_exact
Me-C-Zn-MB,Zabuton -Cushion -Misty Blue,Me-C-Zn-MB,Zabuton Cushion for Meditation,[],zabuton-cushion-for-meditation,42de0815-86c3-4e42-94cf-5172c4ddd1fe,sku_exact
IS-7C-S,7 Chakara Incense Sticks Set with Stand,IS-7C-S,7 Chakras Mystical Incense Sticks Set,[],7-chakras-mystical-incense-sticks-set,df0b7170-7d92-4245-bb49-2332a141112c,sku_exact
IS-7C,7 Chakara Incense Sticks Set,IS-7C,7 Chakras Mystical Incense Sticks Set,[],7-chakras-mystical-incense-sticks-set,c00fe983-d949-4c64-9e87-f3e48bbff299,sku_exact
IS-L-12,Pure Lavender Incense Sticks for the Third Eye or Ajna Chakra,IS-L-12,7 Chakras Mystical Incense Sticks Set,[],7-chakras-mystical-incense-sticks-set,25c52bbf-aa2b-480a-8e3e-571e68413bd0,sku_exact
IS-S-12,Pure Sandalwood for the Root Charka or Mooladhara,IS-S-12,7 Chakras Mystical Incense Sticks Set,[],7-chakras-mystical-incense-sticks-set,1f44bfc2-8a67-4897-8790-7ddd6258f2c9,sku_exact
IS-M-12,Pure Musk for the Sacral Chakra or Svadisthana,IS-M-12,7 Chakras Mystical Incense Sticks Set,[],7-chakras-mystical-incense-sticks-set,730c9f0c-cfc5-4544-8242-b9537c90e98d,sku_exact
IS-F-12,Pure Frankincense for the Crown or Sahasrara Chakra,IS-F-12,7 Chakras Mystical Incense Sticks Set,[],7-chakras-mystical-incense-sticks-set,96cac209-052c-4b07-987f-7c92bd3e5550,sku_exact
IS-C-12,Pure Citronella for the Solar plexus or Manipura chakra,IS-C-12,7 Chakras Mystical Incense Sticks Set,[],7-chakras-mystical-incense-sticks-set,c82a13d0-c39c-4e03-aa51-40e3f9187ec2,sku_exact
IS-E-12,Pure Eucalyptus for the throat or Vishuddha Chakra,IS-E-12,7 Chakras Mystical Incense Sticks Set,[],7-chakras-mystical-incense-sticks-set,786beee5-158e-4110-aef1-f6d6f4113218,sku_exact
IS-R-12,Pure Rose for the heart or Anahata Chakra,IS-R-12,7 Chakras Mystical Incense Sticks Set,[],7-chakras-mystical-incense-sticks-set,2e60b105-10eb-4dcb-b0ae-bba10bfe6e67,sku_exact
MI-CS-R,Sarveda Mini Natural Handmade Coconut Shaker | Round Shape,MI-CS-R,Mini Coconut Shakers - 3 Types,[],mini-coconut-shakers-3-types,4e9aeabe-3780-456a-be8c-843cbcb66c7d,sku_exact
MI-CS-S,Sarveda Mini Natural Handmade Coconut Shaker | Square Shape,MI-CS-S,Mini Coconut Shakers - 3 Types,[],mini-coconut-shakers-3-types,1433b1fa-bacb-4b38-ad53-d52940b00641,sku_exact
MI-CS-E,Sarveda Mini Natural Handmade Coconut Shaker | Eye Shape,MI-CS-E,Mini Coconut Shakers - 3 Types,[],mini-coconut-shakers-3-types,ef2a4963-e4bd-493f-8c97-25c78a1a752e,sku_exact
MI-CS-H,Sarveda Mini Natural Handmade Coconut Shaker | Handheld,MI-CS-H,Handheld Natural Coconut Shaker,[],handheld-natural-coconut-shaker,e3494886-d943-41ca-9760-29829cd8492a,sku_exact
MI-ES-H,Egg Shaker Plain with Handle,MI-ES-H,Egg Shaker with Handle,[],egg-shaker-with-handle,3c384fe6-6080-4e6d-88a9-9aa07e32ae0a,sku_exact
MI-KR-S-L,Kenari Seed Shaker Large,MI-KR-S-L,Kenari Seed Shell Shakers,[],kenari-seed-shell-shakers,e4b84cb2-a509-4d4c-bfcb-bb6418e310ac,sku_exact
MI-KR-S-S,Kenari Seed Shaker Small,MI-KR-S-S,Kenari Seed Shell Shakers,[],kenari-seed-shell-shakers,f6134b50-d791-4dcf-a616-8a8dff4e6ef7,sku_exact
MI-KR-BT,Kenari Bracelt,MI-KR-BT,Kenari Bracelet,[],kenari-bracelet,53c541f7-f380-415c-ac47-c7d86ac20ae0,sku_exact
MI-CN-B,Bambboo castanet,MI-CN-B,Bamboo Castanet,[],bamboo-castanet,bb1f3d9f-68a6-424d-8442-ece26de4b981,sku_exact
MI-CR,Coconut Rattle,MI-CR,Coconut Rattle,[],coconut-rattle,6f51c6ab-9ca5-418b-b377-97d57429ef5e,sku_exact
MI-PS,Pangi Seed Shaker,MI-PS,Pangi Seed Shell Rattle,[],pangi-seed-shell-rattle,4824c698-a5e2-4577-a722-005f22d77646,sku_exact
Mi-CX-M-N,Caxixi Medium Natural,Mi-CX-M-N,Caxixi,[],caxixi,e59d87b2-9b05-4548-bc78-e53580fc549d,sku_exact
MI-WF-S,Musical Wooden Frog- Standard,MI-WF-S,Musical Wooden Frog,[],musical-wooden-frog,5df734a6-b394-4192-872e-e82db48a5213,sku_exact
MI-WF-L,Musical Wooden Frog- Large,MI-WF-L,Musical Wooden Frog,[],musical-wooden-frog,ae449268-e0de-4da6-a8f6-89d3172116d8,sku_exact
MI-KCS-DP,Sarveda Kalimba 7 keys- Dot Painted,MI-KCS-DP,7-Key Kalimba Made from Coconut Shell - Painted & Plain,[],7-key-kalimba-made-from-coconut-shell-painted-plain,96fb8286-c063-4398-aa32-afed71b318cc,sku_exact
MI-BB-2,Buddhist Bell- Small - 2 in,MI-BB-2,Tibetan Buddhist Bell,[],tibetan-buddhist-bell,e4c388a6-fd57-4e89-9b33-8b72f5c9d2e1,sku_exact
MI-BB-3,Buddhist Bell -Medium 3 in,MI-BB-3,Tibetan Buddhist Bell,[],tibetan-buddhist-bell,bc6a2d1b-a49f-4b87-ba2a-a251c924953c,sku_exact
MI-BB-3.5,Buddhist Bell - Large 3.5in,MI-BB-3.5,Tibetan Buddhist Bell,[],tibetan-buddhist-bell,fa4a16de-9d52-4f0d-b49d-7a99c4af102f,sku_exact
MI-OD-P-30,Ocean Drum Plain 30 Cms,MI-OD-P-30,Ocean Drums,[],ocean-drums,99ce8fc6-27bc-48d6-8c6d-9372d16b19e2,sku_exact
MI-OD-P-35,Ocean Drum Plain 35 Cms,MI-OD-P-35,Ocean Drums,[],ocean-drums,b21847ae-c99b-4098-87d4-24cfd32d133c,sku_exact
MI-OD-P-40,Ocean Drum Plain 40 Cms,MI-OD-P-40,Ocean Drums,[],ocean-drums,bd7583e2-5f90-4272-b648-54726096a9e8,sku_exact
MI-SD-P-30,Shamanic Drums Plain -30Cm,MI-SD-P-30,Shamanic Drum,[],shamanic-drum,7b707a9e-ce7f-45eb-a55f-f7ffe1eeeda8,sku_exact
MI-SD-P-40,Shamanic Drums Plain -40 Cm,MI-SD-P-40,Shamanic Drum,[],shamanic-drum,d0caf045-5ca3-4b5f-9cfa-9df07b6889d7,sku_exact
MI-SD-P-45,Shamanic Drums Plain -45 Cm,MI-SD-P-45,Shamanic Drum,[],shamanic-drum,00026ef6-a187-4a08-bda7-530178bebe10,sku_exact
MI-SD-B-30,Shamanic Drums Butterfly -30Cm,MI-SD-B-30,Shamanic Drum,[],shamanic-drum,9ab8cfd1-437c-436f-93aa-e8e4a5a4d208,sku_exact
MI-SD-B-40,Shamanic Drums Butterfly-40 Cm,MI-SD-B-40,Shamanic Drum,[],shamanic-drum,8d65659f-1834-43bf-95df-8ae3419ad8d2,sku_exact
MI-SD-B-45,Shamanic Drums Butterfly -45 Cm,MI-SD-B-45,Shamanic Drum,[],shamanic-drum,a884ea47-7e0c-4843-bea8-e90d3e1d7ce7,sku_exact
MI-TD-6.3-Y,Tongue Drum-6.3 inches- Yellow,MI-TD-6.3-Y,Mini Tongue Drum,[],mini-tongue-drum,37cb2e1f-8c6a-43a4-926d-a401ec50fb52,sku_exact
MI-TD-6.3-P,Tongue Drum-6.3 inches-Purple,MI-TD-6.3-P,Mini Tongue Drum,[],mini-tongue-drum,af0465b4-7323-4dfb-bb21-c8e1e51e1ea6,sku_exact
MI-TD-6.3-G,Tongue Drum-6.3 inches-Green,MI-TD-6.3-G,Mini Tongue Drum,[],mini-tongue-drum,d78cc5b3-e86a-4b7b-8072-182a4c7e8f76,sku_exact
MI-TD-6.3-B,Tongue Drum-6.3 inches-Blue,MI-TD-6.3-B,Mini Tongue Drum,[],mini-tongue-drum,127e4191-3478-409a-b30f-84fa15580391,sku_exact
MI-DG-S-G,S Shaped Digeredoo - Green,MI-DG-S-G,S-Shaped Didgeridoo,[],s-shaped-didgeridoo,4598dce2-14d3-4cb0-a1be-24baf8b0e157,sku_exact
MI-DG-S-R,S Shaped Digeredoo - Red,MI-DG-S-R,S-Shaped Didgeridoo,[],s-shaped-didgeridoo,a8c6dc83-3032-40f8-bd2b-5e551b545d4b,sku_exact
MI-DG-S-B,S Shaped Digeredoo - Blue,MI-DG-S-B,S-Shaped Didgeridoo,[],s-shaped-didgeridoo,3c097606-0843-4561-b32a-86e98c56c17d,sku_exact
MI-DG-SP-G,Didgeredoo Spiral - Green,MI-DG-SP-G,Spiral/Snake Didgeridoo,[],spiral-snake-didgeridoo,69564ca6-c468-4e5c-85d5-b0e1df24acfc,sku_exact
MI-DG-SP-R,Didgeredoo Spiral - Red,MI-DG-SP-R,Spiral/Snake Didgeridoo,[],spiral-snake-didgeridoo,14f48be8-b6a8-4e8f-ae9b-7a7a80deeb60,sku_exact
MI-SB-RB-7,Sarveda Rustic Blue Mantra Singing Bowl | 7 Inches,MI-SB-RB-7,Singing Bowl with Mantra - Rustic Blue Colour,[],singing-bowl-with-mantra-rustic-blue-colour,2038bf11-a6ed-4d25-86f8-904d302b5b85,sku_exact
MI-SB-RB-6,Sarveda Rustic Blue Mantra Singing Bowl | 6 Inches,MI-SB-RB-6,Singing Bowl with Mantra - Rustic Blue Colour,[],singing-bowl-with-mantra-rustic-blue-colour,9eecb7d6-77d6-429f-b235-12215aed49e4,sku_exact
MI-SB-P-W-5.5,Sacred Mantra Bowls | 5.5 Inches | Gold,MI-SB-P-W-5.5,Singing Bowls with Sacred Mantra Printed,[],singing-bowls-with-sacred-mantra-printed,77fe6976-8c1e-46b1-b88f-bc48fb0b39cc,sku_exact
MI-SB-P-W-4,Sacred Mantra Bowls | 4 Inches | Gold,MI-SB-P-W-4,Singing Bowls with Sacred Mantra Printed,[],singing-bowls-with-sacred-mantra-printed,a476ff20-8873-4e32-a315-e014ec549145,sku_exact
MI-SB-P-W-3.5,Sacred Mantra Bowls | 3.5 Inches | Gold,MI-SB-P-W-3.5,Singing Bowls with Sacred Mantra Printed,[],singing-bowls-with-sacred-mantra-printed,7c48fb7b-be14-4323-9adf-d177c12a6817,sku_exact
MI-SB-P-G-5.5,Sacred Mantra Bowls | 5.5 Inches | Green,MI-SB-P-G-5.5,Singing Bowls with Sacred Mantra Printed,[],singing-bowls-with-sacred-mantra-printed,85e0295a-67d2-4d4e-812e-100436a7dba2,sku_exact
MI-SB-P-G-4,Sacred Mantra Bowls | 4 Inches | Green,MI-SB-P-G-4,Singing Bowls with Sacred Mantra Printed,[],singing-bowls-with-sacred-mantra-printed,adc0155a-3c32-4037-ae6d-6f09f0ff7b54,sku_exact
MI-SB-P-G-3.5,Sacred Mantra Bowls | 3.5 Inches | Green,MI-SB-P-G-3.5,Singing Bowls with Sacred Mantra Printed,[],singing-bowls-with-sacred-mantra-printed,0a71edc8-5f2a-46e5-83cb-f59598f5c97a,sku_exact
MI-SB-P-R-5.5,Sacred Mantra Bowls | 5.5 Inches | Red,MI-SB-P-R-5.5,Singing Bowls with Sacred Mantra Printed,[],singing-bowls-with-sacred-mantra-printed,ee6bbe41-0d68-4d27-ba00-fd108d18ac63,sku_exact
MI-SB-P-R-4,Sacred Mantra Bowls | 4 Inches | Red,MI-SB-P-R-4,Singing Bowls with Sacred Mantra Printed,[],singing-bowls-with-sacred-mantra-printed,1343337b-0d06-4675-8216-73d77fb26eed,sku_exact
MI-SB-P-R-3.5,Sacred Mantra Bowls | 3.5 Inches | Red,MI-SB-P-R-3.5,Singing Bowls with Sacred Mantra Printed,[],singing-bowls-with-sacred-mantra-printed,89501be8-b88a-4a77-95f7-bb34c88592f0,sku_exact
MI-SB-P-BK-5.5,Sacred Mantra Bowls | 5.5 Inches | Black,MI-SB-P-BK-5.5,Singing Bowls with Sacred Mantra Printed,[],singing-bowls-with-sacred-mantra-printed,77b3f819-2c04-4149-b935-4d961b7c4e97,sku_exact
MI-SB-P-BK-4,Sacred Mantra Bowls | 4 Inches | Black,MI-SB-P-BK-4,Singing Bowls with Sacred Mantra Printed,[],singing-bowls-with-sacred-mantra-printed,3c5c6e4f-f77c-4832-bbfc-4bb6a9654678,sku_exact
MI-SB-P-B-5.5,Sacred Mantra Bowls | 5.5 Inches | Blue,MI-SB-P-B-5.5,Singing Bowls with Sacred Mantra Printed,[],singing-bowls-with-sacred-mantra-printed,896ec635-03cb-4c5b-ab4a-31f2ddc58655,sku_exact
MI-SB-P-B-4,Sacred Mantra Bowls | 4 Inches | Blue,MI-SB-P-B-4,Singing Bowls with Sacred Mantra Printed,[],singing-bowls-with-sacred-mantra-printed,c2fd5452-0023-4adb-93fb-9bf648f178b3,sku_exact
MI-SB-P-B-3.5,Sacred Mantra Bowls | 3.5 Inches | Blue,MI-SB-P-B-3.5,Singing Bowls with Sacred Mantra Printed,[],singing-bowls-with-sacred-mantra-printed,9bf34f6b-d3cf-4ec9-9892-7df549e0a9b5,sku_exact
MI-SB-P-SS-BK-5.5,"Sacred Symbol Black -5.5""",MI-SB-P-SS-BK-5.5,Sacred Symbols Singing Bowls,[],sacred-symbols-singing-bowls,6745d204-a9d8-4556-9b97-83c2796cb240,sku_exact
MI-SB-P-SS-BK-4,"Sacred Symbol Black -4""",MI-SB-P-SS-BK-4,Sacred Symbols Singing Bowls,[],sacred-symbols-singing-bowls,24cf54be-df8b-427d-a1af-85620eec835f,sku_exact
MI-SB-P-SS-BK-3.5,"SacredSymbolBlack -3.5""",MI-SB-P-SS-BK-3.5,Sacred Symbols Singing Bowls,[],sacred-symbols-singing-bowls,0ad8617d-a9ee-4d34-9d3f-079cfd2bb9a5,sku_exact
MI-SB-P-SS-B-5.5,"Sacred Symbol Blue -5.5""",MI-SB-P-SS-B-5.5,Sacred Symbols Singing Bowls,[],sacred-symbols-singing-bowls,f232ba58-7196-4187-b13d-da5b9524dca3,sku_exact
MI-SB-P-SS-B-4,"Sacred Symbol Blue-4""",MI-SB-P-SS-B-4,Sacred Symbols Singing Bowls,[],sacred-symbols-singing-bowls,0dc390f0-34ef-48e8-a7fb-38bfa1ae7b81,sku_exact
MI-SB-P-SS-B-3.5,"Sacred Symbol Blue-3.5""",MI-SB-P-SS-B-3.5,Sacred Symbols Singing Bowls,[],sacred-symbols-singing-bowls,7629e054-6fb7-4fe9-a8af-9219d5c1e663,sku_exact
MI-SB-P-SS-R-5.5,"Sacred Symbol Red-5.5""",MI-SB-P-SS-R-5.5,Sacred Symbols Singing Bowls,[],sacred-symbols-singing-bowls,1db3626b-c4a6-43dd-bcad-39cccf494b28,sku_exact
MI-SB-P-SS-R-4,"Sacred Symbol Red -4""",MI-SB-P-SS-R-4,Sacred Symbols Singing Bowls,[],sacred-symbols-singing-bowls,eb5779de-7a6a-4fb4-84e6-877ab3911c11,sku_exact
MI-SB-P-SS-R-3.5,"SacredSymbol Red -3.5""",MI-SB-P-SS-R-3.5,Sacred Symbols Singing Bowls,[],sacred-symbols-singing-bowls,ea36e52d-03a0-429c-b3be-abd30636b842,sku_exact
MI-SB-P-SS-G-5.5,"Sacred Symbol Green -5.5""",MI-SB-P-SS-G-5.5,Sacred Symbols Singing Bowls,[],sacred-symbols-singing-bowls,6ae0c316-1e4e-45dd-9ada-48d17b32ec37,sku_exact
MI-SB-P-SS-G-4,"Sacred Symbol Green -4""",MI-SB-P-SS-G-4,Sacred Symbols Singing Bowls,[],sacred-symbols-singing-bowls,7e0080c2-b9da-48ac-b175-adbccb123530,sku_exact
MI-SB-P-SS-G-3.5,"Sacred Symbol Green -3.5""",MI-SB-P-SS-G-3.5,Sacred Symbols Singing Bowls,[],sacred-symbols-singing-bowls,86d6086a-d612-468e-8e67-a6f6b4b93eb3,sku_exact
MI-SB-P-SS-Y-5.5,"Sacred Symbol Yellow -5.5""",MI-SB-P-SS-Y-5.5,Sacred Symbols Singing Bowls,[],sacred-symbols-singing-bowls,83abe98d-0fd9-419e-ab51-3d8c73d28366,sku_exact
MI-SB-P-SS-Y-4,"Sacred Symbol Yellow -4""",MI-SB-P-SS-Y-4,Sacred Symbols Singing Bowls,[],sacred-symbols-singing-bowls,9851daf0-c116-485a-bac4-7c8155f7f7fd,sku_exact
MI-SB-P-SS-Y-3.5,"Sacred Symbol Yellow-3.5""",MI-SB-P-SS-Y-3.5,Sacred Symbols Singing Bowls,[],sacred-symbols-singing-bowls,74a34b23-66fc-4891-ac44-04f0455e14de,sku_exact
MI-SB-H-5.5,"Hammered Singing Bowl | 5.5""",MI-SB-H-5.5,Dotted Singing Bowl,[],dotted-singing-bowl,127601de-e5f6-4576-92bb-fe33371d4fc1,sku_exact
MI-SB-H-4,"Hammered Singing Bowl | 4""",MI-SB-H-4,Dotted Singing Bowl,[],dotted-singing-bowl,aa945852-dd52-48b0-83e9-cd39c30b9d2c,sku_exact
MI-SB-DH-5.5,"Deep Hammered Singing Bowl | 5.5""",MI-SB-DH-5.5,Dotted Singing Bowl,[],dotted-singing-bowl,8f3cda8c-86a0-44e9-bb0e-b934893d6907,sku_exact
MI-CB-W-6,"Crystal Bowl- White 6""",MI-CB-W-6,Crystal Bowls,[],crystal-bowls,84ae4161-0c18-49f8-a425-3ad25ba7cbc3,sku_exact
MI-CB-W-7,"Crystal Bowl- White 7""",MI-CB-W-7,Crystal Bowls,[],crystal-bowls,43c35970-94d5-460d-a9a9-dd483312ea96,sku_exact
MI-CB-W-8,"Crystal Bowl- White 8""",MI-CB-W-8,Crystal Bowls,[],crystal-bowls,3c94fdeb-83ee-42d0-97c3-087236683016,sku_exact
MI-CB-W-9,"Crystal Bowl- White 9""",MI-CB-W-9,Crystal Bowls,[],crystal-bowls,25344ed4-3676-4573-9126-45e38f18bc6d,sku_exact
MI-CB-W-10,"Crystal Bowl- White 10""",MI-CB-W-10,Crystal Bowls,[],crystal-bowls,9b1ccd65-eb58-4356-bf8b-7cef017fd97d,sku_exact
MI-CB-W-11,"Crystal Bowl- White 11""",MI-CB-W-11,Crystal Bowls,[],crystal-bowls,4078a27e-c01f-4ffd-b389-b5338367cef5,sku_exact
MI-CB-W-12,"Crystal Bowl- White 12""",MI-CB-W-12,Crystal Bowls,[],crystal-bowls,ef7d289f-2c58-4a4e-88a9-0c568a8628ee,sku_exact
MI-CB-W-13,"Crystal Bowl- White 13""",MI-CB-W-13,Crystal Bowls,[],crystal-bowls,909d6cda-025f-4ffd-b510-c6d210a78803,sku_exact
MI-CB-W-14,"Crystal Bowl- White 14""",MI-CB-W-14,Crystal Bowls,[],crystal-bowls,1a05c6a9-55e8-4b23-b937-e562dc5d6260,sku_exact
MI-SB-RFL-B-10.5,"Singing Bowls - Rustic. - Flower of Life - Blue -10.5""",MI-SB-RFL-B-10.5,Flower of Life with Sacred Symbols Singing Bowls,[],flower-of-life-with-sacred-symbols-singing-bowls,d2b27dcf-bbfe-43ee-be0b-f61ff548770d,sku_exact
MI-SB-RFL-B-9,"Singing Bowls - Rustic. - Flower of Life - Blue -9""",MI-SB-RFL-B-9,Flower of Life with Sacred Symbols Singing Bowls,[],flower-of-life-with-sacred-symbols-singing-bowls,97acf109-246c-4978-bde3-9bb64f5c2619,sku_exact
MI-SB-RFL-B-8,"Singing Bowls - Rustic. - Flower of Life - Blue -8""",MI-SB-RFL-B-8,Flower of Life with Sacred Symbols Singing Bowls,[],flower-of-life-with-sacred-symbols-singing-bowls,a703fab9-509a-4d31-aac8-50fc235b47d6,sku_exact
MI-SB-RFL-O-10.5,"Singing Bowls - Rustic. - Flower of Life - Olive Green -10.5""",MI-SB-RFL-O-10.5,Flower of Life with Sacred Symbols Singing Bowls,[],flower-of-life-with-sacred-symbols-singing-bowls,e519caf9-64be-415c-b421-c9163d5420c7,sku_exact
MI-SB-RFL-O-9,"Singing Bowls - Rustic. - Flower of Life - Olive Green-9""",MI-SB-RFL-O-9,Flower of Life with Sacred Symbols Singing Bowls,[],flower-of-life-with-sacred-symbols-singing-bowls,eec649b9-16ea-447e-871d-6eadea557627,sku_exact
MI-SB-RFL-O-8,"Singing Bowls - Rustic. - Flower of Life - Olive Green -8""",MI-SB-RFL-O-8,Flower of Life with Sacred Symbols Singing Bowls,[],flower-of-life-with-sacred-symbols-singing-bowls,feb11b8b-14f0-4b18-af23-4944670675e2,sku_exact
MI-SB-RFL-G-10.5,"Singing Bowls - Rustic. - Flower of Life - Green-10.5""",MI-SB-RFL-G-10.5,Flower of Life with Sacred Symbols Singing Bowls,[],flower-of-life-with-sacred-symbols-singing-bowls,32df8a42-e752-4513-b13f-18c115144563,sku_exact
MI-SB-RFL-G-9,"Singing Bowls - Rustic. - Flower of Life - Green- -9""",MI-SB-RFL-G-9,Flower of Life with Sacred Symbols Singing Bowls,[],flower-of-life-with-sacred-symbols-singing-bowls,4bafdc47-71e1-4e7e-88ba-7e05559e61d6,sku_exact
MI-SB-RFL-G-8,"Singing Bowls - Rustic. - Flower of Life - Green--8""",MI-SB-RFL-G-8,Flower of Life with Sacred Symbols Singing Bowls,[],flower-of-life-with-sacred-symbols-singing-bowls,89a8cbbb-e8e2-470e-a7d4-f0906493ae30,sku_exact
MI-SB-RFL-BR-10.5,"Singing Bowls - Rustic. - Flower of Life - Brown -10.5""",MI-SB-RFL-BR-10.5,Flower of Life with Sacred Symbols Singing Bowls,[],flower-of-life-with-sacred-symbols-singing-bowls,2ed623fd-365f-4d9a-956c-3b33b241e63b,sku_exact
MI-SB-RFL-BR-9,"Singing Bowls - Rustic. - Flower of Life - Brown -9""",MI-SB-RFL-BR-9,Flower of Life with Sacred Symbols Singing Bowls,[],flower-of-life-with-sacred-symbols-singing-bowls,36629aef-3b94-4693-a177-96480ac4482a,sku_exact
MI-SB-RFL-BR-8,"Singing Bowls - Rustic. - Flower of Life - Brown -8""",MI-SB-RFL-BR-8,Flower of Life with Sacred Symbols Singing Bowls,[],flower-of-life-with-sacred-symbols-singing-bowls,6a440a57-e76a-48c1-a4fa-fe01982d2b56,sku_exact
MI-SB-H-ET-O-C-12,"Singing Bowls Handmade Etched -Om-Chakras -12""",MI-SB-H-ET-O-C-12,Etched Handmade Singing Bowls,[],etched-handmade-singing-bowls,12949866-a47a-4753-af4c-faa222fd74bf,sku_exact
MI-SB-H-ET-O-C-11,"Singing Bowls Handmade Etched -Om-Chakras -11""",MI-SB-H-ET-O-C-11,Etched Handmade Singing Bowls,[],etched-handmade-singing-bowls,43273d74-9050-4b27-8e50-6acda33a6ecc,sku_exact
MI-SB-H-ET-O-C-10,"Singing Bowls Handmade Etched -Om-Chakras -10""",MI-SB-H-ET-O-C-10,Etched Handmade Singing Bowls,[],etched-handmade-singing-bowls,bd3fc6fd-b248-4d06-9d1e-5b18f96d716c,sku_exact
MI-SB-H-ET-O-C-9,"Singing Bowls Handmade Etched -Om-Chakras -9""",MI-SB-H-ET-O-C-9,Etched Handmade Singing Bowls,[],etched-handmade-singing-bowls,6763112e-a3b3-41ce-869a-39d748a7da22,sku_exact
MI-SB-H-ET-O-C-8,"Singing Bowls Handmade Etched -Om-Chakras -8""",MI-SB-H-ET-O-C-8,Etched Handmade Singing Bowls,[],etched-handmade-singing-bowls,ee8801df-5560-4318-9684-64a26eed4aba,sku_exact
MI-SB-H-ET-O-C-7,"Singing Bowls Handmade Etched -Om-Chakras -7""",MI-SB-H-ET-O-C-7,Etched Handmade Singing Bowls,[],etched-handmade-singing-bowls,b224ac31-ec21-4b7c-9700-4ad923adf674,sku_exact
Mi-SB-H-P-12,"Singing Bowls Handmade Polished 12""",Mi-SB-H-P-12,Handmade Singing Bowls - All Sizes,[],handmade-singing-bowls-all-sizes,fca94cb8-51be-4284-bba9-3fc28e3de874,sku_exact
Mi-SB-H-P-11,"Singing Bowls Handmade Polished-11""",Mi-SB-H-P-11,Handmade Singing Bowls - All Sizes,[],handmade-singing-bowls-all-sizes,4c1f5850-d0c3-4323-9e0d-cae6179c0d5f,sku_exact
Mi-SB-H-P-10,"Singing Bowls Handmade Polished-10""",Mi-SB-H-P-10,Handmade Singing Bowls - All Sizes,[],handmade-singing-bowls-all-sizes,41cfc38f-94e8-43ec-b0c7-3711f9bf78a2,sku_exact
Mi-SB-H-P-9,"Singing Bowls Handmade Polished 9""",Mi-SB-H-P-9,Handmade Singing Bowls - All Sizes,[],handmade-singing-bowls-all-sizes,6b618577-5ce6-4f1a-ac57-57c9c5045d37,sku_exact
Mi-SB-H-P-8,"Singing Bowls Handmade Polished-8""",Mi-SB-H-P-8,Handmade Singing Bowls - All Sizes,[],handmade-singing-bowls-all-sizes,09c448b1-4397-4bba-a3bc-9deb1ba2d5f4,sku_exact
Mi-SB-H-P-7,"Singing Bowls Handmade Polished 7""",Mi-SB-H-P-7,Handmade Singing Bowls - All Sizes,[],handmade-singing-bowls-all-sizes,d0db4a4a-b3a4-40fb-96ec-529f248c963a,sku_exact
Mi-SB-H-P-6,"Singing Bowls Handmade Polished-6""",Mi-SB-H-P-6,Handmade Singing Bowls - All Sizes,[],handmade-singing-bowls-all-sizes,dd1a8b94-d177-4b7d-a01f-f7a6f711243a,sku_exact
Mi-SB-H-P-5,"Singing Bowls Handmade Polished-5""",Mi-SB-H-P-5,Handmade Singing Bowls - All Sizes,[],handmade-singing-bowls-all-sizes,906f3893-8dc5-489a-bdd8-f470cd6f98f0,sku_exact
MI-SB-H-ET-T-12,"Singing Bowls Handmade Etched -Tara-12""",MI-SB-H-ET-T-12,Etched Handmade Singing Bowls,[],etched-handmade-singing-bowls,320d1f63-0145-4683-b83e-54461ddb1b58,sku_exact
MI-SB-H-ET-T-11,"Singing Bowls Handmade Etched -Tara-11""",MI-SB-H-ET-T-11,Etched Handmade Singing Bowls,[],etched-handmade-singing-bowls,53b46549-c727-4489-98af-c3ba67099680,sku_exact
MI-SB-H-ET-T-10,"Singing Bowls Handmade Etched -Tara-10""",MI-SB-H-ET-T-10,Etched Handmade Singing Bowls,[],etched-handmade-singing-bowls,9e6e9467-84af-4178-983d-8a8b967f1aea,sku_exact
MI-SB-H-ET-T-9,"Singing Bowls Handmade Etched -Tara-9""",MI-SB-H-ET-T-9,Etched Handmade Singing Bowls,[],etched-handmade-singing-bowls,447480a3-d61c-4041-9d08-db176b027e53,sku_exact
MI-SB-H-ET-T-8,"Singing Bowls Handmade Etched -Tara-8""",MI-SB-H-ET-T-8,Etched Handmade Singing Bowls,[],etched-handmade-singing-bowls,49b60df0-36ca-4fcc-a5e0-4d2aee73aaf0,sku_exact
MI-SB-H-ET-T-7,"Singing Bowls Handmade Etched -Tara-7""",MI-SB-H-ET-T-7,Etched Handmade Singing Bowls,[],etched-handmade-singing-bowls,5dc71aa5-a889-46a5-941d-e9f87f83b1b8,sku_exact
MI-SB-H-ET-T-6,"Singing Bowls Handmade Etched -Tara-6""",MI-SB-H-ET-T-6,Etched Handmade Singing Bowls,[],etched-handmade-singing-bowls,c4f55ad7-0e42-4824-8970-aae0bc1b9dd0,sku_exact
MI-SB-H-ET-BE-12,"Singing Bowls Handmade Etched -Buddha's Eyes-12""",MI-SB-H-ET-BE-12,Etched Handmade Singing Bowls,[],etched-handmade-singing-bowls,bfc8eb9a-a4db-494b-a772-39ca446e91b6,sku_exact
MI-SB-H-ET-BE-11,"Singing Bowls Handmade Etched -Buddha's Eyes- -11""",MI-SB-H-ET-BE-11,Etched Handmade Singing Bowls,[],etched-handmade-singing-bowls,7c7c0075-9025-4597-812f-b9a194cd648d,sku_exact
MI-SB-H-ET-BE-10,"Singing Bowls Handmade Etched Buddha's Eyes--10""",MI-SB-H-ET-BE-10,Etched Handmade Singing Bowls,[],etched-handmade-singing-bowls,52c1d6e9-9bf1-4814-8768-97c79e49d274,sku_exact
MI-SB-H-ET-BE-9,"Singing Bowls Handmade Etched -Buddha's Eyes- -9""",MI-SB-H-ET-BE-9,Etched Handmade Singing Bowls,[],etched-handmade-singing-bowls,768f04c5-2fe8-4711-8be2-77e82f26ef27,sku_exact
MI-SB-H-ET-BE-8,"Singing Bowls Handmade Etched -Buddha's Eyes--8""",MI-SB-H-ET-BE-8,Etched Handmade Singing Bowls,[],etched-handmade-singing-bowls,5b949a87-5efd-4ce2-ab07-a00fa9d8b7ee,sku_exact
MI-SB-H-ET-BE-7,"Singing Bowls Handmade Etched Buddha's Eyes--7""",MI-SB-H-ET-BE-7,Etched Handmade Singing Bowls,[],etched-handmade-singing-bowls,3844083e-477d-4bee-b988-ba9b9a168360,sku_exact
MI-SB-H-ET-BE-6,"Singing Bowls Handmade Etched -Buddha's Eyes-6""",MI-SB-H-ET-BE-6,Etched Handmade Singing Bowls,[],etched-handmade-singing-bowls,af21960e-a77b-4c39-b71b-0fef6a5572f2,sku_exact
MI-SB-H-FM-13,"Singing Bowls Handmade Full moon -13""",MI-SB-H-FM-13,Full Moon Singing Bowls - All Sizes,[],full-moon-singing-bowls-all-sizes,cdb2dd43-63db-4038-b94d-21368a67377f,sku_exact
MI-SB-H-FM-12,"Singing Bowls Handmade Full moon -12""",MI-SB-H-FM-12,Full Moon Singing Bowls - All Sizes,[],full-moon-singing-bowls-all-sizes,ba2dd0b4-4eec-4cdc-bb96-7437dacbfb74,sku_exact
MI-SB-H-FM-11,"Singing Bowls Handmade Full moon -11""",MI-SB-H-FM-11,Full Moon Singing Bowls - All Sizes,[],full-moon-singing-bowls-all-sizes,7e698177-4578-4604-a063-6dfb473429e0,sku_exact
MI-SB-H-FM-10,"Singing Bowls Handmade Full moon -10""",MI-SB-H-FM-10,Full Moon Singing Bowls - All Sizes,[],full-moon-singing-bowls-all-sizes,f51de1c4-8850-4aed-9a04-70481f221654,sku_exact
MI-SB-H-FM-9,"Singing Bowls Handmade Full moon -9""",MI-SB-H-FM-9,Full Moon Singing Bowls - All Sizes,[],full-moon-singing-bowls-all-sizes,13616bc8-0c43-4a2a-9211-9db33024d1fe,sku_exact
MI-SB-H-FM-8,"Singing Bowls Handmade Full moon -8""",MI-SB-H-FM-8,Full Moon Singing Bowls - All Sizes,[],full-moon-singing-bowls-all-sizes,70868ee0-9534-4fed-ba84-02894f03bf31,sku_exact
MI-SB-H-FM-7,"Singing Bowls Handmade Full moon -7""",MI-SB-H-FM-7,Full Moon Singing Bowls - All Sizes,[],full-moon-singing-bowls-all-sizes,cdf6e5cc-c5a4-4afe-8af0-874a90885e77,sku_exact
MI-SB-H-FM-6,"Singing Bowls Handmade Full moon -6""",MI-SB-H-FM-6,Full Moon Singing Bowls - All Sizes,[],full-moon-singing-bowls-all-sizes,17ba329f-8b0e-44df-92da-a5390bd2d1e1,sku_exact
MI-SB-H-FM-5,"Singing Bowls Handmade Full moon-5""",MI-SB-H-FM-5,Full Moon Singing Bowls - All Sizes,[],full-moon-singing-bowls-all-sizes,23c0c3e0-6e21-4405-8128-54bf5956b140,sku_exact
MI-SB-7C Set-S-M,Singing Bowls - 7 Chakras set Standard - Matte,MI-SB-7C Set-S-M,Handcrafted Set of 7 Bowls for Sound Therapy,[],handcrafted-set-of-7-bowls-for-sound-therapy,ede2fe4f-0cba-4236-b31f-93b53b8c99c1,sku_exact
MI-SB-7C Set-S-EC,Singing Bowls - 7 Chakras set Standard - Etched Chakras,MI-SB-7C Set-S-EC,Handcrafted Set of 7 Bowls for Sound Therapy,[],handcrafted-set-of-7-bowls-for-sound-therapy,645da836-a6e9-4ce0-8937-312f7a6c7a5d,sku_exact
MI-SB-7C Set-S-FM,Singing Bowls- 7 Chakras Set Standard - Full Moon,MI-SB-7C Set-S-FM,Handcrafted Set of 7 Bowls for Sound Therapy,[],handcrafted-set-of-7-bowls-for-sound-therapy,7aab066e-3ed6-4523-bd28-0733fe6ee8fc,sku_exact
MI-SB-7C Set-L-M,Singing Bowls - 7 Chakras set Large - Matte,MI-SB-7C Set-L-M,Handcrafted Set of 7 Bowls for Sound Therapy,[],handcrafted-set-of-7-bowls-for-sound-therapy,eec6528b-7eb3-448f-ba7c-fa1aa508924d,sku_exact
MI-SB-7C Set-L-EC,Singing Bowls - 7 Chakras set Large - Etched Chakras,MI-SB-7C Set-L-EC,Handcrafted Set of 7 Bowls for Sound Therapy,[],handcrafted-set-of-7-bowls-for-sound-therapy,fda8a5e6-726e-4e9d-a23c-34a3b8436e34,sku_exact
MI-SB-7C Set-L-FM,Singing Bowls- 7 Chakras Set Large Full Moon,MI-SB-7C Set-L-FM,Handcrafted Set of 7 Bowls for Sound Therapy,[],handcrafted-set-of-7-bowls-for-sound-therapy,65525658-140d-4abb-9701-e10fc9277989,sku_exact
MI-G-P-14,"Gong-Plain - 14""",MI-G-P-14,Plain/Wind Tibetan Gong,[],plain-wind-tibetan-gong,f7768e54-1d67-474f-b8c2-09b52168b6f0,sku_exact
MI-G-P-16,"Gong-Plain - 16""",MI-G-P-16,Plain/Wind Tibetan Gong,[],plain-wind-tibetan-gong,ce0c820b-a107-4b68-b703-2e0199aeef6c,sku_exact
MI-G-P-18,"Gong-Plain - 18""",MI-G-P-18,Plain/Wind Tibetan Gong,[],plain-wind-tibetan-gong,e756d3f1-826d-47cf-b9d1-f3328e300283,sku_exact
MI-G-P-20,"Gong-Plain - 20""",MI-G-P-20,Plain/Wind Tibetan Gong,[],plain-wind-tibetan-gong,39c36fe9-0590-4b1b-8808-e050f50b952e,sku_exact
MI-G-P-22,"Gong-Plain - 22""",MI-G-P-22,Plain/Wind Tibetan Gong,[],plain-wind-tibetan-gong,c0da346d-7fd0-4b93-8fa7-add5e953fdcd,sku_exact
MI-G-P-24,"Gong-Plain - 24""",MI-G-P-24,Plain/Wind Tibetan Gong,[],plain-wind-tibetan-gong,09c6c4f5-c4c6-40a4-9d70-316d062ec199,sku_exact
MI-G-P-26,"Gong-Plain - 26""",MI-G-P-26,Plain/Wind Tibetan Gong,[],plain-wind-tibetan-gong,9b30db93-05cc-4b58-9964-2531443df9d4,sku_exact
MI-G-P-28,"Gong-Plain - 28""",MI-G-P-28,Plain/Wind Tibetan Gong,[],plain-wind-tibetan-gong,e37921b4-df77-46fb-a427-55b988b5ff79,sku_exact
MI-G-ET-FOL1-14,"Gong-Etched Flower of Life 1- 14""",MI-G-ET-FOL1-14,Etched Plain/Wind Gong,[],etched-plain-wind-gong,b3e5ff1f-6af2-4379-8cb8-8856dbfd5142,sku_exact
MI-G-ET-FOL1-16,"Gong-Etched Flower of Life 1- 16""",MI-G-ET-FOL1-16,Etched Plain/Wind Gong,[],etched-plain-wind-gong,483aab23-05a6-4836-ad9b-d293efb0e0b0,sku_exact
MI-G-ET-FOL1-18,"Gong-Etched Flower of Life 1- 18""",MI-G-ET-FOL1-18,Etched Plain/Wind Gong,[],etched-plain-wind-gong,8b5fc80f-fd51-4f2a-b667-875b674b776f,sku_exact
MI-G-ET-FOL1-20,"Gong-Etched Flower of Life 1- 20""",MI-G-ET-FOL1-20,Etched Plain/Wind Gong,[],etched-plain-wind-gong,30375329-0153-47da-8995-f784c62816c2,sku_exact
MI-G-ET-FOL1-22,"Gong-Etched Flower of Life 1- 22""",MI-G-ET-FOL1-22,Etched Plain/Wind Gong,[],etched-plain-wind-gong,865076fa-5a7d-4d7c-9a06-7fe911ff1189,sku_exact
MI-G-ET-FOL1-24,"Gong-Etched Flower of Life 1- 24""",MI-G-ET-FOL1-24,Etched Plain/Wind Gong,[],etched-plain-wind-gong,1388e73b-113e-4f13-846f-29a47a8d175a,sku_exact
MI-G-ET-7C-14,"Gong-Etched - 7 Chakras - 14""",MI-G-ET-7C-14,Etched Plain/Wind Gong,[],etched-plain-wind-gong,f380b4d2-3185-425b-bb9c-2b9154afb11c,sku_exact
MI-G-ET-7C-16,"Gong-Etched - 7 Chakras - 16""",MI-G-ET-7C-16,Etched Plain/Wind Gong,[],etched-plain-wind-gong,48997147-84f6-46f2-ba53-203e7f72a327,sku_exact
MI-G-ET-7C-18,"Gong-Etched - 7 Chakras - 18""",MI-G-ET-7C-18,Etched Plain/Wind Gong,[],etched-plain-wind-gong,7c093f89-a48f-4e16-a572-95f2db9b7a92,sku_exact
MI-G-ET-7C-20,"Gong-Etched - 7 Chakras - 20""",MI-G-ET-7C-20,Etched Plain/Wind Gong,[],etched-plain-wind-gong,c66b4925-a0be-46d0-83ba-9364cf836295,sku_exact
MI-G-ET-7C-22,"Gong-Etched - 7 Chakras - 22""",MI-G-ET-7C-22,Etched Plain/Wind Gong,[],etched-plain-wind-gong,1d34c3ee-dfe6-46af-bb27-2be4da427f0e,sku_exact
MI-G-ET-7C-24,"Gong-Etched - 7 Chakras - 24""",MI-G-ET-7C-24,Etched Plain/Wind Gong,[],etched-plain-wind-gong,3b2b3668-7479-429b-85be-d9740eafbf3a,sku_exact
MI-G-ET-7C-26,"Gong-Etched - 7 Chakras - 26""",MI-G-ET-7C-26,Etched Plain/Wind Gong,[],etched-plain-wind-gong,e9669d4e-0f5d-4f2f-b1e9-395852b8624a,sku_exact
MI-G-ET-7C-28,"Gong-Etched - 7 Chakras - 28""",MI-G-ET-7C-28,Etched Plain/Wind Gong,[],etched-plain-wind-gong,87f73b2e-adaf-4c50-8ff4-8d23591d7587,sku_exact
MI-G-ET-M-14,"Gong-Etched - Mandala - 14""",MI-G-ET-M-14,Etched Plain/Wind Gong,[],etched-plain-wind-gong,c1369e53-b01c-4ea8-bbcc-ff58c25251b9,sku_exact
MI-G-ET-M-16,"Gong-Etched - Mandala - 16""",MI-G-ET-M-16,Etched Plain/Wind Gong,[],etched-plain-wind-gong,8d4d5605-8c20-4fc8-8104-d4f6609e8412,sku_exact
MI-G-ET-M-18,"Gong-Etched - Mandala - 18""",MI-G-ET-M-18,Etched Plain/Wind Gong,[],etched-plain-wind-gong,bc38d666-b82a-468f-a49a-d7e8c3cb3f27,sku_exact
MI-G-ET-M-20,"Gong-Etched - Mandala - 20""",MI-G-ET-M-20,Etched Plain/Wind Gong,[],etched-plain-wind-gong,3fee8901-251b-4925-bc6f-140057913af5,sku_exact
MI-G-ET-M-22,"Gong-Etched - Mandala- 22""",MI-G-ET-M-22,Etched Plain/Wind Gong,[],etched-plain-wind-gong,d82c9e9d-d4fb-449c-bd6c-02488bdd7a33,sku_exact
MI-G-ET-M-24,"Gong-Etched - Mandala - 24""",MI-G-ET-M-24,Etched Plain/Wind Gong,[],etched-plain-wind-gong,52efe296-aea0-4c79-899e-185460ef62aa,sku_exact
MI-G-ET-M-26,"Gong-Etched - Mandala- 26""",MI-G-ET-M-26,Etched Plain/Wind Gong,[],etched-plain-wind-gong,1b63f7ca-66ac-4979-aa37-cb99d0617e7c,sku_exact
MI-G-ET-M-28,"Gong-Etched - Mandala - 28""",MI-G-ET-M-28,Etched Plain/Wind Gong,[],etched-plain-wind-gong,b1993063-152a-421d-9f4d-67e25e2a3714,sku_exact
MI-G-ET-SC-14,"Gong-Etched - Shakti Chakara - 14""",MI-G-ET-SC-14,Etched Plain/Wind Gong,[],etched-plain-wind-gong,8ea54ec4-d0a6-4f1f-b938-33341bba222f,sku_exact
MI-G-ET-SC-16,"Gong-Etched - Shakti Chakara - 16""",MI-G-ET-SC-16,Etched Plain/Wind Gong,[],etched-plain-wind-gong,c68136c0-4685-48ba-a1b5-87ba4b995054,sku_exact
MI-G-ET-SC-18,"Gong-Etched - Shakti Chakara - 18""",MI-G-ET-SC-18,Etched Plain/Wind Gong,[],etched-plain-wind-gong,b2466377-273b-4b77-82e4-dca84a2c5f66,sku_exact
MI-G-ET-SC-20,"Gong-Etched - Shakti Chakara - 20""",MI-G-ET-SC-20,Etched Plain/Wind Gong,[],etched-plain-wind-gong,56083638-0379-4cea-9afa-e32ff3d9e14b,sku_exact
MI-G-ET-SC-22,"Gong-Etched - Shakti Chakara - 22""",MI-G-ET-SC-22,Etched Plain/Wind Gong,[],etched-plain-wind-gong,78697620-95e7-4474-be35-3d7a01ab3214,sku_exact
MI-G-ET-SC-24,"Gong-Etched - Shakti Chakara - 24""",MI-G-ET-SC-24,Etched Plain/Wind Gong,[],etched-plain-wind-gong,2a35df06-e698-49d6-b17c-4d26b71cf79f,sku_exact
MI-G-ET-SC-26,"Gong-Etched - Shakti Chakara - 26""",MI-G-ET-SC-26,Etched Plain/Wind Gong,[],etched-plain-wind-gong,a149b22d-654d-442a-a627-044321bb059e,sku_exact
MI-G-ET-SC-28,"Gong-Etched - Shakti Chakara - 28""",MI-G-ET-SC-28,Etched Plain/Wind Gong,[],etched-plain-wind-gong,bbc79d03-e725-4a65-b07f-7491ac631c10,sku_exact
MI-SB-M-R-S,Mallet Red Straight,MI-SB-M-R-S,Wooden Mallets for Singing Bowls,[],wooden-mallets-for-singing-bowls,6a2066ab-6313-4f88-8e8b-a2bfb11985ef,sku_exact
MI-SB-M-B-S,Mallet Black Straight,MI-SB-M-B-S,Wooden Mallets for Singing Bowls,[],wooden-mallets-for-singing-bowls,9c8f219c-4a61-487c-b47a-aa9c4fc3e192,sku_exact
MI-SB-M-B-C,Mallet Black Curved,MI-SB-M-B-C,Wooden Mallets for Singing Bowls,[],wooden-mallets-for-singing-bowls,0686a63b-e266-46b0-951b-99b05cba98eb,sku_exact
MI-SB-M-L-R-9,"Mallet Long Red-9"" - Soft Head",MI-SB-M-L-R-9,Wooden Mallets for Singing Bowls,[],wooden-mallets-for-singing-bowls,22c21023-ccd2-4ff9-99d3-2b0a1551e1ff,sku_exact
MI-SB-M-L-R-11,"Mallet Long Red-11"" - Soft Head",MI-SB-M-L-R-11,Wooden Mallets for Singing Bowls,[],wooden-mallets-for-singing-bowls,078efa9a-da37-487a-aa3d-5fea52e04390,sku_exact
MI-SB-M-L-R-13,"Mallet Long Red-13""- Soft Head",MI-SB-M-L-R-13,Wooden Mallets for Singing Bowls,[],wooden-mallets-for-singing-bowls,91699d81-4b6d-446e-871f-d900819d5fb8,sku_exact
MI-SB-M-L-W-9,"Mallet Long White-9"" - Soft Head",MI-SB-M-L-W-9,Wooden Mallets for Singing Bowls,[],wooden-mallets-for-singing-bowls,342ec635-0c74-4dce-a962-77adef766544,sku_exact
MI-SB-M-L-W-11,"Mallet Long White-11"" - Soft Head",MI-SB-M-L-W-11,Wooden Mallets for Singing Bowls,[],wooden-mallets-for-singing-bowls,b46b24c4-264c-47f4-9dd4-2d59a7af47fc,sku_exact
MI-SB-M-L-W-13,"Mallet Long White-13""- Soft Head",MI-SB-M-L-W-13,Wooden Mallets for Singing Bowls,[],wooden-mallets-for-singing-bowls,407e6fc3-5514-4503-893e-dbe528f7064e,sku_exact
MI-SB-C-R-10,Silk RIng Cushions for Singing Bowl-Red-10cms,MI-SB-C-R-10,Singing Bowls Silk Ring Cushion Accessories,[],singing-bowls-silk-ring-cushion-accessories,070ef4e6-e50a-4d0b-8c82-91e192b0c4e8,sku_exact
MI-SB-C-R-12,Silk RIng Cushions for Singing Bowl-Red-12cms,MI-SB-C-R-12,Singing Bowls Silk Ring Cushion Accessories,[],singing-bowls-silk-ring-cushion-accessories,cec722f6-32e1-484f-9cfe-613534cc5cf6,sku_exact
MI-SB-C-R-14,Silk RIng Cushions for Singing Bowl-Red-14cms,MI-SB-C-R-14,Singing Bowls Silk Ring Cushion Accessories,[],singing-bowls-silk-ring-cushion-accessories,3136262b-4648-406b-8017-73d3fe7f6a29,sku_exact
MI-SB-C-R-16,Silk RIng Cushions for Singing Bowl-Red-16cms,MI-SB-C-R-16,Singing Bowls Silk Ring Cushion Accessories,[],singing-bowls-silk-ring-cushion-accessories,9d036861-2f97-4b81-b3c0-3f65a05811b1,sku_exact
MI-SB-C-R-18,Silk RIng Cushions for Singing Bowl-Red-18cms,MI-SB-C-R-18,Singing Bowls Silk Ring Cushion Accessories,[],singing-bowls-silk-ring-cushion-accessories,e8512235-3faa-40d5-a958-f4804cfe3255,sku_exact
MI-SB-C-R-20,Silk RIng Cushions for Singing Bowl-Red-20 cms,MI-SB-C-R-20,Singing Bowls Silk Ring Cushion Accessories,[],singing-bowls-silk-ring-cushion-accessories,f1829609-cba8-44d6-a30c-73217335e058,sku_exact
MI-SB-C-R-22,Silk RIng Cushions for Singing Bowl-Red-22 cms,MI-SB-C-R-22,Singing Bowls Silk Ring Cushion Accessories,[],singing-bowls-silk-ring-cushion-accessories,66470188-b709-49c4-bf90-2dc97516c138,sku_exact
MI-SB-C-G-10,Silk RIng Cushions for Singing Bowl-Green-10cms,MI-SB-C-G-10,Singing Bowls Silk Ring Cushion Accessories,[],singing-bowls-silk-ring-cushion-accessories,0a4dd507-b734-4ce1-8045-7ac69ab69741,sku_exact
MI-SB-C-G-12,Silk RIng Cushions for Singing Bowl-Green-12cms,MI-SB-C-G-12,Singing Bowls Silk Ring Cushion Accessories,[],singing-bowls-silk-ring-cushion-accessories,bfc6eeb4-986c-483f-8e78-136ab2476906,sku_exact
MI-SB-C-G-14,Silk RIng Cushions for Singing Bowl-Green-14cms,MI-SB-C-G-14,Singing Bowls Silk Ring Cushion Accessories,[],singing-bowls-silk-ring-cushion-accessories,042369bb-c409-4295-b310-ab2b8689d823,sku_exact
MI-SB-C-G-16,Silk RIng Cushions for Singing Bowl-Green-16cms,MI-SB-C-G-16,Singing Bowls Silk Ring Cushion Accessories,[],singing-bowls-silk-ring-cushion-accessories,921a9c2b-1962-4b2a-b84a-6b61bdc3faf5,sku_exact
MI-SB-C-G-18,Silk RIng Cushions for Singing Bowl-Green 18cms,MI-SB-C-G-18,Singing Bowls Silk Ring Cushion Accessories,[],singing-bowls-silk-ring-cushion-accessories,569893ba-9598-4127-b18a-39741102a87e,sku_exact
MI-SB-C-G-20,Silk RIng Cushions for Singing Bowl-Green-20cms,MI-SB-C-G-20,Singing Bowls Silk Ring Cushion Accessories,[],singing-bowls-silk-ring-cushion-accessories,039d3cb0-da71-4c8f-aa44-8cee45e797ff,sku_exact
MI-SB-C-G-22,Silk RIng Cushions for Singing Bowl-Green 22cms,MI-SB-C-G-22,Singing Bowls Silk Ring Cushion Accessories,[],singing-bowls-silk-ring-cushion-accessories,485e9a51-ace2-4ed8-bfb4-fc66a5e4854b,sku_exact
MI-SB-C-B-10,Silk RIng Cushions for Singing Bowl-Blue-10cms,MI-SB-C-B-10,Singing Bowls Silk Ring Cushion Accessories,[],singing-bowls-silk-ring-cushion-accessories,8aa1ae67-d312-475e-a1dd-afb38d9eaed0,sku_exact
MI-SB-C-B-12,Silk RIng Cushions for Singing Bowl-Blue-12cms,MI-SB-C-B-12,Singing Bowls Silk Ring Cushion Accessories,[],singing-bowls-silk-ring-cushion-accessories,39b18b41-5d67-42aa-b5ee-0075379510b3,sku_exact
MI-SB-C-B-14,Silk RIng Cushions for Singing Bowl-Blue-14cms,MI-SB-C-B-14,Singing Bowls Silk Ring Cushion Accessories,[],singing-bowls-silk-ring-cushion-accessories,5abd9fe9-2f0c-4dca-b3a2-b1ec8b014530,sku_exact
MI-SB-C-B-16,Silk RIng Cushions for Singing Bowl-Blue-16cms,MI-SB-C-B-16,Singing Bowls Silk Ring Cushion Accessories,[],singing-bowls-silk-ring-cushion-accessories,9bd9affd-5fc1-4b62-b8fa-f4fa1bd0e37c,sku_exact
MI-SB-C-B-18,Silk RIng Cushions for Singing Bowl-Blue-18cms,MI-SB-C-B-18,Singing Bowls Silk Ring Cushion Accessories,[],singing-bowls-silk-ring-cushion-accessories,86668a2b-37bb-4bdc-9c95-6ae5f1f80633,sku_exact
MI-SB-C-B-20,Silk RIng Cushions for Singing Bowl-Blue-20cms,MI-SB-C-B-20,Singing Bowls Silk Ring Cushion Accessories,[],singing-bowls-silk-ring-cushion-accessories,72e5c4f8-d1ac-411c-8716-9dc8e31c904d,sku_exact
MI-SB-C-B-22,Silk RIng Cushions for Singing Bowl-Blue-22cms,MI-SB-C-B-22,Singing Bowls Silk Ring Cushion Accessories,[],singing-bowls-silk-ring-cushion-accessories,a316e91d-5a0f-4a95-882b-ec86375d2832,sku_exact
MI-SB-C-NB-10,Silk RIng Cushions for Singing Bowl-Navy Blue-10cms,MI-SB-C-NB-10,Singing Bowls Silk Ring Cushion Accessories,[],singing-bowls-silk-ring-cushion-accessories,82e5677d-1bf3-4f5b-a65e-62d4c187268e,sku_exact
MI-SB-C-NB-12,Silk RIng Cushions for Singing Bowl-Navy Blue-12cms,MI-SB-C-NB-12,Singing Bowls Silk Ring Cushion Accessories,[],singing-bowls-silk-ring-cushion-accessories,1ee09ea8-24d1-4bbe-99a2-101577f47b75,sku_exact
MI-SB-C-NB-14,Silk RIng Cushions for Singing Bowl-Navy Blue-14cms,MI-SB-C-NB-14,Singing Bowls Silk Ring Cushion Accessories,[],singing-bowls-silk-ring-cushion-accessories,3cc62875-7f29-4ccc-ae66-018b41acd66a,sku_exact
MI-SB-C-NB-16,Silk RIng Cushions for Singing Bowl-Navy Blue-16cms,MI-SB-C-NB-16,Singing Bowls Silk Ring Cushion Accessories,[],singing-bowls-silk-ring-cushion-accessories,09b58240-e85f-4fd9-9fff-301a2c8c2309,sku_exact
MI-SB-C-NB-18,Silk RIng Cushions for Singing Bowl- Navy Blue-18cms,MI-SB-C-NB-18,Singing Bowls Silk Ring Cushion Accessories,[],singing-bowls-silk-ring-cushion-accessories,8da9c3c2-fac3-46cd-8f8f-9c6ee540aaba,sku_exact
MI-SB-C-NB-20,Silk RIng Cushions for Singing Bowl-Navy Blue-20cms,MI-SB-C-NB-20,Singing Bowls Silk Ring Cushion Accessories,[],singing-bowls-silk-ring-cushion-accessories,3db4057a-5e03-4459-98cc-eedf209f5a56,sku_exact
MI-SB-C-NB-22,Silk RIng Cushions for Singing Bowl- Navy Blue-22cms,MI-SB-C-NB-22,Singing Bowls Silk Ring Cushion Accessories,[],singing-bowls-silk-ring-cushion-accessories,18f70c74-8321-4743-aea9-580692be20f2,sku_exact
MI-SB-C-O-10,Silk RIng Cushions for Singing Bowl-Orange-10cms,MI-SB-C-O-10,Singing Bowls Silk Ring Cushion Accessories,[],singing-bowls-silk-ring-cushion-accessories,001fc7e3-3fd0-4a4e-ac09-a249552cabe1,sku_exact
MI-SB-C-O-12,Silk RIng Cushions for Singing Bowl-Orange-12cms,MI-SB-C-O-12,Singing Bowls Silk Ring Cushion Accessories,[],singing-bowls-silk-ring-cushion-accessories,96b9e949-8860-4b2a-8289-cfc5f3b81315,sku_exact
MI-SB-C-O-14,Silk RIng Cushions for Singing Bowl-Orange-14cms,MI-SB-C-O-14,Singing Bowls Silk Ring Cushion Accessories,[],singing-bowls-silk-ring-cushion-accessories,e12b9474-3ac0-45a7-bb65-de8c584d7f29,sku_exact
MI-SB-C-O-16,Silk RIng Cushions for Singing Bowl-Orange-16cms,MI-SB-C-O-16,Singing Bowls Silk Ring Cushion Accessories,[],singing-bowls-silk-ring-cushion-accessories,24d228f8-12cc-4f74-bd2d-f25ea4534653,sku_exact
MI-SB-C-O-18,Silk RIng Cushions for Singing Bowl- Orange 18cms,MI-SB-C-O-18,Singing Bowls Silk Ring Cushion Accessories,[],singing-bowls-silk-ring-cushion-accessories,c2071eb1-2e3b-449c-8f58-be710441bf68,sku_exact
MI-SB-C-O-20,Silk RIng Cushions for Singing Bowl-Orange-20ms,MI-SB-C-O-20,Singing Bowls Silk Ring Cushion Accessories,[],singing-bowls-silk-ring-cushion-accessories,01d648c7-6625-4df1-9c9a-d30594bd1669,sku_exact
MI-SB-C-O-22,Silk RIng Cushions for Singing Bowl-Orange-22ms,MI-SB-C-O-22,Singing Bowls Silk Ring Cushion Accessories,[],singing-bowls-silk-ring-cushion-accessories,95e0c305-e930-4484-9553-0e8086bc2510,sku_exact
MI-SB-C-Bn-10,Silk RIng Cushions for Singing Bowl-Brown-10cms,MI-SB-C-Bn-10,Singing Bowls Silk Ring Cushion Accessories,[],singing-bowls-silk-ring-cushion-accessories,77b40bdf-f308-4a3d-a6f8-6e64035238a7,sku_exact
MI-SB-C-Bn-12,Silk RIng Cushions for Singing Bowl-Brown-12cms,MI-SB-C-Bn-12,Singing Bowls Silk Ring Cushion Accessories,[],singing-bowls-silk-ring-cushion-accessories,c102af02-b9ae-4bf2-93b4-fd059144300f,sku_exact
MI-SB-C-Bn-14,Silk RIng Cushions for Singing Bowl-Brown-14cms,MI-SB-C-Bn-14,Singing Bowls Silk Ring Cushion Accessories,[],singing-bowls-silk-ring-cushion-accessories,f6f2a625-9597-4e59-a45b-924143d6e51d,sku_exact
MI-SB-C-Bn-16,Silk RIng Cushions for Singing Bowl-Brown-16cms,MI-SB-C-Bn-16,Singing Bowls Silk Ring Cushion Accessories,[],singing-bowls-silk-ring-cushion-accessories,3c8f8a46-ba92-4d4d-b9cb-3a1e1c8d3018,sku_exact
MI-SB-C-Bn-18,Silk RIng Cushions for Singing Bowl-Brown-18cms,MI-SB-C-Bn-18,Singing Bowls Silk Ring Cushion Accessories,[],singing-bowls-silk-ring-cushion-accessories,a1581a4e-626d-42bf-8b46-a3abdf2fadfe,sku_exact
MI-SB-C-Bn-20,Silk RIng Cushions for Singing Bowl-Brown-20cms,MI-SB-C-Bn-20,Singing Bowls Silk Ring Cushion Accessories,[],singing-bowls-silk-ring-cushion-accessories,c38974b8-e29f-4c1c-9e44-a6e7b25109e3,sku_exact
MI-SB-C-Bn-22,Silk RIng Cushions for Singing Bowl-Brown-22cms,MI-SB-C-Bn-22,Singing Bowls Silk Ring Cushion Accessories,[],singing-bowls-silk-ring-cushion-accessories,206e507e-0c20-4174-9ea4-a78bd1354159,sku_exact
MI-SB-C-Y-10,Silk RIng Cushions for Singing Bowl-Yellow-10cms,MI-SB-C-Y-10,Singing Bowls Silk Ring Cushion Accessories,[],singing-bowls-silk-ring-cushion-accessories,a2dd0c76-a71c-4f8f-a9ab-0ba340e0147f,sku_exact
MI-SB-C-Y-12,Silk RIng Cushions for Singing Bowl-Yellow 12cms,MI-SB-C-Y-12,Singing Bowls Silk Ring Cushion Accessories,[],singing-bowls-silk-ring-cushion-accessories,e3d17ffb-bff4-4200-89e7-16509bd70e2e,sku_exact
MI-SB-C-Y-14,Silk RIng Cushions for Singing Bowl-Yellow-14cms,MI-SB-C-Y-14,Singing Bowls Silk Ring Cushion Accessories,[],singing-bowls-silk-ring-cushion-accessories,0aee0915-39b0-43c8-b56e-3b71ba7ac559,sku_exact
MI-SB-C-Y-16,Silk RIng Cushions for Singing Bowl-Yellow-16cms,MI-SB-C-Y-16,Singing Bowls Silk Ring Cushion Accessories,[],singing-bowls-silk-ring-cushion-accessories,c0262382-7f73-40ab-86a9-94d233b9bf2a,sku_exact
MI-SB-C-Y-18,Silk RIng Cushions for Singing Bowl-Yellow-18cms,MI-SB-C-Y-18,Singing Bowls Silk Ring Cushion Accessories,[],singing-bowls-silk-ring-cushion-accessories,d85a94ea-2bff-4c72-8674-b0eb0daf719c,sku_exact
MI-SB-C-Y-20,Silk RIng Cushions for Singing Bowl-Yellow- 20 cms,MI-SB-C-Y-20,Singing Bowls Silk Ring Cushion Accessories,[],singing-bowls-silk-ring-cushion-accessories,7a599603-0f43-40ef-b767-054ad58091ae,sku_exact
MI-SB-C-Y-22,Silk RIng Cushions for Singing Bowl-Yellow-22 Cms,MI-SB-C-Y-22,Singing Bowls Silk Ring Cushion Accessories,[],singing-bowls-silk-ring-cushion-accessories,d743417e-e74c-4be0-b071-f582eae76e50,sku_exact
MI-SB-C-PK-10,Silk RIng Cushions for Singing Bowl-Pink-10cms,MI-SB-C-PK-10,Singing Bowls Silk Ring Cushion Accessories,[],singing-bowls-silk-ring-cushion-accessories,f31422f7-aeab-4596-860f-39c6ccef2abf,sku_exact
MI-SB-C-PK-12,Silk RIng Cushions for Singing Bowl-Pink 12cms,MI-SB-C-PK-12,Singing Bowls Silk Ring Cushion Accessories,[],singing-bowls-silk-ring-cushion-accessories,e1120215-5871-440b-851c-4c2194ea4f7f,sku_exact
MI-SB-C-PK-14,Silk RIng Cushions for Singing Bowl- Pink 14cms,MI-SB-C-PK-14,Singing Bowls Silk Ring Cushion Accessories,[],singing-bowls-silk-ring-cushion-accessories,2a159bba-7827-4702-975d-9ce05d300097,sku_exact
MI-SB-C-PK-16,Silk RIng Cushions for Singing Bowl-Pink -16cms,MI-SB-C-PK-16,Singing Bowls Silk Ring Cushion Accessories,[],singing-bowls-silk-ring-cushion-accessories,6ca3eb5b-98e2-44f9-bf16-5b4bea03728d,sku_exact
MI-SB-C-PK-18,Silk RIng Cushions for Singing Bowl-Pink-18cms,MI-SB-C-PK-18,Singing Bowls Silk Ring Cushion Accessories,[],singing-bowls-silk-ring-cushion-accessories,6c0b4b35-fd27-4880-950e-9f24e801db7a,sku_exact
MI-SB-C-PK-20,Silk RIng Cushions for Singing Bowl-Pink-20 cms,MI-SB-C-PK-20,Singing Bowls Silk Ring Cushion Accessories,[],singing-bowls-silk-ring-cushion-accessories,49904f1a-9c3e-4ca7-92f7-3e52c9273a15,sku_exact
MI-SB-C-PK-22,Silk RIng Cushions for Singing Bowl-Pink-22cms,MI-SB-C-PK-22,Singing Bowls Silk Ring Cushion Accessories,[],singing-bowls-silk-ring-cushion-accessories,05fde967-5895-41bd-953d-c440f8fb3c95,sku_exact
MI-SB-C-BK-10,Silk RIng Cushions for Singing Bowl-Black-10cms,MI-SB-C-BK-10,Singing Bowls Silk Ring Cushion Accessories,[],singing-bowls-silk-ring-cushion-accessories,8f332966-351a-446d-9e51-9597fbbec9ef,sku_exact
MI-SB-C-BK-12,Silk RIng Cushions for Singing Bowl-Black 12cms,MI-SB-C-BK-12,Singing Bowls Silk Ring Cushion Accessories,[],singing-bowls-silk-ring-cushion-accessories,cf32490a-ea58-4485-b73c-4882d4660b7a,sku_exact
MI-SB-C-BK-14,Silk RIng Cushions for Singing Bowl- Black 14cms,MI-SB-C-BK-14,Singing Bowls Silk Ring Cushion Accessories,[],singing-bowls-silk-ring-cushion-accessories,26a86a1f-1b31-4aa7-b4fb-e8323668e3c1,sku_exact
MI-SB-C-BK-16,Silk RIng Cushions for Singing Bowl-Black -16cms,MI-SB-C-BK-16,Singing Bowls Silk Ring Cushion Accessories,[],singing-bowls-silk-ring-cushion-accessories,5aea80f7-bc0b-4dac-b62f-a9f02030084c,sku_exact
MI-SB-C-BK-18,Silk RIng Cushions for Singing Bowl-Black-18cms,MI-SB-C-BK-18,Singing Bowls Silk Ring Cushion Accessories,[],singing-bowls-silk-ring-cushion-accessories,acf92edf-f5cd-4561-b5e3-236105f2b93b,sku_exact
MI-SB-C-BK-20,Silk RIng Cushions for Singing Bowl-Black 20cms,MI-SB-C-BK-20,Singing Bowls Silk Ring Cushion Accessories,[],singing-bowls-silk-ring-cushion-accessories,fd503485-5567-4ffd-9839-efb092529ed9,sku_exact
MI-SB-C-BK-22,Silk RIng Cushions for Singing Bowl-Black 22cms,MI-SB-C-BK-22,Singing Bowls Silk Ring Cushion Accessories,[],singing-bowls-silk-ring-cushion-accessories,89e2a1d7-5ad7-429a-9fb2-44bfce3c475b,sku_exact
MI-XP-W-15,Wooden Xylophone - 15 Keys,MI-XP-W-15,Teak Wood - Stainless Steel Xylophone,[],teak-wood-stainless-steel-xylophone,8f4f0651-22e6-447b-8318-b7963ab3b2d7,sku_exact
MI-XP-SP-1-8,"Steel Plate Xylophone - 1""- 8 Keys",MI-XP-SP-1-8,8 Keys Metallophone - with 1” & 1.5” key-widths,[],8-keys-metallophone-with-1-1-5-key-widths,1a421244-69bc-410c-a789-ded5edde3c23,sku_exact
MI-XP-SP-1.5-8,"Steel Plate Xylophone - 1.5""- 8 Keys",MI-XP-SP-1.5-8,8 Keys Metallophone - with 1” & 1.5” key-widths,[],8-keys-metallophone-with-1-1-5-key-widths,91992e58-9e25-4264-9cb3-6ed8b1a52cd3,sku_exact
MI-SC-6,Swinging Chimes- 6 Chimes,MI-SC-6,Swinging Chimes,[],swinging-chimes,78b80781-ed43-42c6-b743-50ed40c573df,sku_exact
MI-SC-9,Swinging Chimes- 9 Chimes,MI-SC-9,Swinging Chimes,[],swinging-chimes,f7516ffb-c4db-4354-bb04-c4badbc578e9,sku_exact
MI-BCH-32,Bar Chime -32,MI-BCH-32,32 Rods - Bar Chime,[],32-rods-bar-chime,8bb91d41-1991-4ff4-8ddb-85f9a8b8484e,sku_exact
MI-Ch-KS,Koshi Chimes,MI-Ch-KS,Elemental Chimes,[],elemental-chimes,7235f6ff-fec0-4632-a905-d3f4dd1b3154,sku_exact
MI-TF-W-432,Tuning Fork -W-432 Hz,MI-TF-W-432,Tuning Fork - Single Weighted & Unweighted,[],tuning-fork-single-weighted-unweighted,8edcc2b4-f89f-415d-bc43-c311e2432e50,sku_exact
MI-TF-W-128,Tuning Fork -W-128 Hz,MI-TF-W-128,Tuning Fork - Single Weighted & Unweighted,[],tuning-fork-single-weighted-unweighted,6218bd14-049a-411b-8415-ab911c6c2f0a,sku_exact
MI-TF-W-256,Tuning Fork -W-256 Hz,MI-TF-W-256,Tuning Fork - Single Weighted & Unweighted,[],tuning-fork-single-weighted-unweighted,69399503-a56c-4f97-9853-c0b3fffb6ef2,sku_exact
MI-SB-Bag-S,Singing Bowl Bag Small,MI-SB-Bag-S,Singing Bowl Bags,[],singing-bowl-bags,1373c6dc-d4cf-4445-8dd2-1cb73df7663a,sku_exact
MI-SB-Bag-M,Singing Bowl Bag Medium,MI-SB-Bag-M,Singing Bowl Bags,[],singing-bowl-bags,f47007ae-58a0-4eea-9dc4-83e46b836a3c,sku_exact
MI-SB-Bag-L,Singing Bowl Bag Large,MI-SB-Bag-L,Singing Bowl Bags,[],singing-bowl-bags,d2c607e5-941e-41ab-b972-896a18aa70a4,sku_exact
MI-Gg-Bag-L,Gong Bag Large,MI-Gg-Bag-L,Gong Bags,[],gong-bags,b67c5e9c-c1ad-472f-90ac-e90792162fd5,sku_exact
MI-Gg-Bag-S,Gong Bag Small,MI-Gg-Bag-S,Gong Bags,[],gong-bags,d182e5fc-f376-4224-8ffb-5db8b696d03d,sku_exact
