excel_sku,excel_name,best_score,best_guess
GP-CB-7C-V-2G,Sarveda 7 Chakra Vintage Copper Water Bottle with 2 Glasses | Set,45,
GP-CB-7C-C-2G,Sarveda 7 Chakra Plain Copper Water Bottle with 2 Glasses | Set,45,
CB-7CV-H,7 chakras Vintage With Handle -1ltr,66,7 Chakras Copper Water Bottles with Handle
NWC-H,Sarveda NeemWood Comb - Handle,25,
NWC-S,Sarveda NeemWood Comb - Straight,0,
NWC-P,Sarveda NeemWood Comb - Pocket Size,0,
NTB-1,Sarveda Neem Toothbrush - Pack of 1,33,
NP-G-185,Sarveda Ayurvedic Ceramic Jala Neti Pot for Nasal Cleansing | Green,40,
NP-Y-185,Sarveda Ayurvedic Ceramic Jala Neti Pot for Nasal Cleansing | Yellow,40,
SSS,Stainless Steel Straws Straight,75,Stainless Steel Straws
SSB,Stainless Steel Straws Bent,75,Stainless Steel Straws
SSS-CB,Sarveda Steel Straws Cleaning Brush,40,
TC-S-1,Sarveda Ayurvedic Copper Tongue Cleaner | Straight | Pack of 1,33,
TC-S- FD,Sarveda Ayurvedic Copper Tongue Cleaner | Straight | Pack of 1 FDA Approed,27,
Yo-BR-R-BW,Sarveda Yoga Bolster filled with Cotton | Brown,42,
Yo-BR-RE-GY,Sarveda Rectangular Yoga Bolster filled with Cotton | Grey,37,
Yo-BT-C-W,Sarveda Yoga Blanket | Organic Cotton | Natural White,57,
Me-SH-SE-LB,Meditation Shawl - Silk Eri- Light Brown with cotton bag,33,
Me-SH-SE-W,Meditation Shawl - Silk Eri- White with cotton bag,37,
Me-SH-SE-BP,Meditation Shawl - Silk Eri-White Blue Pattern with cotton bag,30,
Yo-MC-MS-W,Macarame Yoga Mat Strap | White,40,
Yo-MC-MS-Y,Macarame Yoga Mat Strap | Yellow,40,
Yo-MC-MS-Gy,Macarame Yoga Mat Strap | Grey,40,
Yo-P-E-BE,"Sarveda Lavender Scented Eye Pillows for Yoga, Meditation and Relaxation | Beige",36,
Yo-M-C-MG-B-27,"Yoga Mat- Chakras- Moderate Grip - Blue -27""",71,7 Chakras Moderate Grip Yoga Mat
Yo-M-C-MG-O-27,"Yoga Mat- Chakras- Moderate Grip - Orange -27""",71,7 Chakras Moderate Grip Yoga Mat
Yo-M-C-MG-G-27,"Yoga Mat- Chakras- Moderate Grip - Green -27""",71,7 Chakras Moderate Grip Yoga Mat
Yo-M-C-MG-P-27,"Yoga Mat-Chakras- Moderate Grip Pink-27""",71,7 Chakras Moderate Grip Yoga Mat
Yo-M-L-MG-B-27,"Yoga Mat- Lotus- Moderate Grip Blue-27""",57,
Yo-M-L-MG-O-27,"Yoga Mat- Lotus- Moderate Grip -Orange-27""",57,
Yo-M-L-MG-G-27,"Yoga Mat- Lotus- Moderate Grip -Green-27""",57,
Yo-M-L-MG-P-27,"Yoga Mat-Lotus- Moderate Grip Pink-27""",57,
Yo-M-P-MG-B-27,"Yoga Mat-Moderate Grip Blue-27""",66,7 Chakras Moderate Grip Yoga Mat
Yo-M-P-MG-O-27,"Yoga Mat- Moderate Grip Orange-27""",66,7 Chakras Moderate Grip Yoga Mat
Yo-M-P-MG-G-27,"Yoga Mat- Moderate Grip Green-27""",66,7 Chakras Moderate Grip Yoga Mat
Yo-M-P-MG-P-27,"Yoga Mat- Moderate Grip -Pink-27""",66,7 Chakras Moderate Grip Yoga Mat
Yo-M-C-HG-B,Yoga Mat- Chakras- High Grip - Blue,66,7 Chakras Moderate Grip Yoga Mat
Yo-M-C-HG-O,Yoga Mat- Chakras- High Grip - Orange,66,7 Chakras Moderate Grip Yoga Mat
Yo-M-C-HG-G,Yoga Mat- Chakras- High Grip - Green,66,7 Chakras Moderate Grip Yoga Mat
Yo-M-C-HG-P,Yoga Mat-Chakras- High Grip Pink,66,7 Chakras Moderate Grip Yoga Mat
Yo-M-C-HG-Y,Yoga Mat- Chakras- High Grip -Yellow,66,7 Chakras Moderate Grip Yoga Mat
Yo-M-C-HG-T,Yoga Mat-Chakras- High Grip -Teal,66,7 Chakras Moderate Grip Yoga Mat
Yo-M-L-HG-B,Yoga Mat- Lotus- High Grip Blue,50,
Yo-M-L-HG-O,Yoga Mat- Lotus- High Grip -Orange,50,
Yo-M-L-HG-G,Yoga Mat- Lotus- High Grip -Green,50,
Yo-M-L-HG-P,Yoga Mat-Lotus- High Grip Pink,50,
Yo-M-L-HG-Y,Yoga Mat- Lotus- High Grip Yellow,50,
Yo-M-L-HG-T,Yoga Mat-Lotus- High Grip Teal,50,
Yo-M-P-HG-B,Yoga Mat- High Grip Blue,60,7 Chakras Moderate Grip Yoga Mat
Yo-M-P-HG-O,Yoga Mat- High Grip Orange,60,7 Chakras Moderate Grip Yoga Mat
Yo-M-P-HG-G,Yoga Mat- High Grip Green,60,7 Chakras Moderate Grip Yoga Mat
Yo-M-P-HG-P,Yoga Mat- High Grip -Pink,60,7 Chakras Moderate Grip Yoga Mat
Yo-M-P-HG-Y,Yoga Mat- High Grip Yellow,60,7 Chakras Moderate Grip Yoga Mat
Yo-M-P-HG-T,Yoga Mat- High Grip Teal,60,7 Chakras Moderate Grip Yoga Mat
Me-z-R-L,Sarveda Round Zafu Meditation and Yoga Cushion | Filled with Cotton | Lavendar,54,
Me-Z-R-RP,Sarveda Round Zafu Meditation and Yoga Cushion | Filled with Cotton | Rough Pink,50,
Me-Z-R-DG,Sarveda Round Zafu Meditation and Yoga Cushion | Filled with Cotton |Dark Grey,50,
Me-Z-R- MB,Sarveda Round Zafu Meditation and Yoga Cushion | Filled with Cotton | Misty blue,50,
Me-Z-R-GY,Sarveda Round Zafu Meditation and Yoga Cushion | Filled with Cotton | Grey,54,
Me-Z-R-NB,Sarveda Round Zafu Meditation and Yoga Cushion | Filled with Cotton | Navy Blue,50,
Me-Z-R-RE,Sarveda Round Zafu Meditation and Yoga Cushion | Filled with Cotton | Rose,54,
Me-Z-R-SE,Sarveda Round Zafu Meditation and Yoga Cushion | Filled with Cotton | Sage,54,
Me-Z-R-O,Sarveda Round Zafu Meditation and Yoga Cushion | Filled with Cotton | Orange,54,
Me-C-Z-O,Sarveda Crescent Zafu Meditation and Yoga Cushion | Filled with Cotton | Orange,54,
Me-C-Z-MG,Sarveda Crescent Zafu Meditation and Yoga Cushion | Filled with Cotton | Magenta,54,
Me-C-Z-NB,Sarveda Crescent Zafu Meditation and Yoga Cushion | Filled with Cotton | Navy Blue,50,
Me-C-Z-MB,Sarveda Crescent Zafu Meditation and Yoga Cushion | Filled with Cotton | Misty Blue,50,
Me-C-Z-L,SarvedaCrescent Zafu Meditation and Yoga Cushion | Filled with Cotton | Lavender,60,Zafu Meditation Cushion Lotus - Embroidery Filled with Cotton
Me-C-Z-GY,Sarveda CrescentZafu Meditation and Yoga Cushion | Filled with Cotton | Gray,50,
Me-C-Z-LG,Sarveda CrescentZafu Meditation and Yoga Cushion | Filled with Cotton | Light Grey,45,
Me-C-Z-MN,Sarveda CrescentZafu Meditation and Yoga Cushion | Filled with Cotton |Maroon,50,
Me-C-Z-S,Sarveda CrescentZafu Meditation and Yoga Cushion | Filled with Cotton |Sage,50,
Me-C-Z-RE,Sarveda CrescentZafu Meditation and Yoga Cushion | Filled with Cotton |Rose,50,
Me-C-Z-RP,Sarveda CrescentZafu Meditation and Yoga Cushion | Filled with Cotton | Rouge Pink,45,
Me-C-Z-DG,Sarveda CrescentZafu Meditation and Yoga Cushion | Filled with Cotton |Dark Grey,45,
Me-C-HZ-Be,Sarveda Hi-Zafu Meditation Cushion filled with Buckwheat Hulls | Biege,70,Hi-Zafu Meditation Cushion - Filled with Buckwheat
Me-C-HZ-O,Sarveda Hi-Zafu Meditation Cushion filled with Buckwheat Hulls | Orange,70,Hi-Zafu Meditation Cushion - Filled with Buckwheat
Me-C-HZ-RE,Sarveda Hi-Zafu Meditation Cushion filled with Buckwheat Hulls | Rose,70,Hi-Zafu Meditation Cushion - Filled with Buckwheat
Me-C-HZ-MR,Sarveda Hi-Zafu Meditation Cushion filled with Buckwheat Hulls | Maroon,70,Hi-Zafu Meditation Cushion - Filled with Buckwheat
Me-C-Zn-RP,Zabuton -Cushion -Rouge Pink,50,
ME- Be -H,Meditation Bench High,66,Zen Meditation Bench
ME- Be -S,Meditation Bench Standard,66,Zen Meditation Bench
ME- Be-L,Meditation Bench Low,66,Zen Meditation Bench
ME-Cu,Meditation Bench Cushion,66,Zen Meditation Bench
ME-Bg,Meditation Bench Bag,66,Zen Meditation Bench
IS-S,Incense Sticks Stand,66,7 Chakras Mystical Incense Sticks Set
MI-CM,Sarveda Handcrafted Coconut Maracas,50,
MI-CM-DP,Sarveda Handcrafted Coconut Maracas - Dot Painted,50,
MI-WM,Wooden Maracas Shaker Plain,75,Wooden Maracas Shakers | Plain & Dot Painted
MI-WM-P,Wooden Maracas Shaker Dotted Paint,40,
MI-ES-DP,Egg Shaker - Dot Painted,50,
MI-KR-S-H,Kenari Seed Shaker with Handle,40,
MI-KR-CH,Kenari Chime,50,
MI-KR-CH-S,Kenari Chimes-Standard,66,Kenari Chimes - Small & Large
MI-KR-CH-P,Kenari Chimes-Professional,66,Kenari Chimes - Small & Large
MI-AS-P,Asalato Shaker Painted,66,Asalato/Aslatau or Kashaka Shaker
MI-SR,Sea Rattle,50,
MI-BR,Bendo rattle,50,
MI-KCS-EN,Sarveda Kalimba 7 keys- Engraved,40,
Mi-KCS-16,Kalimba 16 Keys,33,
Mi-TB-P-2.5,"Tingsha Bells - Plain-2.5""",20,
Mi-TB-P-3,"Tingsha Bells - Plain-3""",25,
Mi-TB-D-2.5,"Tingsha Bells - Dark -2.5""",20,
Mi-TB-D-3,"Tingsha Bells - Dark - 3""",25,
Mi-TB-E-2.5,"Tingsha Bells - Etched-2.5""",20,
Mi-TB-E-3,"Tingsha Bells - Etched-3""",25,
MI-SD-P-50,Shamanic Drums Plain - 50 Cm,20,
MI-TD-6.3-W,Tongue Drum-6.3 inches- White,33,
MI-RS-B-1M,Rainstick 1M,50,
MI-RS-B-80,Rainstick 80 CM,33,
MI-RS-B-60,Rainstick 60 CM,33,
MI-RS-B-40,Rainstick 40 CM,33,
MI-TT-20,Thunder Tube-20cm,66,Thunder Tube - Basic Edition
MI-TT-25,Thunder Tube-25cm,66,Thunder Tube - Basic Edition
MI-TT-30,Thunder Tube-30cm,66,Thunder Tube - Basic Edition
MI-SB-P-Bk-3.5,Sacred Mantra Bowls | 3.5 Inches | Black,42,
MI-SB-P-SS-GD-5.5,"Sacred Symbol Gold-5.5""",25,
MI-SB-P-SS-GD-4,"Sacred Symbol Gold -4""",25,
MI-SB-P-SS-GD-3.5,"|Sacred Symbol Gold-3.5""",20,
MI-CB-C-6,"Crystal Bowl- Color 6""",50,
MI-CB-C-7,"Crystal Bowl- Color 7""",50,
MI-CB-C-8,"Crystal Bowl- Color 8""",50,
MI-CB-C-9,"Crystal Bowl- Color 9""",50,
MI-CB-C-10,"Crystal Bowl- Color 10""",50,
MI-CB-C-11,"Crystal Bowl- Color 11""",50,
MI-CB-C-12,"Crystal Bowl- Color 12""",50,
MI-CB-C-13,"Crystal Bowl- Color13""",66,Triad Crystal Bowl Set
MI-CB-C-14,"Crystal Bowl- Color 14""",50,
MI-CB-CL-6-12 -Set,"Crystal Bowl set - 6-12"" - Chakra Coloured",42,
MI-CB-W-6-12 -Set,"Crystal Bowl set - 6-12"" - White",50,
MI-CB-W-8-14 -Set,"Crystal Bowl Set 8-14"" - White",50,
"MI-CP-6""","Crystal Pyramid 6""",66,Crystal Pyramid
"MI-CBH-5.5""","Crystal singing bowl with Handle - 5.5""",66,Singing Bowl with Handle
Co-CB-CEG-BG,⁠CEG Crystal with bag,50,
Co-CB-CG-BG,CG perfect Fifth Crystal with bag,33,
MI-SB-H-ET-O-C-14,"Singing Bowls Handmade Etched -Om-Chakras -14""",57,
MI-SB-H-ET-O-C-13,"Singing Bowls Handmade Etched -Om-Chakras -13""",57,
MI-SB-Z-HM-12,"Singing Bowls Zen Handmade Singing Bowls-12""",60,Etched Handmade Singing Bowls
MI-SB-Z-HM-11,"Singing Bowls Zen Handmade Singing Bowls-11""",60,Etched Handmade Singing Bowls
MI-SB-Z-HM-10,"Singing Bowls Zen Handmade Singing Bowls-10""",60,Etched Handmade Singing Bowls
MI-SB-Z-HM-9,"Singing Bowls Zen Handmade Singing Bowls-9""",60,Etched Handmade Singing Bowls
MI-SB-Z-HM-8,"Singing Bowls Zen Handmade Singing Bowls-8""",60,Etched Handmade Singing Bowls
MI-SB-Z-HM-7,"Singing Bowls Zen Handmade Singing Bowls-7""",60,Etched Handmade Singing Bowls
MI-SB-Z-HM-6,"Singing Bowls Zen Handmade Singing Bowls-6""",60,Etched Handmade Singing Bowls
Mi-SB-H-P-24,"Singing Bowls Handmade Polished -24""",60,Etched Handmade Singing Bowls
Mi-SB-H-P-22,"Singing Bowls Handmade Polished -22""",60,Etched Handmade Singing Bowls
Mi-SB-H-P-20,"Singing Bowls Handmade Polished -20""",60,Etched Handmade Singing Bowls
Mi-SB-H-P-18,"Singing Bowls Handmade Polished -18¯""",60,Etched Handmade Singing Bowls
Mi-SB-H-P-16,"Singing Bowls Handmade Polished -16""",60,Etched Handmade Singing Bowls
Mi-SB-H-P-14,"Singing Bowls Handmade Polished -14""",60,Etched Handmade Singing Bowls
Mi-SB-H-P-13,"Singing Bowls Handmade Polished -13""",60,Etched Handmade Singing Bowls
Mi-SB-H-P-4,"Singing Bowls Handmade Polished-4""",60,Etched Handmade Singing Bowls
Mi-SB-H-I-B-G-14,"Singing Bowls Handmade Ishana - Black -Gold-14""",42,
Mi-SB-H-I-B-G-13,"Singing Bowls Handmade Ishana - Black -Gold-13""",42,
Mi-SB-H-I-B-G-12,"Singing Bowls Handmade Ishana - Black -Gold-12""",42,
Mi-SB-H-I-B-G-11,"Singing Bowls Handmade Ishana - Black -Gold-11""",42,
Mi-SB-H-I-B-G-10,"Singing Bowls Handmade Ishana - Black -Gold-10""",42,
Mi-SB-H-I-B-G-9,"Singing Bowls Handmade Ishana - Black -Gold-9""",42,
Mi-SB-H-I-B-G-8,"Singing Bowls Handmade Ishana - Black -Gold-8""",42,
Mi-SB-H-I-B-G-7,"Singing Bowls Handmade Ishana - Black -Gold-7""",42,
Mi-SB-H-I-B-G-6,"Singing Bowls Handmade Ishana - Black -Gold-6""",42,
MI-SB-H-ET-T-20,"Singing Bowls Handmade Etched -Tara-20""",66,Etched Handmade Singing Bowls
MI-SB-H-ET-T-18,"Singing Bowls Handmade Etched -Tara-18""",66,Etched Handmade Singing Bowls
MI-SB-H-ET-T-16,"Singing Bowls Handmade Etched -Tara-16""",66,Etched Handmade Singing Bowls
MI-SB-H-ET-T-14,"Singing Bowls Handmade Etched -Tara-14""",66,Etched Handmade Singing Bowls
MI-SB-H-ET-T-13,"Singing Bowls Handmade Etched -Tara-13""",66,Etched Handmade Singing Bowls
MI-SB-H-ET-BE-20,"Singing Bowls Handmade Etched - Buddha's Eyes- 20""",50,
MI-SB-H-ET-BE-18,"Singing Bowls Handmade Etched - Buddha's Eyes-18""",50,
MI-SB-H-ET-BE-16,"Singing Bowls Handmade Etched - Buddha's Eyes-16""",50,
MI-SB-H-ET-BE-14,"Singing Bowls Handmade Etched - Buddha's Eyes-14""",50,
MI-SB-H-ET-BE-13,"Singing Bowls Handmade Etched -Buddha's Eyes--13""",50,
MI-SB-H-ET-M-20,"Singing Bowls Handmade Etched Mantra-20""",66,Etched Handmade Singing Bowls
MI-SB-H-ET-M-18,"Singing Bowls Handmade Etched Mantra-18""",66,Etched Handmade Singing Bowls
MI-SB-H-ET-M-16,"Singing Bowls Handmade Etched Mantra-16""",66,Etched Handmade Singing Bowls
MI-SB-H-ET-M-14,"Singing Bowls Handmade Etched Mantra-14""",66,Etched Handmade Singing Bowls
MI-SB-H-ET-M-13,"Singing Bowls Handmade Etched Mantra-13""",66,Etched Handmade Singing Bowls
MI-SB-H-ET-M-12,"Singing Bowls Handmade Etched Mantra-12""",66,Etched Handmade Singing Bowls
MI-SB-H-ET-M-11,"Singing Bowls Handmade Etched Mantra-11""",66,Etched Handmade Singing Bowls
MI-SB-H-ET-M-10,"Singing Bowls Handmade Etched Mantra-10""",66,Etched Handmade Singing Bowls
MI-SB-H-ET-M-9,"Singing Bowls Handmade Etched Mantra-9""",66,Etched Handmade Singing Bowls
MI-SB-H-ET-M-8,"Singing Bowls Handmade Etched Mantra-8""",66,Etched Handmade Singing Bowls
MI-SB-H-ET-M-7,"Singing Bowls Handmade Etched Mantra-7""",66,Etched Handmade Singing Bowls
MI-SB-H-ET-M-6,"Singing Bowls Handmade Etched Mantra-6""",66,Etched Handmade Singing Bowls
MI-SB-H-FM-22,"Singing Bowls Handmade Full moon -22""",66,Full Moon Singing Bowls - All Sizes
MI-SB-H-FM-20,"Singing Bowls Handmade Full moon -20""",66,Full Moon Singing Bowls - All Sizes
MI-SB-H-FM-18,"Singing Bowls Handmade Full moon -18""",66,Full Moon Singing Bowls - All Sizes
MI-SB-H-FM-16,"Singing Bowls Handmade Full moon -16""",66,Full Moon Singing Bowls - All Sizes
MI-SB-H-FM-14,"Singing Bowls Handmade Full moon - 14""",66,Full Moon Singing Bowls - All Sizes
MI-SB-H-FM-4,"Singing Bowls Handmade Full moon 4""",50,
MI-SB-H-AE-11,"Singing Bowls Handmade Antique-11""",60,Etched Handmade Singing Bowls
MI-SB-H-AE-10,"Singing Bowls Handmade Antique-10""",60,Etched Handmade Singing Bowls
MI-SB-H-AE-9,"Singing Bowls Handmade Antique - 9""",60,Etched Handmade Singing Bowls
MI-SB-H-AE-8,"Singing Bowls Handmade Antique - 8""",60,Etched Handmade Singing Bowls
MI-SB-H-AE-7,"Singing Bowls Handmade Antique -7""",60,Etched Handmade Singing Bowls
MI-SB-H-AE-6,"Singing Bowls Handmade Antique -6""",60,Etched Handmade Singing Bowls
MI-SB-H-LM-11,"Singing Bowls Handmade Lingam-11""",60,Etched Handmade Singing Bowls
MI-SB-H-LM-10,"Singing Bowls Handmade Lingam-10""",60,Etched Handmade Singing Bowls
MI-SB-H-LM-9,"Singing Bowls Handmade Lingam -9""",60,Etched Handmade Singing Bowls
MI-SB-H-LM-8,"Singing Bowls Handmade Lingam -8""",60,Etched Handmade Singing Bowls
MI-SB-H-LM-7,"Singing Bowls Handmade Lingam -7""",60,Etched Handmade Singing Bowls
MI-SB-H-lM-6,"Singing Bowls Handmade Lingam -6""",60,Etched Handmade Singing Bowls
MI-SB-7C Set-S-P,Singing Bowls - 7 Chakras set Standard - Polished,42,
MI-SB-7C Set-SM-P,Singing Bowls - 7 Chakras set Small - Polished,42,
MI-SB-7C Set-SM-M,Singing Bowls - 7 Chakras set Small - Matte,42,
MI-SB-7C Set-SM-FM,Singing Bowls- 7 Chakras Set Small - Full Moon,37,
MI-SB-HD,Sing Bowl - Head,66,The Head Bowl
MI-SB-7C Set-L-P,Singing Bowls - 7 Chakras set Large - Polished,42,
MI-G-ET-FOL1-26,"Gong-Etched Flower of Life 1- 26""",28,
MI-G-ET-FOL1-28,"Gong-Etched Flower of Life 1- 28""",28,
MI-G-ET-FOL2-14,"Gong-Etched Flower of Life 2- 14""",28,
MI-G-ET-FOL2-16,"Gong-Etched Flower of Life 2- 16""",28,
MI-G-ET-FOL2-18,"Gong-Etched Flower of Life 2- 18""",28,
MI-G-ET-FOL2-20,"Gong-Etched Flower of Life 2- 20""",28,
MI-G-ET-FOL2-22,"Gong-Etched Flower of Life 2- 22""",28,
MI-G-ET-FOL2-24,"Gong-Etched Flower of Life 2- 24""",28,
MI-G-ET-FOL2-26,"Gong-Etched Flower of Life 2- 26""",28,
MI-G-ET-FOL2-28,"Gong-Etched Flower of Life 2- 28""",28,
MI-G-ET-FOL3-14,"Gong-Etched Flower of Life 3- 14""",28,
MI-G-ET-FOL3-16,"Gong-Etched Flower of Life 3- 16""",28,
MI-G-ET-FOL3-18,"Gong-Etched Flower of Life 3- 18""",28,
MI-G-ET-FOL3-20,"Gong-Etched Flower of Life 3- 20""",28,
MI-G-ET-FOL3-22,"Gong-Etched Flower of Life 3- 22""",28,
MI-G-ET-FOL3-24,"Gong-Etched Flower of Life 3- 24""",28,
MI-G-ET-FOL3-26,"Gong-Etched Flower of Life 3- 26""",28,
MI-G-ET-FOL3-28,"Gong-Etched Flower of Life 3- 28""",28,
MI-G-ET-T-14,"Gong-Etched - Tara - 14""",50,
MI-G-ET-T-16,"Gong-Etched - Tara- 16""",50,
MI-G-ET-T-18,"Gong-Etched - Tara - 18""",50,
MI-G-ET-T-20,"Gong-Etched - Tara - 20""",50,
MI-G-ET-T-22,"Gong-Etched - Tara- 22""",50,
MI-G-ET-T-24,"Gong-Etched - Tara - 24""",50,
MI-G-ET-T-26,"Gong-Etched - Tara - 26""",50,
MI-G-ET-T-28,"Gong-Etched - Tara- 128""",50,
MI-G-ET-O-14,"Gong-Etched - Om- 14""",50,
MI-G-ET-O-16,"Gong-Etched - Om - 16""",50,
MI-G-ET-O-18,"Gong-Etched - Om - 18""",50,
MI-G-ET-O-20,"Gong-Etched - Om - 20""",50,
MI-G-ET-O-22,"Gong-Etched - Om- 22""",50,
MI-G-ET-O-24,"Gong-Etched - Om - 24""",50,
MI-G-ET-O-26,"Gong-Etched - Om- 26""",50,
MI-G-ET-O-28,"Gong-Etched - Om- 28""",50,
MI-SB-M-R-Wd-4.5,Mallet Red Wide-4.5cm,20,
MI-SB-M-B-Wd-4.5,Mallet Black wide-4.5cm,20,
MI-SB-M-R-Wd-6,Mallet Red Wide-6cm,25,
MI-SB-M-B-Wd-6,Mallet Black wide-6cm,25,
MI-SB-M-L-R-6,Mallet Long Red-6cm - Firm Head,16,
MI-SB-M-L-R-7,Mallet Long Red-7cm - Firm Head,16,
MI-SB-M-L-W-7,Mallet Long white-7cm - Firm Head,16,
MI-SB-M-L-W-6,Mallet Long white-6cm - Firm Head,16,
SB-M-S-SH-WT-S,Mallets Striking Streight head White Small,16,
SB-M-S-SH-WT-SD,Mallets Striking Streight head White Standard,16,
SB-M-S-SH-WT-L,Mallets Striking Streight head White Large,16,
SB-M-S-SH-WT-EL,Mallets Striking Streight head White Extra Large,28,
SB-M-S-SH-WT-SL,Mallets Striking Streight head White Super Large,14,
SB-M-S-SH-RD-S,Mallets Striking Streight head Red Small,16,
SB-M-S-SH -RD-SD,Mallets Striking Streight head Red Standard,16,
SB-M-S-SH-RD-L,Mallets Striking Streight head Red Large,16,
SB-M-S-SH-RD-EL,Mallets Striking Streight head Red Extra Large,28,
SB-M-S-SH-RD-SL,Mallets Striking Streight head Red Super Large,14,
SB-M-S-RH-WT-S,Mallets Striking Round head White Small,16,
SB-M-S-RH-WT-SD,Mallets Striking Round head White Standard,16,
SB-M-S-RH-WT-L,Mallets Striking Round head White Large,16,
SB-M-S-RH-WT-EL,Mallets Striking Round head White Extra Large,28,
SB-M-S-RH-RD-S,Mallets Striking Round head Red Small,16,
SB-M-S-RH-RD-SD,Mallets Striking Round head Red Standard,16,
SB-M-S-RH-RD-L,Mallets Striking Round head Red Large,16,
SB-M-S-RH-RD-EL,Mallets Striking Round head Red Extra Large,28,
SB-M-R-RD-W-S,Mallet Rim Red Wide -Small,20,
SB-M-R-RD-W-2,"Mallet Rim Red wide 2""",20,
SB-M-R-RD-W-2.5,"Mallet Rim Red wide 2.5""",16,
SB-M-R-RD-W-3,"Mallet Rim Red wide 3""",20,
SB-M-R-RD-W-4,"Mallet Rim Red wide 4""",20,
SB-M-R-WT-S,Mallet-Rim-White-Wide-Small,20,
SB-M-R-WT-W-2,"Mallet-Rim-White-Wide-2""",20,
SB-M-R-WT-W-2.5,"Mallet-Rim-White-wide-2.5""",16,
SB-M-R-WT-W-3,"Mallet-Rim-White-wide-3""",20,
SB-M-R-WT-W-4,"Mallet-Rim-White-wide-4""",20,
MI-SB-C-SB-10,Silk RIng Cushions for Singing Bowl-Sky Blue-10cms,33,
MI-SB-C-SB-12,Silk RIng Cushions for Singing Bowl-Sky Blue-12cms,33,
MI-SB-C-SB-14,Silk RIng Cushions for Singing Bowl-Sky Blue-14cms,33,
MI-SB-C-SB-16,Silk RIng Cushions for Singing Bowl-Sky Blue-16cms,33,
MI-SB-C-SB-18,Silk RIng Cushions for Singing Bowl-Sky Blue-18cms,33,
MI-SB-C-SB-20,Silk RIng Cushions for Singing Bowl-Sky Blue-20cms,33,
MI-SB-C-SB-22,Silk RIng Cushions for Singing Bowl-Sky Blue-22cms,33,
MI-SB-C-P-10,Silk RIng Cushions for Singing Bowl-Purple-10cms,37,
MI-SB-C-P-12,Silk RIng Cushions for Singing Bowl-Purple-12cms,37,
MI-SB-C-P-14,Silk RIng Cushions for Singing Bowl-Purple-14cms,37,
MI-SB-C-P-16,Silk RIng Cushions for Singing Bowl-Purple-16cms,37,
MI-SB-C-P-18,Silk RIng Cushions for Singing Bowl-Purple 18cms,37,
MI-SB-C-P-20,Silk RIng Cushions for Singing Bowl-Purple-20cms,37,
MI-SB-C-P-22,Silk RIng Cushions for Singing Bowl-Purple 22cms,37,
MI-XP-SR-8,Steel Rod Xylophone - 8 Keys,40,
MI-XP-SR-16,Steel Rod Xylophone - 16 Keys,40,
MI-BCH-P-10,Bar Chime -10 Plain,50,
MI-BCH-AW-10,Bar Chime -10 Artwork,50,
MI-BCH-P-22,Bar chime -22 Keys,50,
MI-D-B-6,"Ind Damroo Brown.-6""",0,
MI-D-M-6,"Ind Damroo Multicolour-6""",0,
MI-D-R-6,"Ind Damroo Red -6""",0,
MI-D-B-5,"Ind Damroo Brown-5""",25,
MI-D-M-5,"Ind Damroo Multicolour-5""",25,
MI-D-R-5,"Ind Damroo Red-5""",25,
MI-D-B-4,"Ind Damroo Brown.-4""",0,
MI-D-M-4,"Ind Damroo Multicolour-4""",0,
MI-D-R-4,"Ind Damroo Red -4""",0,
Mi-D-R-3,"Ind Damroo Multicolour-3""",25,
Mi-D-R-2.5,"Ind Damroo Multicolour-2.5""",20,
MI-D-K,Damroo- Kamroo,0,
Mi-DM-TI-4.5,Sarveda Tibetan Dumroo | Rhombus,25,
Mi-DM-TI-8,Sarveda Tibetan Dumroo | Round,25,
MI -G-R,Indian Ghungroo -Red,33,
MI -G-G,Indian Ghungroo -Green,33,
MI -G-B,Indian Ghungroo -Blue,33,
MI-T-C,Circular Tambourine,0,
MI-T-HM,Half-moon Tambourine,0,
MI-TF-W-7CS,Tuning Forks -W-7Chakra Set,60,Tuning Forks Solfeggio Set
MI-TF-7CS,Tuning Forks -7Chalkara Set,75,Tuning Forks Solfeggio Set
MI-TF-W-SS,Tuning Forks -W-Solfeggio Set,80,Tuning Forks Solfeggio Set
MI-TF-432,Tuning Fork -432 Hz,50,
MI-TF-W-528,Tuning Fork -W-528 Hz,40,
MI-TF-528,Tuning Fork -528 Hz,50,
MI-TF-128,Tuning Fork -128 Hz,50,
MI-TF-256,Tuning Fork -256 Hz,50,
MI-TF-W-OM,Tuning Fork -W-OM,50,
MI-TF-OM,Tuning Fork -OM,66,Tuning Fork Extensions
MI-TF-W-40,Tuning Fork -W-40Hz,50,
MI-TF-40,Tuning Fork -40Hz,66,Tuning Fork Extensions
MI-PT-S,Pulse Tubes- Small,66,Pulse Tubes
MI-PT-M,Pulse Tubes - Medium,66,Pulse Tubes
MI-PT-L,Pulse Tubes - Large,66,Pulse Tubes
MI-AS-2,Sarveda Asalato/Aslatau or Kashaka Shaker | Pair,71,Asalato/Aslatau or Kashaka Shaker
MI-HP,Handpan 9/10 Notes Handpan Drum - Handcrafted to Precision - D Kurd 10,80,9/10 Notes Handpan Drum - Handcrafted to Precision
MI-Gg-Bag-M,Gong Bag Medium,33,
Mi-DM-Bag-St,Drum Bag Standard,33,
Mi-DM-Bag-L,Drum Bag Large,33,
MI-Gg-S-L- D,Gong Stand - Large Dark,50,
MI-Gg-S-M -D,Gong Stand - Meduim Dark,50,
MI-Gg-S-S-D,Gong Stand - Small Dark,50,
MI-Gg-S-L- L,Gong Stand - Large Light,50,
MI-Gg-S-M-L,Gong Stand - Meduim Light,50,
MI-Gg-S-S-L,Gong Stand - Small Light,50,
MI-Gg-Ch-32,"Gong Tam Tam/ Chow 32""",50,
MI-Gg-Ch-30,"Gong Tam Tam/ Chow 30""",50,
MI-Gg-Ch-25,"Gong Tam Tam/ Chow 25""",50,
MI-Gg-Ch-20,"Gong Tam Tam/ Chow 20""",50,
MI-Gg-Ch-15,"Gong Tam Tam/ Chow 15""",50,
MI-SH-S,Shankh/Conch - Small,66,Shankh/Conch
MI-SH-M,Shankh/Conch - Medium,66,Shankh/Conch
MI-SH-L,Shankh/Conch - Large,66,Shankh/Conch
MI-SHB-O1,Shruti Box- 1 Octave,50,
MI-SHB-O2,Shruti Box- 2 Octave,50,
MI-SHB-O3,Shruti Box- 3 Octave,50,
MI-HM-PP,Harmonium - Professional Portable,33,
MI-HM-PM,Harmonium - Mini Portable,33,
Mi-DJB-M-8,"Dejmbes Mahogany - 8""",0,
Mi-DJB-M-10,"Dejmbes Dark Brown - 10""",25,
Mi-DJB-M-12,"Dejmbes Dark Brown - 12""",0,
Mi-DJB-IV-8,"Dejmbes - Ivory -8""",0,
Mi-DJB-IV-10,"Dejmbes - Ivory -10""",33,
Mi-DJB-IV-12,"Dejmbes - Ivory -12""",0,
Mi-SB-HB-Sl,Hanging Bowl - Single,33,
Mi-SB-HB-Th,Hanging Bowls - Three,66,Hanging Bowls/Zen Drops
Mi-Gg-P-C,Gong Plate C note,25,
Mi-Gg-P-D,Gong Plate D note,25,
Mi-Gg-P-E,Gong Plate E note,25,
Mi-Gg-P-F,Gong Plate F note,25,
Mi-Gg-P-G,Gong Plate G note,25,
Mi-Gg-P-A,Gong Plate A note,25,
Mi-Gg-P-B,Gong Plate B note,25,
Co- MI-Gg-P-Set-S,7 Gong Plates CDEFGAB + Stand,40,
EC-2,Eye Cups-2,33,
Mi-BF-P,Bird Flute Pair,66,Bird Flute
