db_sku,product_name,attrs,slug,variant_id
MI-OD-D-30,Ocean Drums,[],ocean-drums,0eb543ad-2ca2-4637-8391-8b4665bd44d6
MI-OD-D-35,Ocean Drums,[],ocean-drums,002be618-31b4-4faf-a559-12a052c3e5d0
MI-OD-D-40,Ocean Drums,[],ocean-drums,f1e9ee9d-8f90-400d-967a-6a2fd9824063
MI-SB-HM-UN,Handmade Universal Bowl for Sound Healing,[],handmade-universal-bowl-for-sound-healing,e446846a-ad22-422a-aa47-0285904fd37c
Mi-SB-Z-8,"Vibroacoustic Therapy Bowls - Universal, Belly and Head",[],vibroacoustic-therapy-bowls-universal-belly-and-head,57aea300-e677-4849-ad04-2799aa406736
Mi-SB-Z-10,"Vibroacoustic Therapy Bowls - Universal, Belly and Head",[],vibroacoustic-therapy-bowls-universal-belly-and-head,34d9c756-4ebb-4e1b-be97-0828e7d790f6
Mi-SB-Z-9,"Vibroacoustic Therapy Bowls - Universal, Belly and Head",[],vibroacoustic-therapy-bowls-universal-belly-and-head,c3d1c654-226f-4e86-9781-baf60d59db69
MI-RS-N,Bamboo Rainstick,[],bamboo-rainstick-49779,bb2e4ddf-530f-496d-8ffa-594c3fb37f67
MI-SB-JB,Joint Bowl or Knee Cut Bowl,[],joint-bowl-or-knee-cut-bowl,057743cd-3e56-4d88-aa79-2b06f5397a87
MI-SB-H-ET-B-6,Etched Handmade Singing Bowls,[],etched-handmade-singing-bowls,727e59f9-586f-48c7-9350-e997aa5ecc45
MI-SB-GE-10,Etched Handmade Singing Bowls,[],etched-handmade-singing-bowls,c49324af-43ac-46b0-b9c2-2dcd15e05225
MI-SB-GE-11,Etched Handmade Singing Bowls,[],etched-handmade-singing-bowls,07fc49dc-c5cb-4ef9-824d-7c62f801b8c5
MI-SB-GE-12,Etched Handmade Singing Bowls,[],etched-handmade-singing-bowls,b7045c3e-087b-4830-bd2a-279d7600743d
MI-SB-GE-6,Etched Handmade Singing Bowls,[],etched-handmade-singing-bowls,022a2745-4743-4681-b411-0543b2d5bcee
MI-SB-GE-7,Etched Handmade Singing Bowls,[],etched-handmade-singing-bowls,a38caedc-b743-4268-b4b6-56e0e8076339
MI-SB-GE-8,Etched Handmade Singing Bowls,[],etched-handmade-singing-bowls,573ceb44-83ad-403a-8308-4260c5846385
MI-SB-GE-9,Etched Handmade Singing Bowls,[],etched-handmade-singing-bowls,b1f6fdfe-0ab6-43c1-a888-62d5463cdaac
MI-SB-GF-10,Etched Handmade Singing Bowls,[],etched-handmade-singing-bowls,f1910e54-0065-45db-bb14-807d71cdd53e
MI-SB-GF-11,Etched Handmade Singing Bowls,[],etched-handmade-singing-bowls,c7044b6d-b068-4f44-90a8-f33564e2511b
MI-SB-GF-12,Etched Handmade Singing Bowls,[],etched-handmade-singing-bowls,a588ba34-e146-4655-81ce-5027490de8ec
MI-SB-GF-6,Etched Handmade Singing Bowls,[],etched-handmade-singing-bowls,b3fa7b96-e7a0-4d4b-8dd4-b1408afb6c0b
MI-SB-GF-7,Etched Handmade Singing Bowls,[],etched-handmade-singing-bowls,ce048911-a49d-476e-ba46-4cb02af9ed52
MI-SB-GF-8,Etched Handmade Singing Bowls,[],etched-handmade-singing-bowls,ad89a608-7f00-4a65-ae34-20ac338ba836
MI-SB-GF-9,Etched Handmade Singing Bowls,[],etched-handmade-singing-bowls,f053376c-144d-4316-a7bd-d40708832833
MI-SB-H-ET-B-10,Etched Handmade Singing Bowls,[],etched-handmade-singing-bowls,7b0c6630-f316-4eaa-839a-405882336086
MI-SB-H-ET-B-11,Etched Handmade Singing Bowls,[],etched-handmade-singing-bowls,5971b4e3-218e-49d1-be21-31fa46dc4a6f
MI-SB-H-ET-B-12,Etched Handmade Singing Bowls,[],etched-handmade-singing-bowls,a0272d32-2ea6-4913-9205-720ffca413b6
MI-SB-H-ET-B-7,Etched Handmade Singing Bowls,[],etched-handmade-singing-bowls,1dd85713-1d83-4192-ad38-b5d66ec8e025
MI-SB-H-ET-B-8,Etched Handmade Singing Bowls,[],etched-handmade-singing-bowls,d59441d8-8e28-4cbb-880c-a4e0e8215dee
MI-SB-H-ET-B-9,Etched Handmade Singing Bowls,[],etched-handmade-singing-bowls,cf610281-c614-4600-99b3-3e8fac192aba
MI-SB-H-ET-C-10,Etched Handmade Singing Bowls,[],etched-handmade-singing-bowls,cbf81fd1-f9be-45c4-9bb2-00748583d8c3
MI-SB-H-ET-C-11,Etched Handmade Singing Bowls,[],etched-handmade-singing-bowls,9c1c6203-1286-4761-8d41-31d019ed6151
MI-SB-H-ET-C-12,Etched Handmade Singing Bowls,[],etched-handmade-singing-bowls,d164fa34-07bb-4a3c-ba51-2f9eda058d99
MI-SB-H-ET-C-6,Etched Handmade Singing Bowls,[],etched-handmade-singing-bowls,285b6cb8-f6d4-4635-a607-19f30800a7be
MI-SB-H-ET-C-7,Etched Handmade Singing Bowls,[],etched-handmade-singing-bowls,3ae602c2-50a7-4f71-8314-72eca7d52cb5
MI-SB-H-ET-C-8,Etched Handmade Singing Bowls,[],etched-handmade-singing-bowls,a2b8aa0a-1ca2-408e-ba7c-9b923f15ed75
MI-SB-H-ET-C-9,Etched Handmade Singing Bowls,[],etched-handmade-singing-bowls,efd2de8a-8aad-4af2-8da3-293ad49b6402
MI-SB-H-ET-DJ-10,Etched Handmade Singing Bowls,[],etched-handmade-singing-bowls,87591cd3-2b90-437c-83f5-27e5338df845
MI-SB-H-ET-DJ-11,Etched Handmade Singing Bowls,[],etched-handmade-singing-bowls,a53f7088-9a20-4cf2-a802-abfe34ac7c2d
MI-SB-H-ET-DJ-12,Etched Handmade Singing Bowls,[],etched-handmade-singing-bowls,e050d19c-7a16-4932-b946-267d6458f205
MI-SB-H-ET-DJ-6,Etched Handmade Singing Bowls,[],etched-handmade-singing-bowls,5c9966e8-93ba-4b6b-9426-206ea6967108
MI-SB-H-ET-DJ-7,Etched Handmade Singing Bowls,[],etched-handmade-singing-bowls,3557b715-5e64-4c4d-8985-65e6b6b2106e
MI-SB-H-ET-DJ-8,Etched Handmade Singing Bowls,[],etched-handmade-singing-bowls,d685821d-10a7-49e4-b65d-f5fe4a4daff8
MI-SB-H-ET-DJ-9,Etched Handmade Singing Bowls,[],etched-handmade-singing-bowls,279a3df2-e59e-4f17-ba89-0820876db5c3
MI-SB-H-ET-FL-10,Etched Handmade Singing Bowls,[],etched-handmade-singing-bowls,9063dadc-3ccc-4365-a106-bf018d586c47
MI-SB-H-ET-FL-11,Etched Handmade Singing Bowls,[],etched-handmade-singing-bowls,b1c39f5c-0a5f-47ff-81d8-80ba1f29eb9c
MI-SB-H-ET-FL-12,Etched Handmade Singing Bowls,[],etched-handmade-singing-bowls,cea29bf6-2680-4f5d-834d-fa853f407286
MI-SB-H-ET-FL-6,Etched Handmade Singing Bowls,[],etched-handmade-singing-bowls,0f6c53f6-ed00-45be-a78d-c96efc6ad7ca
MI-SB-H-ET-FL-7,Etched Handmade Singing Bowls,[],etched-handmade-singing-bowls,faf2b79c-b833-4e4c-8cca-a3de12b3e2ab
MI-SB-H-ET-FL-8,Etched Handmade Singing Bowls,[],etched-handmade-singing-bowls,58c5b197-ac02-44b4-87c3-6cdac7bc8bed
MI-SB-H-ET-FL-9,Etched Handmade Singing Bowls,[],etched-handmade-singing-bowls,615c36e5-ab4d-412a-a94f-af6ad2d71b3a
MI-SB-H-ET-O-C-6,Etched Handmade Singing Bowls,[],etched-handmade-singing-bowls,074885a4-26d6-4ad3-89f7-cdee2cde573c
MI-XP-B-5,Natural Bamboo Xylophone with 5 Keys,[],natural-bamboo-xylophone-with-5-keys,746bc289-3ced-4438-a278-aa65a3b70ec7
MI-G-ET-F-OM-14,Etched Plain/Wind Gong,[],etched-plain-wind-gong,adb4ca27-1419-46fa-91ab-dd110b23bfcd
MI-G-ET-F-OM-16,Etched Plain/Wind Gong,[],etched-plain-wind-gong,3eebec5b-e25b-4056-83d7-220cf42e7558
MI-G-ET-F-OM-18,Etched Plain/Wind Gong,[],etched-plain-wind-gong,151354d6-413a-47af-83c6-6ac8d6bac325
MI-G-ET-F-OM-20,Etched Plain/Wind Gong,[],etched-plain-wind-gong,2c7d9e13-de8e-4058-86ef-19662eeb1660
MI-G-ET-F-OM-22,Etched Plain/Wind Gong,[],etched-plain-wind-gong,3a742f0f-0a31-4276-865c-eea4d6cba375
MI-G-ET-F-OM-24,Etched Plain/Wind Gong,[],etched-plain-wind-gong,890e7892-64b5-42e2-b292-6336e5356a1c
MI-G-ET-F-OM-26,Etched Plain/Wind Gong,[],etched-plain-wind-gong,d7a6f09e-e6de-4ee1-9e5a-c58b3f5d87c1
MI-G-ET-F-OM-28,Etched Plain/Wind Gong,[],etched-plain-wind-gong,0fb380b9-f69b-4dfb-a11e-6a9577fe5f8f
MI-SB-H-ET-DJ-14,Etched Plain/Wind Gong,[],etched-plain-wind-gong,6fb95b1f-3a2b-42d7-aa1e-f20e3fe72be1
MI-SB-H-ET-DJ-16,Etched Plain/Wind Gong,[],etched-plain-wind-gong,97a8886b-7a70-438d-a865-3a689dcc6d74
MI-SB-H-ET-DJ-18,Etched Plain/Wind Gong,[],etched-plain-wind-gong,cbc6e02b-56e4-4a22-a87d-ccfb3c5c0eb3
MI-SB-H-ET-DJ-20,Etched Plain/Wind Gong,[],etched-plain-wind-gong,9a3040de-a6c1-44ba-837e-9412657d9a7d
MI-SB-H-ET-DJ-22,Etched Plain/Wind Gong,[],etched-plain-wind-gong,8353230f-2168-4729-b426-5dcd0c25ec18
MI-SB-H-ET-DJ-24,Etched Plain/Wind Gong,[],etched-plain-wind-gong,d9658492-329d-40af-a39a-87905865fcd3
MI-SB-H-ET-DJ-26,Etched Plain/Wind Gong,[],etched-plain-wind-gong,5662b7e8-3f7d-42c5-934a-6a9975b34444
MI-SB-H-ET-DJ-28,Etched Plain/Wind Gong,[],etched-plain-wind-gong,5e056a5a-1465-4fa0-894b-e8422eda8821
MI-SB-H-ET-TR-14,Etched Plain/Wind Gong,[],etched-plain-wind-gong,48a1f827-effa-401a-be79-247be6de4d88
MI-SB-H-ET-TR-16,Etched Plain/Wind Gong,[],etched-plain-wind-gong,39fb0e3d-d784-48bb-8579-9a1453b26e30
MI-SB-H-ET-TR-18,Etched Plain/Wind Gong,[],etched-plain-wind-gong,1e5bcf1f-e6c6-472b-9165-a9bbd43e7145
MI-SB-H-ET-TR-20,Etched Plain/Wind Gong,[],etched-plain-wind-gong,cdf85bab-c821-49c8-bc67-a01369fb1a99
MI-SB-H-ET-TR-22,Etched Plain/Wind Gong,[],etched-plain-wind-gong,758c471d-ede7-40ff-a487-6f4130c3c827
MI-SB-H-ET-TR-24,Etched Plain/Wind Gong,[],etched-plain-wind-gong,819be411-67e5-49bd-bdf8-2c843a4e3e99
MI-SB-H-ET-TR-26,Etched Plain/Wind Gong,[],etched-plain-wind-gong,d58ecb68-5dcd-4ca3-9a5d-7e956d205a3c
MI-SB-H-ET-TR-28,Etched Plain/Wind Gong,[],etched-plain-wind-gong,c450c2e4-3fac-4fd1-8d22-4df80bc30238
MI-SB-P-BK-3.5,Singing Bowls with Sacred Mantra Printed,[],singing-bowls-with-sacred-mantra-printed,b522c1f9-812c-427a-a5c8-45becc03278d
Mi-SB-H-M-10,Handmade Singing Bowls - All Sizes,[],handmade-singing-bowls-all-sizes,a8d1c05e-9c95-4c46-a805-681ee35495cf
Mi-SB-H-M-11,Handmade Singing Bowls - All Sizes,[],handmade-singing-bowls-all-sizes,32584531-63ae-42f3-8b7a-1b84a4da1639
Mi-SB-H-M-5,Handmade Singing Bowls - All Sizes,[],handmade-singing-bowls-all-sizes,234e30b5-43ae-465f-a927-64cdfb99ab13
Mi-SB-H-M-8,Handmade Singing Bowls - All Sizes,[],handmade-singing-bowls-all-sizes,7ffa2856-17f7-402c-b622-3e2adbfeedc9
Mi-SB-H-M-9,Handmade Singing Bowls - All Sizes,[],handmade-singing-bowls-all-sizes,f318dcf7-1fcb-4eab-ab04-1c5dfff242e9
MI-KCS-PE,7-Key Kalimba Made from Coconut Shell - Painted & Plain,[],7-key-kalimba-made-from-coconut-shell-painted-plain,68551cbe-8603-4f35-ba93-ffad54a9ec77
Me-C-Z-L-RP-1,Crescent Zafu Cushion - Wide,[],crescent-zafu-cushion-wide,6b255b94-ece6-4df8-98fd-4e88c3af80b1
Me-C-Z-L-L-1,Crescent Zafu Cushion - Wide,[],crescent-zafu-cushion-wide,ecd82830-84fc-4ccb-a269-5f303366b3eb
Me-C-Z-L-MB-1,Crescent Zafu Cushion - Wide,[],crescent-zafu-cushion-wide,4351bab1-37a2-42d6-991c-385bc07ce94c
MI-BJH,Bamboo Jaw Harp,[],bamboo-jaw-harp,f0322390-9e4d-43ba-b96c-aebb1605c65b
CB-7CP-B-1,7 Chakras Copper Water Bottles with Handle,[],7-chakras-copper-water-bottles-with-handle,3dba5364-4ba1-4261-9cb4-6497c09b9e0a
CB-7CP-1,7 Chakras Copper Water Bottles with Handle,[],7-chakras-copper-water-bottles-with-handle,26cc0383-81bd-4855-a8ec-abcb38dede87
CB-7CV-1,7 Chakras Copper Water Bottles with Handle,[],7-chakras-copper-water-bottles-with-handle,8449594e-a2eb-4f95-bce8-0cfe60eed18a
CB-7CV-B-1,7 Chakras Copper Water Bottles with Handle,[],7-chakras-copper-water-bottles-with-handle,345f2b9c-1a9a-4f4a-a3d5-3878ed9771d8
Mi-SB-MD-P-22,Extra Large Meridian Singing Bowls,[],extra-large-meridian-singing-bowls,1f37d34e-7229-4cd6-99d1-3f6c6d133f87
Mi-SB-MD-E-18,Extra Large Meridian Singing Bowls,[],extra-large-meridian-singing-bowls,5b5dd267-1d34-485f-840e-5833a45d1158
Mi-SB-MD-E-20,Extra Large Meridian Singing Bowls,[],extra-large-meridian-singing-bowls,f560a695-8be1-4589-a69f-7beda4d6e4f5
Mi-SB-MD-E-22,Extra Large Meridian Singing Bowls,[],extra-large-meridian-singing-bowls,dfc69f0f-ee0d-4879-a716-d8e35ee55c5f
Mi-SB-MD-E-24,Extra Large Meridian Singing Bowls,[],extra-large-meridian-singing-bowls,4ad322ca-0507-40d5-bd30-01a1408cdfb3
Mi-SB-MD-E-26,Extra Large Meridian Singing Bowls,[],extra-large-meridian-singing-bowls,b3a8e143-c9f8-4a85-9ff6-77ec02334b0f
Mi-SB-MD-P-18,Extra Large Meridian Singing Bowls,[],extra-large-meridian-singing-bowls,9c6e7e3f-905a-444e-b7ec-3327a5416898
Mi-SB-MD-P-20,Extra Large Meridian Singing Bowls,[],extra-large-meridian-singing-bowls,907e0ecc-c89c-4f5e-a7ec-b062c2afb473
Mi-SB-MD-P-24,Extra Large Meridian Singing Bowls,[],extra-large-meridian-singing-bowls,cd5777fe-4b30-42dd-8627-9988c25b8464
Mi-SB-MD-P-26,Extra Large Meridian Singing Bowls,[],extra-large-meridian-singing-bowls,b4f8e763-4ccb-4ffd-b88f-34ed8dec2e32
Yo-BR-RE-LG,Rectangular Yoga Bolster,[],rectangular-yoga-bolster,06bd5644-3d9e-4262-829e-e84bb8c4016e
Co-Me-C-Z-Zn-LR-E-L,Zafu & Zabuton Meditation Cushion Combo - Lotus Embroidery,[],zafu-zabuton-meditation-cushion-combo-lotus-embroidery,aa48ea22-a3a6-4296-b544-fe929986edaa
Co-Me-C-Z-Zn-LG-E-L,Zafu & Zabuton Meditation Cushion Combo - Lotus Embroidery,[],zafu-zabuton-meditation-cushion-combo-lotus-embroidery,13183064-c9de-493e-b304-d8a35ac343e8
Co-Me-C-Z-Zn-MB-E-L,Zafu & Zabuton Meditation Cushion Combo - Lotus Embroidery,[],zafu-zabuton-meditation-cushion-combo-lotus-embroidery,dac965f3-44e9-409b-b660-f0cebaf7b6fa
Yo-P-E-RE-1,Eye Shaped Natural Lavender Scented Eye Pillows,[],eye-shaped-natural-lavender-scented-eye-pillows,3098c929-57cb-4ee0-8d69-8cbbbabdd02f
Yo-P-E-DG-1,Eye Shaped Natural Lavender Scented Eye Pillows,[],eye-shaped-natural-lavender-scented-eye-pillows,999c24a7-fd9b-418d-81f9-dee2c1847e37
Yo-P-E-GY-1,Eye Shaped Natural Lavender Scented Eye Pillows,[],eye-shaped-natural-lavender-scented-eye-pillows,98e4bd55-8fad-4a05-aa25-b171bc66feed
Yo-P-E-NB-1,Eye Shaped Natural Lavender Scented Eye Pillows,[],eye-shaped-natural-lavender-scented-eye-pillows,600ed6e4-8f93-47a1-baa3-f51a5b82ddd7
Yo-P-E-SE-1,Eye Shaped Natural Lavender Scented Eye Pillows,[],eye-shaped-natural-lavender-scented-eye-pillows,b2747564-6beb-47b8-9c66-49f678b0b9e3
MI-TD-YY,Spin/Twist Drum or Den Den Daiko,[],spin-twist-drum-or-den-den-daiko,76022954-0bff-4933-bbe6-f14319f2735f
MI-TD-RB,Spin/Twist Drum or Den Den Daiko,[],spin-twist-drum-or-den-den-daiko,435d569c-e9ae-4fc3-b468-a254a38906f1
MI-ES-P-R,Painted Egg Shakers,[],painted-egg-shakers,e32b4769-31b7-47ce-9a65-1611064c2b73
MI-ES-P-A,Painted Egg Shakers,[],painted-egg-shakers,401e0fc8-7c73-4a6d-97dd-0293b255b079
MI-ES-P-B,Painted Egg Shakers,[],painted-egg-shakers,2f1442f4-6b2e-47e7-bd0b-3928f37c11ba
CO-Me-Zf-Zn-C-GY,Zafu & Zabuton Meditation Cushion Combo,[],zafu-zabuton-meditation-cushion-combo,3abda024-edea-4ad8-8de3-3a46fb0be31a
Co-Me-C-Z-Zn-LG,Zafu & Zabuton Meditation Cushion Combo,[],zafu-zabuton-meditation-cushion-combo,c8e141e7-c922-4c28-8aea-b85fa2ed20e4
Co-Me-C-Z-Zn-LR,Zafu & Zabuton Meditation Cushion Combo,[],zafu-zabuton-meditation-cushion-combo,19010b6c-118e-406a-a7f5-2990f69bc9c2
Co-Me-C-Z-Zn-MB,Zafu & Zabuton Meditation Cushion Combo,[],zafu-zabuton-meditation-cushion-combo,3db6be85-a95d-4d11-ae55-7d2e43374b88
CO-Me-Zf-Zn-C-NB,Zafu & Zabuton Meditation Cushion Combo,[],zafu-zabuton-meditation-cushion-combo,27b07dd2-50e8-4a64-b34b-da8521df0ef1
Me-C-HZ-M,Hi-Zafu Meditation Cushion - Filled with Buckwheat,[],hi-zafu-meditation-cushion-filled-with-buckwheat,9d954373-60ec-4b25-bb2b-ad0bb0ca3c49
Me-C-HZ-R,Hi-Zafu Meditation Cushion - Filled with Buckwheat,[],hi-zafu-meditation-cushion-filled-with-buckwheat,739b6e6b-693e-4506-a27e-88642ac9c7d4
Me-Z-R-C-DG,Zafu Meditation Cushion Plain Filled with Cotton,[],zafu-meditation-cushion-plain-filled-with-cotton,4354beef-6817-4c79-8cc4-ee63dd973715
Me-Z-R-C-GY,Zafu Meditation Cushion Plain Filled with Cotton,[],zafu-meditation-cushion-plain-filled-with-cotton,91bc607f-3ce5-48b7-b156-ba0b3eaae4a8
Me-Z-R-C-NB,Zafu Meditation Cushion Plain Filled with Cotton,[],zafu-meditation-cushion-plain-filled-with-cotton,1d529511-aaca-4e00-902b-afc684f1aaf2
Me-Z-R-C-O,Zafu Meditation Cushion Plain Filled with Cotton,[],zafu-meditation-cushion-plain-filled-with-cotton,0259fbec-59d9-4959-9741-0cb15ed53b16
Me-Z-R-C-RE,Zafu Meditation Cushion Plain Filled with Cotton,[],zafu-meditation-cushion-plain-filled-with-cotton,b047a140-cd36-4b41-83ba-4853a3848998
Me-Z-R-C-SE,Zafu Meditation Cushion Plain Filled with Cotton,[],zafu-meditation-cushion-plain-filled-with-cotton,c41e71d5-aa63-4d51-81e4-71cea2480598
Me-Z-R-LG,Zafu Meditation Cushion Plain Filled with Cotton,[],zafu-meditation-cushion-plain-filled-with-cotton,ecf4cddc-e55e-4b81-b2e7-8745236950be
Me-Z-R-LR,Zafu Meditation Cushion Plain Filled with Cotton,[],zafu-meditation-cushion-plain-filled-with-cotton,b9e6d623-f2d7-4c4f-bbf1-a794bc909148
Me-Z-R-MB,Zafu Meditation Cushion Plain Filled with Cotton,[],zafu-meditation-cushion-plain-filled-with-cotton,4b2741da-d1db-4e27-8619-9a1f62331f89
Yo-BR-R-M,Round Yoga Bolster,[],round-yoga-bolster,d1e3775b-0f8e-48b3-b324-e0ddba7dd4bc
Yo-BT-C-NT,Yoga Blanket made from Organic Cotton,[],yoga-blanket-made-from-organic-cotton,65f0286b-6fac-4fe4-acfa-cfa81b262994
SSS-2,Stainless Steel Straws,[],stainless-steel-straws,c8714ecd-6fdf-41f2-b226-aca7bb6e6c5f
SSS-4,Stainless Steel Straws,[],stainless-steel-straws,10ae5141-03c2-411a-800f-a2bd5e2e1c04
CB-7CP-B-.5,7 Chakras Copper Water Bottles,[],7-chakras-copper-water-bottles,41486a94-1d3b-4289-8f65-c72aa7193671
CB-7CP-B,7 Chakras Copper Water Bottles,[],7-chakras-copper-water-bottles,fac07400-34d6-4742-9419-16dd85f37d10
CB-7CV-B,7 Chakras Copper Water Bottles,[],7-chakras-copper-water-bottles,630cfde3-f1bb-49b8-9345-894edc026720
CB-7CV-B-.5,7 Chakras Copper Water Bottles,[],7-chakras-copper-water-bottles,515c45e1-bac8-4e9b-94ab-91fec92230d6
CB-CP-B,"Grooved, Hammered & Plain Copper Bottle",[],grooved-hammered-plain-copper-bottle,5682cd8a-c180-4fb8-98b3-04210515e516
CB-CDG-B,"Grooved, Hammered & Plain Copper Bottle",[],grooved-hammered-plain-copper-bottle,0f54f08e-d179-44ce-b9b0-fe084b255a70
CB-CPH-B,"Grooved, Hammered & Plain Copper Bottle",[],grooved-hammered-plain-copper-bottle,b8b31006-be0b-4963-abff-8ac7b525d6d1
CB-CV-B,"Grooved, Hammered & Plain Copper Bottle",[],grooved-hammered-plain-copper-bottle,3d924677-3180-41c5-923d-2160c0e1fa15
CB-CVDG-B,"Grooved, Hammered & Plain Copper Bottle",[],grooved-hammered-plain-copper-bottle,638be162-5be1-4513-9859-1918784021bc
CB-CVH-B,"Grooved, Hammered & Plain Copper Bottle",[],grooved-hammered-plain-copper-bottle,a837a965-6b01-4659-94cf-6df10bdd5297
CO-MI-CS-SRE,Mini Coconut Shakers - 3 Types,[],mini-coconut-shakers-3-types,66458626-3cd1-440b-b7ad-e423feb6e781
CB-T-B-.5,Artistically Designed Copper Bottles,[],artistically-designed-copper-bottles,1ba66d8a-9597-4809-999c-f6997ff50133
CB-BM-B,Artistically Designed Copper Bottles,[],artistically-designed-copper-bottles,bb57a994-1e3c-431a-9069-def8f1599cd7
CB-BM-B-.5,Artistically Designed Copper Bottles,[],artistically-designed-copper-bottles,9c432510-11fc-45ce-9c3c-966e9e993a3d
CB-HW-B,Artistically Designed Copper Bottles,[],artistically-designed-copper-bottles,609dd181-7710-4c51-ba09-f5a321fbab47
CB-HW-B.-.5,Artistically Designed Copper Bottles,[],artistically-designed-copper-bottles,1e1b51f8-65c4-4718-bcb3-a42de13699de
CB-OL-B,Artistically Designed Copper Bottles,[],artistically-designed-copper-bottles,5e1881ce-e393-4571-b268-aa86c4cabee0
CB-OL-B-.5,Artistically Designed Copper Bottles,[],artistically-designed-copper-bottles,2c597538-ec03-4860-9aa6-ef0a39130dab
CB-PNT-B,Artistically Designed Copper Bottles,[],artistically-designed-copper-bottles,a050f331-ee01-4d32-8421-a87c7fb2a01d
CB-PNT-B-.5,Artistically Designed Copper Bottles,[],artistically-designed-copper-bottles,04932c25-324b-4598-90d9-9c986bcac9ec
CB-T-B,Artistically Designed Copper Bottles,[],artistically-designed-copper-bottles,fcffdde7-cf8d-4b94-a186-37b296c50081
NTB-2,Eco-Friendly Neem Wood Toothbrush,[],eco-friendly-neem-wood-toothbrush,de0133be-227b-4eed-a736-d9ffb0ebe050
NTB-4,Eco-Friendly Neem Wood Toothbrush,[],eco-friendly-neem-wood-toothbrush,2b9231d2-0260-422b-b416-2e5996843a9a
