sku,product_slug,product_name,product_status,variant_status,sale,mrp
MI-TD-11N-B-6,11-note-tongue-drum,11 Note Tongue Drum,ACTIVE,ACTIVE,5850.0,6850.0
MI-TD-11N-B-8,11-note-tongue-drum,11 Note Tongue Drum,ACTIVE,ACTIVE,6750.0,7850.0
MI-TD-11N-W-6,11-note-tongue-drum,11 Note Tongue Drum,ACTIVE,ACTIVE,5850.0,6850.0
MI-TD-11N-W-8,11-note-tongue-drum,11 Note Tongue Drum,ACTIVE,ACTIVE,6750.0,7850.0
MI-BCH-32,32-rods-bar-chime,32 Rods - Bar Chime,ACTIVE,ACTIVE,5850.0,7605.0
REMOVED-0c1d9dba-woo-var-43493,7-chakras-gold-copper-bottle,7 Chakras Gold - Copper Bottle,ACTIVE,INACTIVE,1245.0,1619.0
REMOVED-3b4a70c5-woo-var-5784,7-chakras-gold-copper-bottle,7 Chakras Gold - Copper Bottle,ACTIVE,INACTIVE,925.0,1203.0
REMOVED-4b5ed50e-woo-var-5785,7-chakras-gold-copper-bottle,7 Chakras Gold - Copper Bottle,ACTIVE,INACTIVE,995.0,1294.0
REMOVED-b79fa3da-woo-var-43494,7-chakras-gold-copper-bottle,7 Chakras Gold - Copper Bottle,ACTIVE,INACTIVE,1345.0,1749.0
REMOVED-02a68bc8-woo-var-8475,7-chakras-moderate-grip-yoga-mat,7 Chakras Moderate Grip Yoga Mat,ACTIVE,INACTIVE,1790.0,2450.0
REMOVED-03abb8f8-woo-var-8440,7-chakras-moderate-grip-yoga-mat,7 Chakras Moderate Grip Yoga Mat,ACTIVE,INACTIVE,2190.0,3050.0
REMOVED-168143f8-woo-var-8429,7-chakras-moderate-grip-yoga-mat,7 Chakras Moderate Grip Yoga Mat,ACTIVE,INACTIVE,2190.0,3050.0
REMOVED-1ea58ac9-woo-var-8426,7-chakras-moderate-grip-yoga-mat,7 Chakras Moderate Grip Yoga Mat,ACTIVE,INACTIVE,2190.0,3050.0
REMOVED-1f013213-woo-var-8474,7-chakras-moderate-grip-yoga-mat,7 Chakras Moderate Grip Yoga Mat,ACTIVE,INACTIVE,1790.0,2450.0
REMOVED-2d84841a-woo-var-8434,7-chakras-moderate-grip-yoga-mat,7 Chakras Moderate Grip Yoga Mat,ACTIVE,INACTIVE,2190.0,3050.0
REMOVED-2fe3d132-woo-var-8476,7-chakras-moderate-grip-yoga-mat,7 Chakras Moderate Grip Yoga Mat,ACTIVE,INACTIVE,1790.0,2450.0
REMOVED-4008d8cb-woo-var-8439,7-chakras-moderate-grip-yoga-mat,7 Chakras Moderate Grip Yoga Mat,ACTIVE,INACTIVE,2190.0,3050.0
REMOVED-49f0e821-woo-var-8427,7-chakras-moderate-grip-yoga-mat,7 Chakras Moderate Grip Yoga Mat,ACTIVE,INACTIVE,2190.0,3050.0
REMOVED-4c960055-woo-var-8431,7-chakras-moderate-grip-yoga-mat,7 Chakras Moderate Grip Yoga Mat,ACTIVE,INACTIVE,2190.0,3050.0
REMOVED-56fc4321-woo-var-8471,7-chakras-moderate-grip-yoga-mat,7 Chakras Moderate Grip Yoga Mat,ACTIVE,INACTIVE,1790.0,2450.0
REMOVED-63b376e8-woo-var-8430,7-chakras-moderate-grip-yoga-mat,7 Chakras Moderate Grip Yoga Mat,ACTIVE,INACTIVE,2190.0,3050.0
REMOVED-688401ba-woo-var-8435,7-chakras-moderate-grip-yoga-mat,7 Chakras Moderate Grip Yoga Mat,ACTIVE,INACTIVE,2190.0,3050.0
REMOVED-6f84be26-woo-var-8432,7-chakras-moderate-grip-yoga-mat,7 Chakras Moderate Grip Yoga Mat,ACTIVE,INACTIVE,2190.0,3050.0
REMOVED-7e756bb0-woo-var-8437,7-chakras-moderate-grip-yoga-mat,7 Chakras Moderate Grip Yoga Mat,ACTIVE,INACTIVE,2190.0,3050.0
REMOVED-83274688-woo-var-8442,7-chakras-moderate-grip-yoga-mat,7 Chakras Moderate Grip Yoga Mat,ACTIVE,INACTIVE,2190.0,3050.0
REMOVED-83db4e6e-woo-var-8433,7-chakras-moderate-grip-yoga-mat,7 Chakras Moderate Grip Yoga Mat,ACTIVE,INACTIVE,2190.0,3050.0
REMOVED-989fbeb2-woo-var-8438,7-chakras-moderate-grip-yoga-mat,7 Chakras Moderate Grip Yoga Mat,ACTIVE,INACTIVE,2190.0,3050.0
REMOVED-a4cecb66-woo-var-8436,7-chakras-moderate-grip-yoga-mat,7 Chakras Moderate Grip Yoga Mat,ACTIVE,INACTIVE,2190.0,3050.0
REMOVED-b20c6c9d-woo-var-8423,7-chakras-moderate-grip-yoga-mat,7 Chakras Moderate Grip Yoga Mat,ACTIVE,INACTIVE,2190.0,3050.0
REMOVED-b8c09c02-woo-var-8441,7-chakras-moderate-grip-yoga-mat,7 Chakras Moderate Grip Yoga Mat,ACTIVE,INACTIVE,2190.0,3050.0
REMOVED-ba8cbbda-woo-var-8425,7-chakras-moderate-grip-yoga-mat,7 Chakras Moderate Grip Yoga Mat,ACTIVE,INACTIVE,2190.0,3050.0
REMOVED-e3be03b7-woo-var-8428,7-chakras-moderate-grip-yoga-mat,7 Chakras Moderate Grip Yoga Mat,ACTIVE,INACTIVE,2190.0,3050.0
REMOVED-f0532a4a-woo-var-8424,7-chakras-moderate-grip-yoga-mat,7 Chakras Moderate Grip Yoga Mat,ACTIVE,INACTIVE,2190.0,3050.0
REMOVED-789b2482-woo-var-5786,7-chakras-vintage-copper-bottle,7 Chakras Vintage - Copper Bottle,ACTIVE,INACTIVE,1245.0,1619.0
REMOVED-be2d3d73-woo-var-43492,7-chakras-vintage-copper-bottle,7 Chakras Vintage - Copper Bottle,ACTIVE,INACTIVE,1345.0,1749.0
REMOVED-d0e13e75-woo-var-43491,7-chakras-vintage-copper-bottle,7 Chakras Vintage - Copper Bottle,ACTIVE,INACTIVE,925.0,1203.0
REMOVED-fe08a64d-woo-var-5787,7-chakras-vintage-copper-bottle,7 Chakras Vintage - Copper Bottle,ACTIVE,INACTIVE,995.0,1294.0
REMOVED-9fae886b-woo-var-46162,7-chakras-yoga-mats,7 Chakras Yoga Mats,ACTIVE,INACTIVE,1790.0,2450.0
REMOVED-ee83b231-woo-var-46164,7-chakras-yoga-mats,7 Chakras Yoga Mats,ACTIVE,INACTIVE,1790.0,2450.0
MI-XP-W-8,8-keys-wooden-xylophone,8 Keys Wooden Xylophone,ACTIVE,ACTIVE,7850.0,10205.0
MI-Ch-BS-22,aluminium-22-steel-bars-chime,Aluminium 22 Steel Bars Chime,ACTIVE,ACTIVE,3950.0,5250.0
woo-var-49880,ankh-sound-healing-instrument,Ankh Sound Healing Instrument,DRAFT,ACTIVE,19999.0,21000.0
woo-var-49881,ankh-sound-healing-instrument,Ankh Sound Healing Instrument,DRAFT,ACTIVE,31999.0,33000.0
MI-SB-H-AE-10,antique-finish-handmade-singing-bowls,Antique finish Handmade Singing Bowls,DRAFT,ACTIVE,11895.0,15464.0
MI-SB-H-AE-11,antique-finish-handmade-singing-bowls,Antique finish Handmade Singing Bowls,DRAFT,ACTIVE,13895.0,18064.0
MI-SB-H-AE-12,antique-finish-handmade-singing-bowls,Antique finish Handmade Singing Bowls,DRAFT,ACTIVE,17250.0,22425.0
MI-SB-H-AE-13,antique-finish-handmade-singing-bowls,Antique finish Handmade Singing Bowls,DRAFT,ACTIVE,19450.0,25285.0
MI-SB-H-AE-7,antique-finish-handmade-singing-bowls,Antique finish Handmade Singing Bowls,DRAFT,ACTIVE,8350.0,10855.0
MI-SB-H-AE-8,antique-finish-handmade-singing-bowls,Antique finish Handmade Singing Bowls,DRAFT,ACTIVE,9450.0,12285.0
MI-SB-H-AE-9,antique-finish-handmade-singing-bowls,Antique finish Handmade Singing Bowls,DRAFT,ACTIVE,10450.0,13585.0
MI-RS-B-1M,bamboo-rainstick,Bamboo Rainstick,DRAFT,ACTIVE,2495.0,3245.0
MI-RS-B-40,bamboo-rainstick,Bamboo Rainstick,DRAFT,ACTIVE,1495.0,1945.0
MI-RS-B-60,bamboo-rainstick,Bamboo Rainstick,DRAFT,ACTIVE,1995.0,2495.0
MI-RS-B-80,bamboo-rainstick,Bamboo Rainstick,DRAFT,ACTIVE,2295.0,3500.0
bendo-shaker1-v1,bendo-shaker1,Bendo Shaker,ACTIVE,ACTIVE,20.0,24.0
bendo-shaker-v1,bendo-shaker1,Bendo Shaker,ACTIVE,ACTIVE,10.0,12.0
bendo-shaker-v2,bendo-shaker1,Bendo Shaker,ACTIVE,ACTIVE,30.0,35.0
woo-var-49902,brain-tuner-set-harmonize-your-mind-s-natural-rhythms,Brain Tuner Set – Harmonize Your Mind’s Natural Rhythms,DRAFT,ACTIVE,2500.0,3500.0
woo-var-49903,brain-tuner-set-harmonize-your-mind-s-natural-rhythms,Brain Tuner Set – Harmonize Your Mind’s Natural Rhythms,DRAFT,ACTIVE,2500.0,3500.0
woo-var-49904,brain-tuner-set-harmonize-your-mind-s-natural-rhythms,Brain Tuner Set – Harmonize Your Mind’s Natural Rhythms,DRAFT,ACTIVE,2500.0,3500.0
woo-var-49905,brain-tuner-set-harmonize-your-mind-s-natural-rhythms,Brain Tuner Set – Harmonize Your Mind’s Natural Rhythms,DRAFT,ACTIVE,2500.0,3500.0
woo-var-49906,brain-tuner-set-harmonize-your-mind-s-natural-rhythms,Brain Tuner Set – Harmonize Your Mind’s Natural Rhythms,DRAFT,ACTIVE,2500.0,3500.0
woo-var-49907,brain-tuner-set-harmonize-your-mind-s-natural-rhythms,Brain Tuner Set – Harmonize Your Mind’s Natural Rhythms,DRAFT,ACTIVE,9500.0,10500.0
woo-var-48319,c-g-tuning-forks,C&G Tuning Forks,ACTIVE,ACTIVE,4580.0,5850.0
REMOVED-4ec8677d-woo-var-7807,copper-tongue-cleaner,Copper Tongue Cleaner,ACTIVE,INACTIVE,145.0,189.0
REMOVED-c359c68f-woo-var-7809,copper-tongue-cleaner,Copper Tongue Cleaner,ACTIVE,INACTIVE,235.0,306.0
REMOVED-cc5c737e-woo-var-7811,copper-tongue-cleaner,Copper Tongue Cleaner,ACTIVE,INACTIVE,345.0,449.0
Me-C-Z-L-GY,crescent-zafu-meditation-cushion,Crescent Zafu Meditation Cushion,DRAFT,ACTIVE,1145.0,1420.0
Me-C-Z-L-L,crescent-zafu-meditation-cushion,Crescent Zafu Meditation Cushion,DRAFT,ACTIVE,1145.0,1420.0
Me-C-Z-L-MB,crescent-zafu-meditation-cushion,Crescent Zafu Meditation Cushion,DRAFT,ACTIVE,1145.0,1420.0
Me-C-Z-L-RE,crescent-zafu-meditation-cushion,Crescent Zafu Meditation Cushion,DRAFT,ACTIVE,1145.0,1420.0
Me-C-Z-L-RP,crescent-zafu-meditation-cushion,Crescent Zafu Meditation Cushion,DRAFT,ACTIVE,1145.0,1420.0
Me-C-Z-L-S,crescent-zafu-meditation-cushion,Crescent Zafu Meditation Cushion,DRAFT,ACTIVE,1145.0,1420.0
Me-C-Z-M-L,crescent-zafu-meditation-cushion,Crescent Zafu Meditation Cushion,DRAFT,ACTIVE,1085.0,1420.0
Me-C-Z-M-MB,crescent-zafu-meditation-cushion,Crescent Zafu Meditation Cushion,DRAFT,ACTIVE,1085.0,1420.0
Me-C-Z-M-R,crescent-zafu-meditation-cushion,Crescent Zafu Meditation Cushion,DRAFT,ACTIVE,1085.0,1420.0
Me-C-Z-M-SE,crescent-zafu-meditation-cushion,Crescent Zafu Meditation Cushion,DRAFT,ACTIVE,1085.0,1420.0
woo-var-49605,crystal-bowl-mallets,Crystal Bowl Mallets,DRAFT,ACTIVE,1600.0,1750.0
woo-var-49606,crystal-bowl-mallets,Crystal Bowl Mallets,DRAFT,ACTIVE,1550.0,1650.0
woo-var-49607,crystal-bowl-mallets,Crystal Bowl Mallets,DRAFT,ACTIVE,1600.0,1750.0
woo-var-49761,crystal-bowl-o-rings-support-rings,Crystal Bowl O Rings (Support Rings),DRAFT,ACTIVE,350.0,450.0
woo-var-49762,crystal-bowl-o-rings-support-rings,Crystal Bowl O Rings (Support Rings),DRAFT,ACTIVE,450.0,550.0
woo-var-49763,crystal-bowl-o-rings-support-rings,Crystal Bowl O Rings (Support Rings),DRAFT,ACTIVE,650.0,750.0
woo-var-49764,crystal-bowl-o-rings-support-rings,Crystal Bowl O Rings (Support Rings),DRAFT,ACTIVE,1250.0,1350.0
MI-SB-DH-5.5,dotted-singing-bowl,Dotted Singing Bowl,ACTIVE,ACTIVE,2385.0,3101.0
MI-SB-H-4,dotted-singing-bowl,Dotted Singing Bowl,ACTIVE,ACTIVE,1645.0,2139.0
MI-SB-H-5.5,dotted-singing-bowl,Dotted Singing Bowl,ACTIVE,ACTIVE,2145.0,2789.0
MI-GG-DJ-6,etched-handmade-singing-bowls,Etched Handmade Singing Bowls,ACTIVE,ACTIVE,8500.0,11050.0
MI-GG-YY-10,etched-handmade-singing-bowls,Etched Handmade Singing Bowls,ACTIVE,ACTIVE,16500.0,21450.0
MI-GG-YY-11,etched-handmade-singing-bowls,Etched Handmade Singing Bowls,ACTIVE,ACTIVE,19500.0,25350.0
MI-GG-YY-12,etched-handmade-singing-bowls,Etched Handmade Singing Bowls,ACTIVE,ACTIVE,22500.0,29250.0
MI-GG-YY-6,etched-handmade-singing-bowls,Etched Handmade Singing Bowls,ACTIVE,ACTIVE,8500.0,11050.0
MI-GG-YY-7,etched-handmade-singing-bowls,Etched Handmade Singing Bowls,ACTIVE,ACTIVE,10500.0,13650.0
MI-GG-YY-8,etched-handmade-singing-bowls,Etched Handmade Singing Bowls,ACTIVE,ACTIVE,12500.0,16250.0
MI-GG-YY-9,etched-handmade-singing-bowls,Etched Handmade Singing Bowls,ACTIVE,ACTIVE,14500.0,18850.0
MI-SB-H-ET-M-10,etched-handmade-singing-bowls,Etched Handmade Singing Bowls,ACTIVE,ACTIVE,18500.0,24050.0
MI-SB-H-ET-M-11,etched-handmade-singing-bowls,Etched Handmade Singing Bowls,ACTIVE,ACTIVE,21500.0,27950.0
MI-SB-H-ET-M-12,etched-handmade-singing-bowls,Etched Handmade Singing Bowls,ACTIVE,ACTIVE,24500.0,31850.0
MI-SB-H-ET-M-6,etched-handmade-singing-bowls,Etched Handmade Singing Bowls,ACTIVE,ACTIVE,10500.0,13650.0
MI-SB-H-ET-M-7,etched-handmade-singing-bowls,Etched Handmade Singing Bowls,ACTIVE,ACTIVE,12500.0,16250.0
MI-SB-H-ET-M-8,etched-handmade-singing-bowls,Etched Handmade Singing Bowls,ACTIVE,ACTIVE,14500.0,18850.0
MI-SB-H-ET-M-9,etched-handmade-singing-bowls,Etched Handmade Singing Bowls,ACTIVE,ACTIVE,16500.0,21450.0
REMOVED-dorje-dup-MI-SB-H-ET-DJ-6,etched-handmade-singing-bowls,Etched Handmade Singing Bowls,ACTIVE,INACTIVE,8500.0,11050.0
MI-SB-H-ET-TR-30,etched-plain-wind-gong,Etched Plain/Wind Gong,ACTIVE,ACTIVE,37950.0,49335.0
MI-SB-H-ET-TR-32,etched-plain-wind-gong,Etched Plain/Wind Gong,ACTIVE,ACTIVE,42950.0,55835.0
MI-SB-H-ET-TR-34,etched-plain-wind-gong,Etched Plain/Wind Gong,ACTIVE,ACTIVE,11750.0,15275.0
MI-SB-H-ET-TR-36,etched-plain-wind-gong,Etched Plain/Wind Gong,ACTIVE,ACTIVE,14950.0,19435.0
MI-SB-H-ET-TR-38,etched-plain-wind-gong,Etched Plain/Wind Gong,ACTIVE,ACTIVE,17850.0,23205.0
MI-SB-H-ET-TR-40,etched-plain-wind-gong,Etched Plain/Wind Gong,ACTIVE,ACTIVE,21950.0,28535.0
MI-SB-H-ET-TR-42,etched-plain-wind-gong,Etched Plain/Wind Gong,ACTIVE,ACTIVE,25950.0,33735.0
MI-SB-H-ET-TR-44,etched-plain-wind-gong,Etched Plain/Wind Gong,ACTIVE,ACTIVE,29950.0,38935.0
MI-SB-H-ET-TR-46,etched-plain-wind-gong,Etched Plain/Wind Gong,ACTIVE,ACTIVE,34950.0,45435.0
MI-SB-H-ET-TR-48,etched-plain-wind-gong,Etched Plain/Wind Gong,ACTIVE,ACTIVE,38950.0,50635.0
eye-pillow-v1,eye-pillow,Eye Pillow,ACTIVE,ACTIVE,180.0,200.0
MI-GS-L-D,gong-stand,Gong Stand,ACTIVE,ACTIVE,8450.0,9000.0
MI-GS-L-L,gong-stand,Gong Stand,ACTIVE,ACTIVE,8450.0,9000.0
MI-GS-L-M,gong-stand,Gong Stand,ACTIVE,ACTIVE,7450.0,7850.0
MI-GS-L-S,gong-stand,Gong Stand,ACTIVE,ACTIVE,6850.0,7000.0
MI-GS-M-D,gong-stand,Gong Stand,ACTIVE,ACTIVE,7450.0,7850.0
MI-GS-S-D,gong-stand,Gong Stand,ACTIVE,ACTIVE,6850.0,7000.0
MI-GS-XL-D,gong-stand,Gong Stand,ACTIVE,ACTIVE,9000.0,10000.0
MI-GS-XL-L,gong-stand,Gong Stand,ACTIVE,ACTIVE,9000.0,10000.0
MI-SB-H-lM-10,handmade-lingam-singing-bowl,Handmade Lingam Singing Bowl,DRAFT,ACTIVE,0.0,0.0
MI-SB-H-lM-11,handmade-lingam-singing-bowl,Handmade Lingam Singing Bowl,DRAFT,ACTIVE,0.0,0.0
MI-SB-H-lM-12,handmade-lingam-singing-bowl,Handmade Lingam Singing Bowl,DRAFT,ACTIVE,0.0,0.0
MI-SB-H-lM-13,handmade-lingam-singing-bowl,Handmade Lingam Singing Bowl,DRAFT,ACTIVE,0.0,0.0
MI-SB-H-lM-7,handmade-lingam-singing-bowl,Handmade Lingam Singing Bowl,DRAFT,ACTIVE,0.0,0.0
MI-SB-H-lM-8,handmade-lingam-singing-bowl,Handmade Lingam Singing Bowl,DRAFT,ACTIVE,0.0,0.0
MI-SB-H-lM-9,handmade-lingam-singing-bowl,Handmade Lingam Singing Bowl,DRAFT,ACTIVE,0.0,0.0
MI-SB-H-M-12,handmade-singing-bowls-all-sizes,Handmade Singing Bowls - All Sizes,ACTIVE,ACTIVE,12650.0,13650.0
MI-SB-H-M-13,handmade-singing-bowls-all-sizes,Handmade Singing Bowls - All Sizes,ACTIVE,ACTIVE,13650.0,14650.0
MI-SB-H-M-6,handmade-singing-bowls-all-sizes,Handmade Singing Bowls - All Sizes,ACTIVE,ACTIVE,6650.0,7650.0
MI-SB-H-M-7,handmade-singing-bowls-all-sizes,Handmade Singing Bowls - All Sizes,ACTIVE,ACTIVE,7450.0,8450.0
MI-SB-H-P-13,handmade-singing-bowls-all-sizes,Handmade Singing Bowls - All Sizes,ACTIVE,ACTIVE,13650.0,14650.0
MI-HP-S,handpan-stand,Handpan Stand,ACTIVE,ACTIVE,10500.0,11500.0
SB-HB-3-SET,hanging-bowls-zen-drops,Hanging Bowls/Zen Drops,ACTIVE,ACTIVE,8950.0,9950.0
SB-HB-S,hanging-bowls-zen-drops,Hanging Bowls/Zen Drops,ACTIVE,ACTIVE,3950.0,4950.0
MI-HM-MP,harmonium,Harmonium,ACTIVE,ACTIVE,23990.0,27500.0
MI-HM-PP,harmonium,Harmonium,ACTIVE,ACTIVE,28900.0,33500.0
woo-45473,heart-chakra-singing-bowl,Heart Chakra Singing Bowl,ACTIVE,ACTIVE,10990.0,11990.0
Mi-SB-H-I-B-G-10,ishana-black-gold-bowl,Ishana/Black-Gold Bowl,DRAFT,ACTIVE,11895.0,15464.0
Mi-SB-H-I-B-G-11,ishana-black-gold-bowl,Ishana/Black-Gold Bowl,DRAFT,ACTIVE,13895.0,18064.0
Mi-SB-H-I-B-G-12,ishana-black-gold-bowl,Ishana/Black-Gold Bowl,DRAFT,ACTIVE,17250.0,22425.0
Mi-SB-H-I-B-G-13,ishana-black-gold-bowl,Ishana/Black-Gold Bowl,DRAFT,ACTIVE,19450.0,25285.0
Mi-SB-H-I-B-G-6,ishana-black-gold-bowl,Ishana/Black-Gold Bowl,DRAFT,ACTIVE,7350.0,9555.0
Mi-SB-H-I-B-G-7,ishana-black-gold-bowl,Ishana/Black-Gold Bowl,DRAFT,ACTIVE,8350.0,10855.0
Mi-SB-H-I-B-G-8,ishana-black-gold-bowl,Ishana/Black-Gold Bowl,DRAFT,ACTIVE,9450.0,12285.0
Mi-SB-H-I-B-G-9,ishana-black-gold-bowl,Ishana/Black-Gold Bowl,DRAFT,ACTIVE,10450.0,13585.0
MI-KC-L,kenari-chimes-small-large,Kenari Chimes - Small & Large,ACTIVE,ACTIVE,4950.0,5650.0
MI-KC-S,kenari-chimes-small-large,Kenari Chimes - Small & Large,ACTIVE,ACTIVE,3950.0,4500.0
MI-KS-L,kenari-seed-shell-shakers,Kenari Seed Shell Shakers,ACTIVE,ACTIVE,2350.0,2535.0
MI-KS-S,kenari-seed-shell-shakers,Kenari Seed Shell Shakers,ACTIVE,ACTIVE,1350.0,1755.0
MI-KS-H,kenari-seed-shell-shaker-with-handle,Kenari Seed Shell Shaker with Handle,DRAFT,ACTIVE,1450.0,1885.0
woo-var-49862,large-tuning-fork,Large Tuning Fork,DRAFT,ACTIVE,11999.0,12999.0
woo-var-49863,large-tuning-fork,Large Tuning Fork,DRAFT,ACTIVE,12999.0,13999.0
woo-var-49864,large-tuning-fork,Large Tuning Fork,DRAFT,ACTIVE,13999.0,14999.0
woo-var-49865,large-tuning-fork,Large Tuning Fork,DRAFT,ACTIVE,15999.0,16999.0
woo-var-8402,lotus-moderate-grip-yoga-mat,Lotus Moderate Grip Yoga Mat,DRAFT,ACTIVE,2090.0,3050.0
woo-var-8403,lotus-moderate-grip-yoga-mat,Lotus Moderate Grip Yoga Mat,DRAFT,ACTIVE,2090.0,3050.0
woo-var-8404,lotus-moderate-grip-yoga-mat,Lotus Moderate Grip Yoga Mat,DRAFT,ACTIVE,2090.0,3050.0
woo-var-8405,lotus-moderate-grip-yoga-mat,Lotus Moderate Grip Yoga Mat,DRAFT,ACTIVE,2090.0,3050.0
woo-var-8406,lotus-moderate-grip-yoga-mat,Lotus Moderate Grip Yoga Mat,DRAFT,ACTIVE,2090.0,3050.0
woo-var-8407,lotus-moderate-grip-yoga-mat,Lotus Moderate Grip Yoga Mat,DRAFT,ACTIVE,2090.0,3050.0
woo-var-8408,lotus-moderate-grip-yoga-mat,Lotus Moderate Grip Yoga Mat,DRAFT,ACTIVE,2090.0,3050.0
woo-var-8409,lotus-moderate-grip-yoga-mat,Lotus Moderate Grip Yoga Mat,DRAFT,ACTIVE,2090.0,3050.0
woo-var-8410,lotus-moderate-grip-yoga-mat,Lotus Moderate Grip Yoga Mat,DRAFT,ACTIVE,2090.0,3050.0
woo-var-8411,lotus-moderate-grip-yoga-mat,Lotus Moderate Grip Yoga Mat,DRAFT,ACTIVE,2090.0,3050.0
woo-var-8412,lotus-moderate-grip-yoga-mat,Lotus Moderate Grip Yoga Mat,DRAFT,ACTIVE,2090.0,3050.0
woo-var-8413,lotus-moderate-grip-yoga-mat,Lotus Moderate Grip Yoga Mat,DRAFT,ACTIVE,2090.0,3050.0
woo-var-8414,lotus-moderate-grip-yoga-mat,Lotus Moderate Grip Yoga Mat,DRAFT,ACTIVE,2090.0,3050.0
woo-var-8415,lotus-moderate-grip-yoga-mat,Lotus Moderate Grip Yoga Mat,DRAFT,ACTIVE,2090.0,3050.0
woo-var-8416,lotus-moderate-grip-yoga-mat,Lotus Moderate Grip Yoga Mat,DRAFT,ACTIVE,2090.0,3050.0
woo-var-8417,lotus-moderate-grip-yoga-mat,Lotus Moderate Grip Yoga Mat,DRAFT,ACTIVE,2090.0,3050.0
woo-var-8418,lotus-moderate-grip-yoga-mat,Lotus Moderate Grip Yoga Mat,DRAFT,ACTIVE,2090.0,3050.0
woo-var-8419,lotus-moderate-grip-yoga-mat,Lotus Moderate Grip Yoga Mat,DRAFT,ACTIVE,2090.0,3050.0
woo-var-8420,lotus-moderate-grip-yoga-mat,Lotus Moderate Grip Yoga Mat,DRAFT,ACTIVE,2090.0,3050.0
woo-var-8421,lotus-moderate-grip-yoga-mat,Lotus Moderate Grip Yoga Mat,DRAFT,ACTIVE,2090.0,3050.0
woo-var-8477,lotus-moderate-grip-yoga-mat,Lotus Moderate Grip Yoga Mat,DRAFT,ACTIVE,1790.0,2450.0
woo-var-8478,lotus-moderate-grip-yoga-mat,Lotus Moderate Grip Yoga Mat,DRAFT,ACTIVE,1790.0,2450.0
woo-var-8479,lotus-moderate-grip-yoga-mat,Lotus Moderate Grip Yoga Mat,DRAFT,ACTIVE,1790.0,2450.0
woo-var-8480,lotus-moderate-grip-yoga-mat,Lotus Moderate Grip Yoga Mat,DRAFT,ACTIVE,1790.0,2450.0
Yo-M-L-HG-O,lotus-superior-grip-yoga-mat,Lotus Superior Grip Yoga Mat,DRAFT,ACTIVE,1990.0,2750.0
Yo-M-L-HG-O-MC-B,lotus-superior-grip-yoga-mat,Lotus Superior Grip Yoga Mat,DRAFT,ACTIVE,2390.0,3350.0
Yo-M-L-HG-O-MC-DG,lotus-superior-grip-yoga-mat,Lotus Superior Grip Yoga Mat,DRAFT,ACTIVE,2390.0,3350.0
Yo-M-L-HG-O-MC-G,lotus-superior-grip-yoga-mat,Lotus Superior Grip Yoga Mat,DRAFT,ACTIVE,2390.0,3350.0
Yo-M-L-HG-O-MC-O,lotus-superior-grip-yoga-mat,Lotus Superior Grip Yoga Mat,DRAFT,ACTIVE,2390.0,3350.0
Yo-M-L-HG-P,lotus-superior-grip-yoga-mat,Lotus Superior Grip Yoga Mat,DRAFT,ACTIVE,1990.0,2750.0
Yo-M-L-HG-P-MC-B,lotus-superior-grip-yoga-mat,Lotus Superior Grip Yoga Mat,DRAFT,ACTIVE,2390.0,3350.0
Yo-M-L-HG-P-MC-DG,lotus-superior-grip-yoga-mat,Lotus Superior Grip Yoga Mat,DRAFT,ACTIVE,2390.0,3350.0
Yo-M-L-HG-P-MC-G,lotus-superior-grip-yoga-mat,Lotus Superior Grip Yoga Mat,DRAFT,ACTIVE,2390.0,3350.0
Yo-M-L-HG-P-MC-O,lotus-superior-grip-yoga-mat,Lotus Superior Grip Yoga Mat,DRAFT,ACTIVE,2390.0,3350.0
Yo-M-L-HG-T,lotus-superior-grip-yoga-mat,Lotus Superior Grip Yoga Mat,DRAFT,ACTIVE,1990.0,2750.0
Yo-M-L-HG-T-MC-B,lotus-superior-grip-yoga-mat,Lotus Superior Grip Yoga Mat,DRAFT,ACTIVE,2390.0,3350.0
Yo-M-L-HG-T-MC-DG,lotus-superior-grip-yoga-mat,Lotus Superior Grip Yoga Mat,DRAFT,ACTIVE,2390.0,3350.0
Yo-M-L-HG-T-MC-G,lotus-superior-grip-yoga-mat,Lotus Superior Grip Yoga Mat,DRAFT,ACTIVE,2390.0,3350.0
Yo-M-L-HG-T-MC-O,lotus-superior-grip-yoga-mat,Lotus Superior Grip Yoga Mat,DRAFT,ACTIVE,2390.0,3350.0
Yo-M-L-HG-Y,lotus-superior-grip-yoga-mat,Lotus Superior Grip Yoga Mat,DRAFT,ACTIVE,1990.0,2750.0
Yo-M-L-HG-Y-MC-B,lotus-superior-grip-yoga-mat,Lotus Superior Grip Yoga Mat,DRAFT,ACTIVE,2390.0,3350.0
Yo-M-L-HG-Y-MC-DG,lotus-superior-grip-yoga-mat,Lotus Superior Grip Yoga Mat,DRAFT,ACTIVE,2390.0,3350.0
Yo-M-L-HG-Y-MC-G,lotus-superior-grip-yoga-mat,Lotus Superior Grip Yoga Mat,DRAFT,ACTIVE,2390.0,3350.0
Yo-M-L-HG-Y-MC-O,lotus-superior-grip-yoga-mat,Lotus Superior Grip Yoga Mat,DRAFT,ACTIVE,2390.0,3350.0
YO-M-MG-O,lotus-yoga-mat,Lotus Yoga Mat,ACTIVE,ACTIVE,1790.0,2450.0
YO-M-MG-P,lotus-yoga-mat,Lotus Yoga Mat,ACTIVE,ACTIVE,1790.0,2450.0
YO-M-MG-T,lotus-yoga-mat,Lotus Yoga Mat,ACTIVE,ACTIVE,1790.0,2450.0
YO-M-MG-Y,lotus-yoga-mat,Lotus Yoga Mat,ACTIVE,ACTIVE,1790.0,2450.0
YO-M-SP-O,lotus-yoga-mat,Lotus Yoga Mat,ACTIVE,ACTIVE,1990.0,2750.0
YO-M-SP-S,lotus-yoga-mat,Lotus Yoga Mat,ACTIVE,ACTIVE,1990.0,2750.0
YO-M-SP-T,lotus-yoga-mat,Lotus Yoga Mat,ACTIVE,ACTIVE,1990.0,2750.0
YO-M-SP-Y,lotus-yoga-mat,Lotus Yoga Mat,ACTIVE,ACTIVE,1990.0,2750.0
MI-MM-B,mayura-morchang-set,Mayura Morchang Set,ACTIVE,ACTIVE,2650.0,2950.0
MI-MM-M,mayura-morchang-set,Mayura Morchang Set,ACTIVE,ACTIVE,2650.0,2950.0
MI-MM-S,mayura-morchang-set,Mayura Morchang Set,ACTIVE,ACTIVE,2650.0,2950.0
MI-MM-SET,mayura-morchang-set,Mayura Morchang Set,ACTIVE,ACTIVE,7250.0,9050.0
woo-var-46480,mini-bamboo-and-aluminium-bar-chime,Mini Bamboo and Aluminium Bar Chime,DRAFT,ACTIVE,985.0,1125.0
woo-var-46481,mini-bamboo-and-aluminium-bar-chime,Mini Bamboo and Aluminium Bar Chime,DRAFT,ACTIVE,1850.0,2250.0
MI-B-SW-D,mini-bamboo-slide-whistle,Mini Bamboo Slide Whistle,ACTIVE,ACTIVE,395.0,625.0
MI-B-SW-S,mini-bamboo-slide-whistle,Mini Bamboo Slide Whistle,ACTIVE,ACTIVE,250.0,455.0
MI-B-SW-S-P,mini-bamboo-slide-whistle,Mini Bamboo Slide Whistle,ACTIVE,ACTIVE,285.0,465.0
MI-CS-SET,mini-coconut-shakers-3-types,Mini Coconut Shakers - 3 Types,ACTIVE,ACTIVE,1495.0,1944.0
MI-TD-6.3-B,mini-tongue-drum,Mini Tongue Drum,ACTIVE,ACTIVE,4950.0,6435.0
MI-TD-6.3-G,mini-tongue-drum,Mini Tongue Drum,ACTIVE,ACTIVE,4950.0,6435.0
MI-TD-6.3-P,mini-tongue-drum,Mini Tongue Drum,ACTIVE,ACTIVE,4950.0,6435.0
MI-TD-6.3-Y,mini-tongue-drum,Mini Tongue Drum,ACTIVE,ACTIVE,4950.0,6435.0
MI-NM-F,native-american-style-flute-handcrafted-wooden-melody-maker,Native American Style Flute – Handcrafted Wooden Melody Maker,ACTIVE,ACTIVE,17900.0,19900.0
CO-NWC-S-H,neem-wood-combs,Neem Wood Combs,DRAFT,ACTIVE,210.0,273.0
CO-NWC-S-P-H,neem-wood-combs,Neem Wood Combs,DRAFT,ACTIVE,290.0,377.0
NWC-H,neem-wood-combs,Neem Wood Combs,DRAFT,ACTIVE,165.0,215.0
NWC-P,neem-wood-combs,Neem Wood Combs,DRAFT,ACTIVE,135.0,176.0
NWC-S,neem-wood-combs,Neem Wood Combs,DRAFT,ACTIVE,165.0,215.0
woo-var-48382,ocarina-instruments,Ocarina Instruments,DRAFT,ACTIVE,0.0,0.0
woo-var-48383,ocarina-instruments,Ocarina Instruments,DRAFT,ACTIVE,0.0,0.0
MI-OD-DC-30,ocean-drums,Ocean Drums,ACTIVE,ACTIVE,2550.0,3315.0
MI-OD-DC-35,ocean-drums,Ocean Drums,ACTIVE,ACTIVE,2805.0,3705.0
MI-OD-DC-40,ocean-drums,Ocean Drums,ACTIVE,ACTIVE,3450.0,4485.0
MI-OD-FL-30,ocean-drums,Ocean Drums,ACTIVE,ACTIVE,2550.0,3315.0
MI-OD-FL-35,ocean-drums,Ocean Drums,ACTIVE,ACTIVE,2850.0,3705.0
MI-OD-FL-40,ocean-drums,Ocean Drums,ACTIVE,ACTIVE,3450.0,4485.0
woo-var-8684,plain-moderate-grip-yoga-mat,Plain Moderate Grip Yoga Mat,DRAFT,ACTIVE,1990.0,3150.0
woo-var-8685,plain-moderate-grip-yoga-mat,Plain Moderate Grip Yoga Mat,DRAFT,ACTIVE,1990.0,3150.0
woo-var-8686,plain-moderate-grip-yoga-mat,Plain Moderate Grip Yoga Mat,DRAFT,ACTIVE,1990.0,3150.0
woo-var-8687,plain-moderate-grip-yoga-mat,Plain Moderate Grip Yoga Mat,DRAFT,ACTIVE,1990.0,3150.0
woo-var-8688,plain-moderate-grip-yoga-mat,Plain Moderate Grip Yoga Mat,DRAFT,ACTIVE,1990.0,3150.0
woo-var-8689,plain-moderate-grip-yoga-mat,Plain Moderate Grip Yoga Mat,DRAFT,ACTIVE,1690.0,2350.0
woo-var-8690,plain-moderate-grip-yoga-mat,Plain Moderate Grip Yoga Mat,DRAFT,ACTIVE,1990.0,3150.0
woo-var-8691,plain-moderate-grip-yoga-mat,Plain Moderate Grip Yoga Mat,DRAFT,ACTIVE,1990.0,3150.0
woo-var-8692,plain-moderate-grip-yoga-mat,Plain Moderate Grip Yoga Mat,DRAFT,ACTIVE,1990.0,3150.0
woo-var-8693,plain-moderate-grip-yoga-mat,Plain Moderate Grip Yoga Mat,DRAFT,ACTIVE,1990.0,3150.0
woo-var-8694,plain-moderate-grip-yoga-mat,Plain Moderate Grip Yoga Mat,DRAFT,ACTIVE,1990.0,3150.0
woo-var-8695,plain-moderate-grip-yoga-mat,Plain Moderate Grip Yoga Mat,DRAFT,ACTIVE,1690.0,2350.0
woo-var-8696,plain-moderate-grip-yoga-mat,Plain Moderate Grip Yoga Mat,DRAFT,ACTIVE,1990.0,3150.0
woo-var-8697,plain-moderate-grip-yoga-mat,Plain Moderate Grip Yoga Mat,DRAFT,ACTIVE,1990.0,3150.0
woo-var-8698,plain-moderate-grip-yoga-mat,Plain Moderate Grip Yoga Mat,DRAFT,ACTIVE,1990.0,3150.0
woo-var-8699,plain-moderate-grip-yoga-mat,Plain Moderate Grip Yoga Mat,DRAFT,ACTIVE,1990.0,3150.0
woo-var-8700,plain-moderate-grip-yoga-mat,Plain Moderate Grip Yoga Mat,DRAFT,ACTIVE,1990.0,3150.0
woo-var-8701,plain-moderate-grip-yoga-mat,Plain Moderate Grip Yoga Mat,DRAFT,ACTIVE,1690.0,2350.0
woo-var-8702,plain-moderate-grip-yoga-mat,Plain Moderate Grip Yoga Mat,DRAFT,ACTIVE,1990.0,3150.0
woo-var-8703,plain-moderate-grip-yoga-mat,Plain Moderate Grip Yoga Mat,DRAFT,ACTIVE,1990.0,3150.0
woo-var-8704,plain-moderate-grip-yoga-mat,Plain Moderate Grip Yoga Mat,DRAFT,ACTIVE,1990.0,3150.0
woo-var-8705,plain-moderate-grip-yoga-mat,Plain Moderate Grip Yoga Mat,DRAFT,ACTIVE,1990.0,3150.0
woo-var-8706,plain-moderate-grip-yoga-mat,Plain Moderate Grip Yoga Mat,DRAFT,ACTIVE,1990.0,3150.0
woo-var-8707,plain-moderate-grip-yoga-mat,Plain Moderate Grip Yoga Mat,DRAFT,ACTIVE,1690.0,2350.0
Yo-M-P-HG-O,plain-superior-grip-yoga-mat,Plain Superior Grip Yoga Mat,DRAFT,ACTIVE,1990.0,2750.0
Yo-M-P-HG-O-MC-B,plain-superior-grip-yoga-mat,Plain Superior Grip Yoga Mat,DRAFT,ACTIVE,2390.0,3350.0
Yo-M-P-HG-O-MC-DG,plain-superior-grip-yoga-mat,Plain Superior Grip Yoga Mat,DRAFT,ACTIVE,2390.0,3350.0
Yo-M-P-HG-O-MC-G,plain-superior-grip-yoga-mat,Plain Superior Grip Yoga Mat,DRAFT,ACTIVE,2390.0,3350.0
Yo-M-P-HG-O-MC-O,plain-superior-grip-yoga-mat,Plain Superior Grip Yoga Mat,DRAFT,ACTIVE,2390.0,3350.0
Yo-M-P-HG-P,plain-superior-grip-yoga-mat,Plain Superior Grip Yoga Mat,DRAFT,ACTIVE,1990.0,2750.0
Yo-M-P-HG-P-MC-B,plain-superior-grip-yoga-mat,Plain Superior Grip Yoga Mat,DRAFT,ACTIVE,2390.0,3350.0
Yo-M-P-HG-P-MC-DG,plain-superior-grip-yoga-mat,Plain Superior Grip Yoga Mat,DRAFT,ACTIVE,2390.0,3350.0
Yo-M-P-HG-P-MC-G,plain-superior-grip-yoga-mat,Plain Superior Grip Yoga Mat,DRAFT,ACTIVE,2390.0,3350.0
Yo-M-P-HG-P-MC-O,plain-superior-grip-yoga-mat,Plain Superior Grip Yoga Mat,DRAFT,ACTIVE,2390.0,3350.0
Yo-M-P-HG-T,plain-superior-grip-yoga-mat,Plain Superior Grip Yoga Mat,DRAFT,ACTIVE,1990.0,2750.0
Yo-M-P-HG-T-MC-DG,plain-superior-grip-yoga-mat,Plain Superior Grip Yoga Mat,DRAFT,ACTIVE,2390.0,3350.0
Yo-M-P-HG-T-MC-G,plain-superior-grip-yoga-mat,Plain Superior Grip Yoga Mat,DRAFT,ACTIVE,2390.0,3350.0
Yo-M-P-HG-T-MC-O,plain-superior-grip-yoga-mat,Plain Superior Grip Yoga Mat,DRAFT,ACTIVE,2390.0,3350.0
Yo-M-P-HG-Y,plain-superior-grip-yoga-mat,Plain Superior Grip Yoga Mat,DRAFT,ACTIVE,1990.0,2750.0
Yo-M-P-HG-Y-MC-B,plain-superior-grip-yoga-mat,Plain Superior Grip Yoga Mat,DRAFT,ACTIVE,2390.0,3350.0
Yo-M-P-HG-Y-MC-DG,plain-superior-grip-yoga-mat,Plain Superior Grip Yoga Mat,DRAFT,ACTIVE,2390.0,3350.0
Yo-M-P-HG-Y-MC-G,plain-superior-grip-yoga-mat,Plain Superior Grip Yoga Mat,DRAFT,ACTIVE,2390.0,3350.0
Yo-M-P-HG-Y-MC-O,plain-superior-grip-yoga-mat,Plain Superior Grip Yoga Mat,DRAFT,ACTIVE,2390.0,3350.0
Yo-M-P-H-T-MC-B,plain-superior-grip-yoga-mat,Plain Superior Grip Yoga Mat,DRAFT,ACTIVE,2390.0,3350.0
MI-G-P-14,plain-wind-tibetan-gong,Plain/Wind Tibetan Gong,ACTIVE,ACTIVE,9900.0,12870.0
MI-G-P-16,plain-wind-tibetan-gong,Plain/Wind Tibetan Gong,ACTIVE,ACTIVE,13500.0,17550.0
MI-G-P-18,plain-wind-tibetan-gong,Plain/Wind Tibetan Gong,ACTIVE,ACTIVE,16500.0,21450.0
MI-G-P-20,plain-wind-tibetan-gong,Plain/Wind Tibetan Gong,ACTIVE,ACTIVE,19500.0,25350.0
MI-G-P-22,plain-wind-tibetan-gong,Plain/Wind Tibetan Gong,ACTIVE,ACTIVE,22500.0,29250.0
MI-G-P-24,plain-wind-tibetan-gong,Plain/Wind Tibetan Gong,ACTIVE,ACTIVE,26500.0,34550.0
MI-G-P-26,plain-wind-tibetan-gong,Plain/Wind Tibetan Gong,ACTIVE,ACTIVE,30500.0,39650.0
MI-G-P-28,plain-wind-tibetan-gong,Plain/Wind Tibetan Gong,ACTIVE,ACTIVE,33500.0,43550.0
woo-var-46248,plain-yoga-mats,Plain Yoga Mats,ACTIVE,ACTIVE,1790.0,2750.0
Yo-M-MG-O,plain-yoga-mats,Plain Yoga Mats,ACTIVE,ACTIVE,1690.0,2350.0
Yo-M-MG-P,plain-yoga-mats,Plain Yoga Mats,ACTIVE,ACTIVE,1690.0,2350.0
Yo-M-MG-T,plain-yoga-mats,Plain Yoga Mats,ACTIVE,ACTIVE,1690.0,2350.0
Yo-M-MG-Y,plain-yoga-mats,Plain Yoga Mats,ACTIVE,ACTIVE,1690.0,2350.0
Yo-M-SG-O,plain-yoga-mats,Plain Yoga Mats,ACTIVE,ACTIVE,1790.0,2750.0
Yo-M-SG-T,plain-yoga-mats,Plain Yoga Mats,ACTIVE,ACTIVE,1790.0,2750.0
Yo-M-SG-Y,plain-yoga-mats,Plain Yoga Mats,ACTIVE,ACTIVE,1790.0,2750.0
MI-PT-B,pulse-tubes,Pulse Tubes,ACTIVE,ACTIVE,2850.0,3250.0
MI-PT-M,pulse-tubes,Pulse Tubes,ACTIVE,ACTIVE,2150.0,2350.0
MI-PT-S,pulse-tubes,Pulse Tubes,ACTIVE,ACTIVE,1650.0,1850.0
Yo-BR-RE-LG,rectangular-yoga-bolster,Rectangular Yoga Bolster,ACTIVE,ACTIVE,1450.0,1625.0
MI-SB-RC,root-chakra-singing-bowl,Root Chakra Singing Bowl,ACTIVE,ACTIVE,15490.0,17490.0
Yo-BR-R-SE,round-yoga-bolster,Round Yoga Bolster,ACTIVE,ACTIVE,1550.0,1755.0
MI-SD-TL-30,shamanic-drum,Shamanic Drum,ACTIVE,ACTIVE,4950.0,6435.0
MI-SD-TL-40,shamanic-drum,Shamanic Drum,ACTIVE,ACTIVE,5550.0,7215.0
MI-SD-TL-45,shamanic-drum,Shamanic Drum,ACTIVE,ACTIVE,6250.0,8125.0
MI-SD-BG-L,shamanic-drum-bags-ocean-drum-bags,Shamanic Drum Bags/Ocean Drum Bags,ACTIVE,ACTIVE,1290.0,1790.0
MI-SD-BG-M,shamanic-drum-bags-ocean-drum-bags,Shamanic Drum Bags/Ocean Drum Bags,ACTIVE,ACTIVE,1190.0,1295.0
MI-SD-BG-S,shamanic-drum-bags-ocean-drum-bags,Shamanic Drum Bags/Ocean Drum Bags,ACTIVE,ACTIVE,990.0,1390.0
MI-SK-L,shankh-conch,Shankh/Conch,ACTIVE,ACTIVE,1850.0,2000.0
MI-SK-M,shankh-conch,Shankh/Conch,ACTIVE,ACTIVE,1450.0,1750.0
MI-SK-S,shankh-conch,Shankh/Conch,ACTIVE,ACTIVE,950.0,1050.0
MI-ST-A,shruthi-thali-gong-plates,Shruthi Thali/Gong Plates,ACTIVE,ACTIVE,7850.0,8150.0
MI-ST-B,shruthi-thali-gong-plates,Shruthi Thali/Gong Plates,ACTIVE,ACTIVE,7250.0,8000.0
MI-ST-C,shruthi-thali-gong-plates,Shruthi Thali/Gong Plates,ACTIVE,ACTIVE,11650.0,12000.0
MI-ST-D,shruthi-thali-gong-plates,Shruthi Thali/Gong Plates,ACTIVE,ACTIVE,10950.0,11100.0
MI-ST-E,shruthi-thali-gong-plates,Shruthi Thali/Gong Plates,ACTIVE,ACTIVE,9450.0,9600.0
MI-ST-F,shruthi-thali-gong-plates,Shruthi Thali/Gong Plates,ACTIVE,ACTIVE,8950.0,9100.0
MI-ST-G,shruthi-thali-gong-plates,Shruthi Thali/Gong Plates,ACTIVE,ACTIVE,8450.0,8750.0
MI-ST-SET,shruthi-thali-gong-plates,Shruthi Thali/Gong Plates,ACTIVE,ACTIVE,66000.0,75000.0
MI-SHB-01,shruti-box,Shruti Box,ACTIVE,ACTIVE,9950.0,10500.0
MI-SHB-02,shruti-box,Shruti Box,ACTIVE,ACTIVE,11900.0,12500.0
MI-SHB-03,shruti-box,Shruti Box,ACTIVE,ACTIVE,13490.0,14750.0
woo-49832,singing-bowl-set-g-a-b,"Singing Bowl Set – G, A, B",DRAFT,ACTIVE,19500.0,25500.0
MI-SB-BH,singing-bowl-with-handle,Singing Bowl with Handle,ACTIVE,ACTIVE,8750.0,9950.0
woo-49816,solar-bell,Solar Bell,DRAFT,ACTIVE,12999.0,13999.0
CB-SM,sunshine-within-me,Sunshine within Me,ACTIVE,ACTIVE,1245.0,1619.0
CB-SM-5,sunshine-within-me,Sunshine within Me,ACTIVE,ACTIVE,890.0,1157.0
CB-SM-B,sunshine-within-me,Sunshine within Me,ACTIVE,ACTIVE,1345.0,1749.0
CB-SM-B-5,sunshine-within-me,Sunshine within Me,ACTIVE,ACTIVE,985.0,1281.0
woo-svar-sound,svaram-sound-ships,Svaram sound ships,ARCHIVED,ACTIVE,7205.0,8000.0
MI-CG-16,tam-tam-chau-gong,Tam-Tam/Chau Gong,ACTIVE,ACTIVE,19500.0,21500.0
MI-CG-18,tam-tam-chau-gong,Tam-Tam/Chau Gong,ACTIVE,ACTIVE,25000.0,26500.0
MI-CG-20,tam-tam-chau-gong,Tam-Tam/Chau Gong,ACTIVE,ACTIVE,31500.0,33500.0
MI-CG-22,tam-tam-chau-gong,Tam-Tam/Chau Gong,ACTIVE,ACTIVE,37500.0,39500.0
MI-CG-24,tam-tam-chau-gong,Tam-Tam/Chau Gong,ACTIVE,ACTIVE,45000.0,47500.0
MI-CG-26,tam-tam-chau-gong,Tam-Tam/Chau Gong,ACTIVE,ACTIVE,52000.0,54500.0
MI-CG-28,tam-tam-chau-gong,Tam-Tam/Chau Gong,ACTIVE,ACTIVE,60500.0,62500.0
MI-CG-30,tam-tam-chau-gong,Tam-Tam/Chau Gong,ACTIVE,ACTIVE,82000.0,84500.0
MI-CG-32,tam-tam-chau-gong,Tam-Tam/Chau Gong,ACTIVE,ACTIVE,93000.0,95500.0
MI-XP-TW-15,teak-wood-stainless-steel-xylophone,Teak Wood - Stainless Steel Xylophone,ACTIVE,ACTIVE,6950.0,9850.0
MI-XP-TW-8,teak-wood-stainless-steel-xylophone,Teak Wood - Stainless Steel Xylophone,ACTIVE,ACTIVE,3950.0,5135.0
MI-SB-4B-SET,the-four-bowl-set-root-heart-third-eye-and-universal,"The Four Bowl Set - Root, Heart, Third Eye and Universal",ACTIVE,ACTIVE,36900.0,39900.0
woo-45518,the-head-bowl,The Head Bowl,ACTIVE,ACTIVE,9990.0,10990.0
MI-SB-3B-SET,the-three-bowl-set-root-heart-and-third-eye,"The Three Bowl Set - Root, Heart and Third Eye",ACTIVE,ACTIVE,29900.0,32900.0
MI-SB-TEC,third-eye-chakra-singing-bowl,Third Eye Chakra Singing Bowl,ACTIVE,ACTIVE,7200.0,8200.0
MI-TT-20,thunder-tube-basic-edition,Thunder Tube - Basic Edition,ACTIVE,ACTIVE,1325.0,1450.0
MI-TT-25,thunder-tube-basic-edition,Thunder Tube - Basic Edition,ACTIVE,ACTIVE,1450.0,1650.0
MI-TT-30,thunder-tube-basic-edition,Thunder Tube - Basic Edition,ACTIVE,ACTIVE,1550.0,1750.0
MI-BB-6,tibetan-buddhist-bell,Tibetan Buddhist Bell,ACTIVE,ACTIVE,3560.0,4000.0
MI-TB-D-M,tingsha-bell,Tingsha Bell,ACTIVE,ACTIVE,1795.0,2295.0
MI-TB-D-S,tingsha-bell,Tingsha Bell,ACTIVE,ACTIVE,1650.0,2145.0
MI-TB-E-M,tingsha-bell,Tingsha Bell,ACTIVE,ACTIVE,1795.0,2295.0
MI-TB-E-S,tingsha-bell,Tingsha Bell,ACTIVE,ACTIVE,1650.0,2145.0
MI-TB-G-M,tingsha-bell,Tingsha Bell,ACTIVE,ACTIVE,1795.0,2295.0
MI-TB-G-S,tingsha-bell,Tingsha Bell,ACTIVE,ACTIVE,1650.0,2145.0
CB-CEG-BG,triad-crystal-bowl-set,Triad Crystal Bowl Set,ACTIVE,ACTIVE,35580.0,39550.0
CB-DFA-BG,triad-crystal-bowl-set,Triad Crystal Bowl Set,ACTIVE,ACTIVE,34250.0,37250.0
CB-EGB-BG,triad-crystal-bowl-set,Triad Crystal Bowl Set,ACTIVE,ACTIVE,33250.0,35250.0
woo-var-45978,tune-sound-pipe,Tune Sound Pipe,DRAFT,ACTIVE,13500.0,15500.0
woo-var-45979,tune-sound-pipe,Tune Sound Pipe,DRAFT,ACTIVE,13500.0,15500.0
woo-var-45980,tune-sound-pipe,Tune Sound Pipe,DRAFT,ACTIVE,13500.0,15500.0
woo-var-45981,tune-sound-pipe,Tune Sound Pipe,DRAFT,ACTIVE,13500.0,15500.0
MI-TF-A,tuning-fork-activators,Tuning Fork Activators,ACTIVE,ACTIVE,150.0,250.0
MI-TF-A-M,tuning-fork-activators,Tuning Fork Activators,ACTIVE,ACTIVE,250.0,350.0
MI-TF-M,tuning-fork-activators,Tuning Fork Activators,ACTIVE,ACTIVE,150.0,250.0
MI-TF-E-CB,tuning-fork-extensions,Tuning Fork Extensions,ACTIVE,ACTIVE,690.0,790.0
MI-TF-E-E,tuning-fork-extensions,Tuning Fork Extensions,ACTIVE,ACTIVE,450.0,650.0
MI-TF-E-MB,tuning-fork-extensions,Tuning Fork Extensions,ACTIVE,ACTIVE,590.0,690.0
MI-TF-7C-UW,tuning-forks-7-chakra-set,Tuning Forks 7 Chakra Set,ACTIVE,ACTIVE,7990.0,8990.0
MI-TF-7C-UW-GF,tuning-forks-7-chakra-set,Tuning Forks 7 Chakra Set,ACTIVE,ACTIVE,8250.0,9250.0
MI-TF-7C-W,tuning-forks-7-chakra-set,Tuning Forks 7 Chakra Set,ACTIVE,ACTIVE,9990.0,10990.0
MI-TF-7C-W-GF,tuning-forks-7-chakra-set,Tuning Forks 7 Chakra Set,ACTIVE,ACTIVE,10250.0,11250.0
MI-TF-C-UW,tuning-forks-7-chakra-set,Tuning Forks 7 Chakra Set,ACTIVE,ACTIVE,8900.0,9900.0
MI-TF-C-UW-GF,tuning-forks-7-chakra-set,Tuning Forks 7 Chakra Set,ACTIVE,ACTIVE,9150.0,10000.0
MI-TF-C-W,tuning-forks-7-chakra-set,Tuning Forks 7 Chakra Set,ACTIVE,ACTIVE,10990.0,11990.0
MI-TF-C-W--GF,tuning-forks-7-chakra-set,Tuning Forks 7 Chakra Set,ACTIVE,ACTIVE,11250.0,12250.0
MI-TF-GF-B,tuning-forks-gem-feet,Tuning Forks Gem Feet,ACTIVE,ACTIVE,250.0,350.0
MI-TF-GF-DG,tuning-forks-gem-feet,Tuning Forks Gem Feet,ACTIVE,ACTIVE,250.0,350.0
MI-TF-GF-G,tuning-forks-gem-feet,Tuning Forks Gem Feet,ACTIVE,ACTIVE,250.0,350.0
MI-TF-GF-M,tuning-forks-gem-feet,Tuning Forks Gem Feet,ACTIVE,ACTIVE,250.0,350.0
MI-TF-GF-R,tuning-forks-gem-feet,Tuning Forks Gem Feet,ACTIVE,ACTIVE,250.0,350.0
MI-TF-GF-SET,tuning-forks-gem-feet,Tuning Forks Gem Feet,ACTIVE,ACTIVE,1450.0,1750.0
MI-TF-GF-V,tuning-forks-gem-feet,Tuning Forks Gem Feet,ACTIVE,ACTIVE,250.0,350.0
MI-TF-GF-Y,tuning-forks-gem-feet,Tuning Forks Gem Feet,ACTIVE,ACTIVE,250.0,350.0
MI-TF-UW-128,tuning-fork-single-weighted-unweighted,Tuning Fork - Single Weighted & Unweighted,ACTIVE,ACTIVE,1690.0,2290.0
MI-TF-UW-136.10,tuning-fork-single-weighted-unweighted,Tuning Fork - Single Weighted & Unweighted,ACTIVE,ACTIVE,1690.0,2290.0
MI-TF-UW-256,tuning-fork-single-weighted-unweighted,Tuning Fork - Single Weighted & Unweighted,ACTIVE,ACTIVE,1490.0,1990.0
MI-TF-UW-432,tuning-fork-single-weighted-unweighted,Tuning Fork - Single Weighted & Unweighted,ACTIVE,ACTIVE,1490.0,1990.0
MI-TF-UW-440,tuning-fork-single-weighted-unweighted,Tuning Fork - Single Weighted & Unweighted,ACTIVE,ACTIVE,1690.0,2290.0
MI-TF-UW-528,tuning-fork-single-weighted-unweighted,Tuning Fork - Single Weighted & Unweighted,ACTIVE,ACTIVE,1490.0,1990.0
MI-TF-UW-64,tuning-fork-single-weighted-unweighted,Tuning Fork - Single Weighted & Unweighted,ACTIVE,ACTIVE,1690.0,2290.0
MI-TF-UW-68.05,tuning-fork-single-weighted-unweighted,Tuning Fork - Single Weighted & Unweighted,ACTIVE,ACTIVE,1690.0,2290.0
MI-TF-UW-93.96,tuning-fork-single-weighted-unweighted,Tuning Fork - Single Weighted & Unweighted,ACTIVE,ACTIVE,1690.0,2290.0
MI-TF-W-136.10,tuning-fork-single-weighted-unweighted,Tuning Fork - Single Weighted & Unweighted,ACTIVE,ACTIVE,2290.0,2690.0
MI-TF-W-440,tuning-fork-single-weighted-unweighted,Tuning Fork - Single Weighted & Unweighted,ACTIVE,ACTIVE,2290.0,2690.0
MI-TF-W-528,tuning-fork-single-weighted-unweighted,Tuning Fork - Single Weighted & Unweighted,ACTIVE,ACTIVE,1990.0,2390.0
MI-TF-W-64,tuning-fork-single-weighted-unweighted,Tuning Fork - Single Weighted & Unweighted,ACTIVE,ACTIVE,2290.0,2690.0
MI-TF-W-68.05,tuning-fork-single-weighted-unweighted,Tuning Fork - Single Weighted & Unweighted,ACTIVE,ACTIVE,2290.0,2690.0
MI-TF-W-93.96,tuning-fork-single-weighted-unweighted,Tuning Fork - Single Weighted & Unweighted,ACTIVE,ACTIVE,2290.0,2690.0
MI-TF-SS-UW,tuning-forks-solfeggio-set,Tuning Forks Solfeggio Set,ACTIVE,ACTIVE,9990.0,10990.0
MI-TF-SS-W,tuning-forks-solfeggio-set,Tuning Forks Solfeggio Set,ACTIVE,ACTIVE,11990.0,12990.0
woo-var-49839,tuning-swords-sound-therapy-instrument,Tuning Swords – Sound Therapy Instrument,DRAFT,ACTIVE,8000.0,9000.0
woo-var-49840,tuning-swords-sound-therapy-instrument,Tuning Swords – Sound Therapy Instrument,DRAFT,ACTIVE,10000.0,11000.0
woo-var-49841,tuning-swords-sound-therapy-instrument,Tuning Swords – Sound Therapy Instrument,DRAFT,ACTIVE,12000.0,12500.0
Mi-SB-B,vibroacoustic-therapy-bowls-universal-belly-and-head,"Vibroacoustic Therapy Bowls - Universal, Belly and Head",ACTIVE,ACTIVE,9900.0,10900.0
Mi-SB-H,vibroacoustic-therapy-bowls-universal-belly-and-head,"Vibroacoustic Therapy Bowls - Universal, Belly and Head",ACTIVE,ACTIVE,9990.0,10990.0
Mi-SB-UN,vibroacoustic-therapy-bowls-universal-belly-and-head,"Vibroacoustic Therapy Bowls - Universal, Belly and Head",ACTIVE,ACTIVE,8950.0,9950.0
MI-SB-VT-SET-3,vibroacoustic-therapy-bowls-universal-belly-and-head,"Vibroacoustic Therapy Bowls - Universal, Belly and Head",ACTIVE,ACTIVE,26900.0,27900.0
MI-SB-M-B-SW,wooden-mallets-for-singing-bowls,Wooden Mallets for Singing Bowls,ACTIVE,ACTIVE,255.0,385.0
MI-SB-M-B-TW,wooden-mallets-for-singing-bowls,Wooden Mallets for Singing Bowls,ACTIVE,ACTIVE,285.0,445.0
MI-SB-M-R-L-F,wooden-mallets-for-singing-bowls,Wooden Mallets for Singing Bowls,ACTIVE,ACTIVE,545.0,785.0
MI-SB-M-R-L-S,wooden-mallets-for-singing-bowls,Wooden Mallets for Singing Bowls,ACTIVE,ACTIVE,645.0,895.0
MI-SB-M-R-SW,wooden-mallets-for-singing-bowls,Wooden Mallets for Singing Bowls,ACTIVE,ACTIVE,255.0,385.0
MI-SB-M-R-TW,wooden-mallets-for-singing-bowls,Wooden Mallets for Singing Bowls,ACTIVE,ACTIVE,285.0,445.0
MI-SB-M-W-L-F,wooden-mallets-for-singing-bowls,Wooden Mallets for Singing Bowls,ACTIVE,ACTIVE,545.0,785.0
MI-SB-M-W-L-S,wooden-mallets-for-singing-bowls,Wooden Mallets for Singing Bowls,ACTIVE,ACTIVE,645.0,895.0
MI-WM,wooden-maracas-shakers-plain-dot-painted,Wooden Maracas Shakers | Plain & Dot Painted,ACTIVE,ACTIVE,985.0,1281.0
MI-WM-P,wooden-maracas-shakers-plain-dot-painted,Wooden Maracas Shakers | Plain & Dot Painted,ACTIVE,ACTIVE,1045.0,1359.0
MI-TF-WS-3,wooden-stand-for-tuning-forks,Wooden Stand for Tuning Forks,ACTIVE,ACTIVE,650.0,750.0
MI-TF-WS-5,wooden-stand-for-tuning-forks,Wooden Stand for Tuning Forks,ACTIVE,ACTIVE,750.0,850.0
MI-TF-WS-7,wooden-stand-for-tuning-forks,Wooden Stand for Tuning Forks,ACTIVE,ACTIVE,850.0,950.0
MI-TF-WS-9,wooden-stand-for-tuning-forks,Wooden Stand for Tuning Forks,ACTIVE,ACTIVE,950.0,1050.0
MI-T-C,wooden-tambourines,Wooden Tambourines,ACTIVE,ACTIVE,1150.0,1450.0
MI-T-HM,wooden-tambourines,Wooden Tambourines,ACTIVE,ACTIVE,1250.0,1550.0
woo-var-46110,yoga-mats-superior-moderate,Yoga Mats Superior & Moderate,DRAFT,ACTIVE,1790.0,2450.0
woo-var-46111,yoga-mats-superior-moderate,Yoga Mats Superior & Moderate,DRAFT,ACTIVE,1790.0,2450.0
woo-var-46112,yoga-mats-superior-moderate,Yoga Mats Superior & Moderate,DRAFT,ACTIVE,1790.0,2450.0
woo-var-46113,yoga-mats-superior-moderate,Yoga Mats Superior & Moderate,DRAFT,ACTIVE,1790.0,2450.0
woo-var-46114,yoga-mats-superior-moderate,Yoga Mats Superior & Moderate,DRAFT,ACTIVE,1990.0,2750.0
woo-var-46115,yoga-mats-superior-moderate,Yoga Mats Superior & Moderate,DRAFT,ACTIVE,1990.0,2750.0
woo-var-46116,yoga-mats-superior-moderate,Yoga Mats Superior & Moderate,DRAFT,ACTIVE,1990.0,2750.0
woo-var-46117,yoga-mats-superior-moderate,Yoga Mats Superior & Moderate,DRAFT,ACTIVE,1990.0,2750.0
woo-var-46118,yoga-mats-superior-moderate,Yoga Mats Superior & Moderate,DRAFT,ACTIVE,1790.0,2450.0
woo-var-46119,yoga-mats-superior-moderate,Yoga Mats Superior & Moderate,DRAFT,ACTIVE,1790.0,2450.0
woo-var-46120,yoga-mats-superior-moderate,Yoga Mats Superior & Moderate,DRAFT,ACTIVE,1790.0,2450.0
woo-var-46121,yoga-mats-superior-moderate,Yoga Mats Superior & Moderate,DRAFT,ACTIVE,1790.0,2450.0
woo-var-46122,yoga-mats-superior-moderate,Yoga Mats Superior & Moderate,DRAFT,ACTIVE,1990.0,2750.0
woo-var-46123,yoga-mats-superior-moderate,Yoga Mats Superior & Moderate,DRAFT,ACTIVE,1990.0,2750.0
woo-var-46124,yoga-mats-superior-moderate,Yoga Mats Superior & Moderate,DRAFT,ACTIVE,1990.0,2750.0
woo-var-46125,yoga-mats-superior-moderate,Yoga Mats Superior & Moderate,DRAFT,ACTIVE,1990.0,2750.0
woo-var-46126,yoga-mats-superior-moderate,Yoga Mats Superior & Moderate,DRAFT,ACTIVE,1690.0,2350.0
woo-var-46127,yoga-mats-superior-moderate,Yoga Mats Superior & Moderate,DRAFT,ACTIVE,1690.0,2350.0
woo-var-46128,yoga-mats-superior-moderate,Yoga Mats Superior & Moderate,DRAFT,ACTIVE,1690.0,2350.0
woo-var-46129,yoga-mats-superior-moderate,Yoga Mats Superior & Moderate,DRAFT,ACTIVE,1690.0,2350.0
woo-var-46130,yoga-mats-superior-moderate,Yoga Mats Superior & Moderate,DRAFT,ACTIVE,32.2,34.9
woo-var-46131,yoga-mats-superior-moderate,Yoga Mats Superior & Moderate,DRAFT,ACTIVE,1790.0,2750.0
woo-var-46132,yoga-mats-superior-moderate,Yoga Mats Superior & Moderate,DRAFT,ACTIVE,1790.0,2750.0
woo-var-46133,yoga-mats-superior-moderate,Yoga Mats Superior & Moderate,DRAFT,ACTIVE,1790.0,2750.0
CO-Me-Zf-Zn-C-GY,zafu-zabuton-meditation-cushion-combo,Zafu & Zabuton Meditation Cushion Combo,ACTIVE,ACTIVE,2795.0,3295.0
ME-BE-L,zen-meditation-bench,Zen Meditation Bench,ACTIVE,ACTIVE,3650.0,4250.0
ME-BE-M,zen-meditation-bench,Zen Meditation Bench,ACTIVE,ACTIVE,3450.0,4000.0
ME-BE-S,zen-meditation-bench,Zen Meditation Bench,ACTIVE,ACTIVE,3250.0,3550.0
