doProduct,lsProduct,doVariant,lsVariant,doSku,lsSku,status,detail
25 Rods - Bar Chime,Bar Chime - 25 Rods,,Standard,,MI-BC-25,conflict_no_do,Could not resolve DO variant
7 Chakras Yoga Mats,7 Chakras Yoga Mats,,Green / Moderate,,YO-M-CT-7C-M-G,conflict_no_do,Could not resolve DO variant
7 Chakras Yoga Mats,7 Chakras Yoga Mats,,Blue / Moderate,,YO-M-CT-7C-M-B,conflict_no_do,Could not resolve DO variant
8 Keys Wooden Xylophone,8 Keys Wooden Xylophone,,Standard,,MI-XY-W-8,conflict_no_do,Could not resolve DO variant
8 Keys Wooden Xylophone,8 Keys Wooden Xylophone,,,,,conflict_no_do,Could not resolve DO variant
Angel Tuning Forks,Angel Tuning Forks,,Set,,MI-TF-AG-SET3,conflict_no_do,Could not resolve DO variant
Annapurna Shankh – Natural Conch Shell,Annapurna Shankh,,Annapurna,,MI-SK-AP,conflict_no_do,Could not resolve DO variant
Annapurna Shankh – Natural Conch Shell,Annapurna Shankh,,,,,conflict_no_do,Could not resolve DO variant
Bamboo Castanet,Bamboo Castanet,,Standard,,MI-CN,conflict_no_do,Could not resolve DO variant
Belly Bowls,Belly Bowls,,Standard,,MI-SB-BB,conflict_no_do,Could not resolve DO variant
Belly Bowls,Belly Bowls,,,,,conflict_no_do,Could not resolve DO variant
Bendo Chimes,Bendo Chimes,,Standard,,MI-BE-CH,conflict_no_do,Could not resolve DO variant
Bendo Chimes,Bendo Chimes,,,,,conflict_no_do,Could not resolve DO variant
Box Tanpura,Box Tanpura,,Standard,,MI-BT,conflict_no_do,Could not resolve DO variant
Caxixi,Caxixi,,Standard,,MI-CX,conflict_no_do,Could not resolve DO variant
Conscious Cards,Conscious Cards,,Standard,,ME-CC,conflict_no_do,Could not resolve DO variant
Conscious Cards,Conscious Cards,,,,,conflict_no_do,Could not resolve DO variant
Crystal Bowl with Handle,Crystal Bowl with Handle,,Standard,,MI-CB-H,conflict_no_do,Could not resolve DO variant
Crystal Bowl with Handle,Crystal Bowl with Handle,,,,,conflict_no_do,Could not resolve DO variant
Etched Chau Gongs,Etched Chau Gongs,,22 in,,MI-GO-CH-ET-22,conflict_no_do,Could not resolve DO variant
Etched Chau Gongs,Etched Chau Gongs,,18 in,,MI-GO-CH-ET-18,conflict_no_do,Could not resolve DO variant
Etched Chau Gongs,Etched Chau Gongs,,20 in,,MI-GO-CH-ET-20,conflict_no_do,Could not resolve DO variant
Etched Chau Gongs,Etched Chau Gongs,,24 in,,MI-GO-CH-ET-24,conflict_no_do,Could not resolve DO variant
Etched Chau Gongs,Etched Chau Gongs,,28 in,,MI-GO-CH-ET-28,conflict_no_do,Could not resolve DO variant
Etched Chau Gongs,Etched Chau Gongs,,32 in,,MI-GO-CH-ET-32,conflict_no_do,Could not resolve DO variant
Etched Chau Gongs,Etched Chau Gongs,,36 in,,MI-GO-CH-ET-36,conflict_no_do,Could not resolve DO variant
Etched Chau Gongs,Etched Chau Gongs,,40 in,,MI-GO-CH-ET-40,conflict_no_do,Could not resolve DO variant
Etched Handmade Singing Bowls,Etched Handmade Singing Bowls,,Buddhas Eyes / 13in,,MI-SB-HM-ET-BE-13,conflict_no_do,Could not resolve DO variant
Etched Handmade Singing Bowls,Etched Handmade Singing Bowls,,Chakras / 13in,,MI-SB-HM-ET-C-13,conflict_no_do,Could not resolve DO variant
Etched Handmade Singing Bowls,Etched Handmade Singing Bowls,,Om / 13in,,MI-SB-HM-ET-OM-13,conflict_no_do,Could not resolve DO variant
Etched Handmade Singing Bowls,Etched Handmade Singing Bowls,,13 in / Yin Yang,,MI-SB-HM-ET-YY-13,conflict_no_do,Could not resolve DO variant
Etched Handmade Singing Bowls,Etched Handmade Singing Bowls,,Mantra / 13in,,MI-SB-HM-ET-M-13,conflict_no_do,Could not resolve DO variant
Etched Handmade Singing Bowls,Etched Handmade Singing Bowls,,13 in / Tara,,MI-SB-HM-ET-T-13,conflict_no_do,Could not resolve DO variant
Handpan Stand,Handpan Stand,,Standard,,MI-HP-S,conflict_no_do,Could not resolve DO variant
Handpan Stand,Handpan Stand,,,,,conflict_no_do,Could not resolve DO variant
DNA Tuning Fork,DNA Tuning Fork,,Standard,,MI-TF-DNA,conflict_no_do,Could not resolve DO variant
Plain Yoga Mats,Plain Yoga Mats,,Green / Moderate,,YO-M-CT-M-G,conflict_no_do,Could not resolve DO variant
Plain Yoga Mats,Plain Yoga Mats,,Blue / Moderate,,YO-M-CT-M-B,conflict_no_do,Could not resolve DO variant
Pulse Tubes,Pulse Tubes,,Large,,MI-PT-L,conflict_no_do,Could not resolve DO variant
Shruti Box,Shruti Box,,1 Octave Mini,,MI-STB-O1-M,conflict_no_do,Could not resolve DO variant
Shruti Box,Shruti Box,,1 Octave Standard,,MI-STB-O1,conflict_no_do,Could not resolve DO variant
Shruti Box Pedal,Shruti Box Pedal,,Pedal,,MI-STB-P,conflict_no_do,Could not resolve DO variant
Shruti Box Pedal,Shruti Box Pedal,,,,,conflict_no_do,Could not resolve DO variant
Singing Bowl Bags,Singing Bowl Bags,,Medium,,MI-SB-BG-M,conflict_no_do,Could not resolve DO variant
"Singing Bowl Head Set – G, A, B","Singing Bowl Head Set – G, A, B",,Standard,,MI-SB-GAB-SET3,conflict_no_do,Could not resolve DO variant
"Singing Bowl Head Set – G, A, B","Singing Bowl Head Set – G, A, B",,,,,conflict_no_do,Could not resolve DO variant
Singing Bowl with Handle,Singing Bowl with Handle,,Standard,,MI-SB-H,conflict_no_do,Could not resolve DO variant
Singing Bowl with Handle,Singing Bowl with Handle,,,,,conflict_no_do,Could not resolve DO variant
Singing Bowls with Sacred Mantra Printed,Singing Bowls with Sacred Mantra Printed,,Red / 3.5 Inches,,MI-SB-SM-R-3.5,conflict_no_do,Could not resolve DO variant
Singing Bowls with Sacred Mantra Printed,Singing Bowls with Sacred Mantra Printed,,Gold / 3.5 Inches,,MI-SB-SM-GO-3.5,conflict_no_do,Could not resolve DO variant
Singing Bowls with Sacred Mantra Printed,Singing Bowls with Sacred Mantra Printed,,Black / 3.5 Inches,,MI-SB-SM-BK-3.5,conflict_no_do,Could not resolve DO variant
Sleigh Bells Wooden Jingle Stick,Sleigh Bells Wooden Jingle Stick,,Standard,,MI-JE-S,conflict_no_do,Could not resolve DO variant
Sleigh Bells Wooden Jingle Stick,Sleigh Bells Wooden Jingle Stick,,,,,conflict_no_do,Could not resolve DO variant
Solar Bell,Solar Bell,,Standard,,MI-BL-SR,conflict_no_do,Could not resolve DO variant
Solar Bell,Solar Bell,,,,,conflict_no_do,Could not resolve DO variant
The Head Bowl,The Head Bowl,,Standard,,MI-SB-HB,conflict_no_do,Could not resolve DO variant
The Head Bowl,The Head Bowl,,,,,conflict_no_do,Could not resolve DO variant
Third Eye Chakra Singing Bowl,Third Eye Chakra Singing Bowl,,Standard,,MI-SB-TEC,conflict_no_do,Could not resolve DO variant
Third Eye Chakra Singing Bowl,Third Eye Chakra Singing Bowl,,,,,conflict_no_do,Could not resolve DO variant
Tingsha Bell,Tingsha Bell,,Medium / Dark,,MI-TB-D-M,conflict_no_do,Could not resolve DO variant
Tingsha Bell,Tingsha Bell,,Large / Dark,,MI-TB-D-L,conflict_no_do,Could not resolve DO variant
Tingsha Bell,Tingsha Bell,,Medium / Etched,,MI-TB-ET-M,conflict_no_do,Could not resolve DO variant
Tingsha Bell,Tingsha Bell,,Large / Etched,,MI-TB-ET-L,conflict_no_do,Could not resolve DO variant
Tingsha Bell,Tingsha Bell,,Large / Plain,,MI-TB-P-L,conflict_no_do,Could not resolve DO variant
Tingsha Bell,Tingsha Bell,,Small / Plain,,MI-TB-P-S,conflict_no_do,Could not resolve DO variant
Tingsha Bell,Tingsha Bell,,Medium / Plain,,MI-TB-P-M,conflict_no_do,Could not resolve DO variant
Handmade Universal Bowl for Sound Healing,Universal Bowl,,Standard,,MI-SB-UB,conflict_no_do,Could not resolve DO variant
Wooden Guiro,Wooden Guiro,,Standard,,MI-GRO,conflict_no_do,Could not resolve DO variant
Wooden Guiro,Wooden Guiro,,,,,conflict_no_do,Could not resolve DO variant
Wooden Hand Khartal/Jingles,Wooden Hand Khartal/Jingles,,Standard,,MI-KL,conflict_no_do,Could not resolve DO variant
7 Chakras Copper Water Bottles with Handle,7 Chakras - Copper Bottles with Handle,,Vintage / 1L / Without Brush,,CB-7C-V-H,conflict_no_do,Could not resolve DO variant
7 Chakras Copper Water Bottles with Handle,7 Chakras - Copper Bottles with Handle,,With Brush / Vintage / 1L,,CB-7C-V-H-B,conflict_no_do,Could not resolve DO variant
7 Chakras Copper Water Bottles with Handle,7 Chakras - Copper Bottles with Handle,,1L / Without Brush / Plain,,CB-7C-H,conflict_no_do,Could not resolve DO variant
7 Chakras Copper Water Bottles with Handle,7 Chakras - Copper Bottles with Handle,,With Brush / 1L / Plain,,CB-7C-H-B,conflict_no_do,Could not resolve DO variant
7 Chakras Copper Water Bottles,7 Chakras - Plain Copper Bottles,,1L / Without Brush / Plain,,CB-7C,conflict_no_do,Could not resolve DO variant
7 Chakras Copper Water Bottles,7 Chakras - Plain Copper Bottles,,With Brush / 1L / Plain,,CB-7C-B,conflict_no_do,Could not resolve DO variant
7 Chakras Copper Water Bottles,7 Chakras - Plain Copper Bottles,,500ml / With Brush / Plain,,CB-7C-B-.5,conflict_no_do,Could not resolve DO variant
7 Chakras Copper Water Bottles,7 Chakras - Plain Copper Bottles,,500ml / Without Brush / Plain,,CB-7C-.5,conflict_no_do,Could not resolve DO variant
7 Chakras Vintage - Copper Bottle,7 Chakras - Vintage Copper Bottles,,500ml / With Brush / Vintage,,CB-7C-V-B-.5,conflict_no_do,Could not resolve DO variant
7 Chakras Vintage - Copper Bottle,7 Chakras - Vintage Copper Bottles,,Vintage / Without Brush / 500ml,,CB-7C-V-.5,conflict_no_do,Could not resolve DO variant
7 Chakras Vintage - Copper Bottle,7 Chakras - Vintage Copper Bottles,,With Brush / Vintage / 1L,,CB-7C-V-B,conflict_no_do,Could not resolve DO variant
7 Chakras Vintage - Copper Bottle,7 Chakras - Vintage Copper Bottles,,Vintage / 1L / Without Brush,,CB-7C-V,conflict_no_do,Could not resolve DO variant
Ankh Sound Healing Instrument,Ankh,,Standard,,MI-AH,conflict_no_do,Could not resolve DO variant
Bamboo Rainstick,Bamboo Rainstick Wide-80cm,,Wide 80cm,,MI-RS-W-80,conflict_no_do,Could not resolve DO variant
Tam-Tam/Chau Gong,Chau Gongs,,36 in,,MI-GO-CH-36,conflict_no_do,Could not resolve DO variant
Coconut Maracas Shakers,Coconut Maracas Shakers,,Dot Painted,,MI-CMS-DP,conflict_no_do,Could not resolve DO variant
Crescent Zafu Cushion - Compact,Crescent Zafu Cushion - Compact -Buck wheat,,Rouge Pink,,ME-CZ-C-RP,conflict_no_do,Could not resolve DO variant
Crescent Zafu Cushion - Compact,Crescent Zafu Cushion - Compact -Buck wheat,,Light Grey,,ME-CZ-C-LG,conflict_no_do,Could not resolve DO variant
Crescent Zafu Cushion - Wide,Crescent Zafu Cushion - Wide -Cotton,,Lavender / Lavender,,ME-CZ-W-LV,conflict_no_do,Could not resolve DO variant
Crescent Zafu Cushion - Wide,Crescent Zafu Cushion - Wide -Cotton,,Misty Blue / Misty Blue,,ME-CZ-W-MB,conflict_no_do,Could not resolve DO variant
Crescent Zafu Cushion - Wide,Crescent Zafu Cushion - Wide -Cotton,,Rouge Pink / Rouge Pink,,ME-CZ-W-RP,conflict_no_do,Could not resolve DO variant
Crescent Zafu Cushion - Wide,Crescent Zafu Cushion - Wide -Cotton,,Sage,,Me-CZ-W-S,conflict_no_do,Could not resolve DO variant
Crescent Zafu Cushion - Wide,Crescent Zafu Cushion - Wide -Cotton,,Dark Grey,,Me-CZ-W-DG,conflict_no_do,Could not resolve DO variant
Dotted Singing Bowl,Dotted Singing Bowl,,7 inch,,MI-SB-DT-7,conflict_no_do,Could not resolve DO variant
Dotted Singing Bowl,Dotted Singing Bowl,,4 inch,,MI-SB-DT-4,conflict_no_do,Could not resolve DO variant
Elemental Chimes,Element Chimes,,Standard,,MI-EC,conflict_no_do,Could not resolve DO variant
Gaumukhi Shankh – Natural Conch Shell,Gomukhi Shankh,,Gomukhi,,MI-SK-GM,conflict_no_do,Could not resolve DO variant
Gaumukhi Shankh – Natural Conch Shell,Gomukhi Shankh,,,,,conflict_no_do,Could not resolve DO variant
Handheld Natural Coconut Shaker,Handheld Natural Coconut Shaker,,Standard,,MI-CS-HH,conflict_no_do,Could not resolve DO variant
Heart Chakra Singing Bowl,Heart Chakra Singing Bowl,,Standard,,MI-SB-HC,conflict_no_do,Could not resolve DO variant
Heart Chakra Singing Bowl,Heart Chakra Singing Bowl,,,,,conflict_no_do,Could not resolve DO variant
Jala Neti Pot - Ceramic 185 ml,Jala Neti Pot - Ceramic 185 ml,,Red,,YO-NP-R-185,conflict_no_do,Could not resolve DO variant
Macrame Yoga Mat Straps,Macrame Yoga Mat Straps,,Yellow,,YO-MMS-O,conflict_no_do,Could not resolve DO variant
Macrame Yoga Mat Straps,Macrame Yoga Mat Straps,,Navy Blue,,YO-MMS-NB,conflict_no_do,Could not resolve DO variant
Macrame Yoga Mat Straps,Macrame Yoga Mat Straps,,Rose,,YO-MMS-R,conflict_no_do,Could not resolve DO variant
Macrame Yoga Mat Straps,Macrame Yoga Mat Straps,,Rouge Pink,,YO-MMS-RP,conflict_no_do,Could not resolve DO variant
Macrame Yoga Mat Straps,Macrame Yoga Mat Straps,,Sage,,YO-MMS-S,conflict_no_do,Could not resolve DO variant
Mini Coconut Shakers - 3 Types,Mini Coconut Shakers - 3 Types,,Set of 3,,MI-CS-SET3,conflict_no_do,Could not resolve DO variant
Painted Egg Shakers,Painted Egg Shakers,,Standard,,MI-ES,conflict_no_do,Could not resolve DO variant
Rectangular Yoga Bolster,Rectangular Yoga Bolster,,Grey,,YO-BR-RT-GY,conflict_no_do,Could not resolve DO variant
Rectangular Yoga Bolster,Rectangular Yoga Bolster,,Rouge Pink,,YO-BR-RT-RP,conflict_no_do,Could not resolve DO variant
Rectangular Yoga Bolster,Rectangular Yoga Bolster,,Maroon,,YO-BR-RT-M,conflict_no_do,Could not resolve DO variant
Root Chakra Singing Bowl,Root Chakra Singing Bowl,,Standard,,MI-SB-RC,conflict_no_do,Could not resolve DO variant
Root Chakra Singing Bowl,Root Chakra Singing Bowl,,,,,conflict_no_do,Could not resolve DO variant
Sacred Symbols Singing Bowls,Sacred Symbols Singing Bowls,,Gold / 5.5 in,,MI-SB-SS-GO-5.5,conflict_no_do,Could not resolve DO variant
Sacred Symbols Singing Bowls,Sacred Symbols Singing Bowls,,Gold / 3.5 in,,MI-SB-SS-GO-3.5,conflict_no_do,Could not resolve DO variant
Sacred Symbols Singing Bowls,Sacred Symbols Singing Bowls,,Gold / 4 in,,MI-SB-SS-GO-4,conflict_no_do,Could not resolve DO variant
Sacred Symbols Singing Bowls,Sacred Symbols Singing Bowls,,Gold / 7 Inches,,MI-SB-SS-GO-7,conflict_no_do,Could not resolve DO variant
Singing Bowls Silk Ring Cushion Accessories,Singing Bowls Silk Ring Cushion Accessories,,10cm / Brown,,MI-SBC-BR-10,conflict_no_do,Could not resolve DO variant
Sughosh Shankh – Natural Conch Shell,Sughosh Shankh,,Sughosh,,MI-SK-SG,conflict_no_do,Could not resolve DO variant
Sughosh Shankh – Natural Conch Shell,Sughosh Shankh,,,,,conflict_no_do,Could not resolve DO variant
"The Four Bowl Set - Root, Heart, Third Eye and Universal","The Four Bowl Set - Root, Heart, Third Eye and Universal",,Standard,,MI-SB-RHTU-SET4,conflict_no_do,Could not resolve DO variant
"The Four Bowl Set - Root, Heart, Third Eye and Universal","The Four Bowl Set - Root, Heart, Third Eye and Universal",,,,,conflict_no_do,Could not resolve DO variant
"The Three Bowl Set - Root, Heart and Third Eye","The Three Bowl Set - Root, Heart and Third Eye",,Standard,,MI-SB-RHT-SET3,conflict_no_do,Could not resolve DO variant
"The Three Bowl Set - Root, Heart and Third Eye","The Three Bowl Set - Root, Heart and Third Eye",,,,,conflict_no_do,Could not resolve DO variant
Thunder Tube - Basic Edition,Thunder Tube - Basic Edition,,20cms /Small,,MI-TT-S,conflict_no_do,Could not resolve DO variant
Thunder Tube - Basic Edition,Thunder Tube - Basic Edition,,25cms /Medium,,MI-TT-M,conflict_no_do,Could not resolve DO variant
Thunder Tube - Basic Edition,Thunder Tube - Basic Edition,,30cms /Large,,MI-TT-L,conflict_no_do,Could not resolve DO variant
Plain/Wind Tibetan Gong,Wind Gong - Plain,,20INCH,,MI-GO-WI-20,conflict_no_do,Could not resolve DO variant
Plain/Wind Tibetan Gong,Wind Gong - Plain,,26INCH,,MI-GO-WI-26,conflict_no_do,Could not resolve DO variant
Plain/Wind Tibetan Gong,Wind Gong - Plain,,28INCH,,MI-GO-WI-28,conflict_no_do,Could not resolve DO variant
Plain/Wind Tibetan Gong,Wind Gong - Plain,,24INCH,,MI-GO-WI-24,conflict_no_do,Could not resolve DO variant
Plain/Wind Tibetan Gong,Wind Gong - Plain,,14 INCh,,MI-GO-WI-14,conflict_no_do,Could not resolve DO variant
Plain/Wind Tibetan Gong,Wind Gong - Plain,,16INCH,,MI-GO-WI-16,conflict_no_do,Could not resolve DO variant
Plain/Wind Tibetan Gong,Wind Gong - Plain,,18INCH,,MI-GO-WI-18,conflict_no_do,Could not resolve DO variant
Plain/Wind Tibetan Gong,Wind Gong - Plain,,22INCH,,MI-GO-WI-22,conflict_no_do,Could not resolve DO variant
Lotus Yoga Mat,Yoga Mats-Lotus,,Moderate / Green,,YO-M-CT-L-M-G,conflict_no_do,Could not resolve DO variant
Lotus Yoga Mat,Yoga Mats-Lotus,,Moderate / Blue,,YO-M-CT-L-M-B,conflict_no_do,Could not resolve DO variant
Zafu & Zabuton Meditation Cushion Combo - Lotus Embroidery,Zafu & Zabuton Combo - Lotus Embroidery,,Navy Blue,,ME-Z-Zn-EM-L-NB,conflict_no_do,Could not resolve DO variant
Zafu & Zabuton Meditation Cushion Combo - Lotus Embroidery,Zafu & Zabuton Combo - Lotus Embroidery,,Dark Grey,,ME-Z-Zn-EM-L-DG,conflict_no_do,Could not resolve DO variant
Zafu & Zabuton Meditation Cushion Combo,Zafu & Zabuton Combo - Plain,,Dark Grey,,ME-Z-Zn-DG,conflict_no_do,Could not resolve DO variant
