slug,name,woo_id,status,product_type,hsn_code,tax_class,desc_len,short_len,video_url,audio_url,variant_count,product_images,variant_images,accordion_count,shipping_rate_rows,article_slug_count,relation_count,catalog_hidden
11-note-tongue-drum,11 Note Tongue Drum,42373,ACTIVE,VARIABLE,"",gst12,0,573,"","",8,6,0,7,32,0,0,false
32-rods-bar-chime,32 Rods - Bar Chime,42389,ACTIVE,SIMPLE,"",gst18,0,595,"",https://sarveda-media.s3.amazonaws.com/media/wp/uploads/2024/06/32-bar-chime.mp3,1,5,0,7,4,0,4,false
7-chakra-morchang-set,7 Chakra Morchang Set,48727,ACTIVE,VARIABLE,"",standard,1287,1288,"","",8,1,0,7,32,0,0,false
7-chakras-copper-water-bottles,7 Chakras Copper Water Bottles,6080,ACTIVE,VARIABLE,"",gst-5,0,647,"","",8,11,8,7,32,0,0,false
7-chakras-copper-water-bottles-with-handle,7 Chakras Copper Water Bottles with Handle,44503,ACTIVE,VARIABLE,"",gst-5,0,706,"","",4,11,4,7,16,0,0,false
7-chakras-gold-copper-bottle,7 Chakras Gold - Copper Bottle,5675,ACTIVE,VARIABLE,"",gst-5,0,706,"","",4,8,0,7,16,0,0,false
7-chakras-moderate-grip-yoga-mat,7 Chakras Moderate Grip Yoga Mat,8422,ACTIVE,VARIABLE,"",gst-5,294,930,"","",24,19,0,7,96,0,3,false
7-chakras-mystical-incense-sticks-set,7 Chakras Mystical Incense Sticks Set,7687,ACTIVE,VARIABLE,"",gst-5,0,1154,"","",9,20,9,7,36,0,3,false
7-chakras-vintage-copper-bottle,7 Chakras Vintage - Copper Bottle,5682,ACTIVE,VARIABLE,"",gst-5,0,706,"","",4,7,0,7,16,0,0,false
7-chakras-yoga-mats,7 Chakras Yoga Mats,46141,ACTIVE,VARIABLE,"",gst-5,294,987,"","",10,1,4,7,40,0,5,false
7-key-kalimba-made-from-coconut-shell-painted-plain,7-Key Kalimba Made from Coconut Shell - Painted & Plain,7661,ACTIVE,VARIABLE,"",gst-5,0,802,"",https://sarveda-media.s3.amazonaws.com/media/wp/uploads/2023/08/Kalimba.mp3,2,18,2,7,8,0,2,false
8-keys-metallophone-with-1-1-5-key-widths,8 Keys Metallophone - with 1” & 1.5” key-widths,42332,ACTIVE,VARIABLE,"",gst12,0,862,"",https://sarveda-media.s3.amazonaws.com/media/wp/uploads/2024/06/Xylophone-1-inch-.mp3,2,6,2,7,8,0,6,false
8-keys-wooden-xylophone,8 Keys Wooden Xylophone,42340,ACTIVE,SIMPLE,"",gst12,0,837,"",https://sarveda-media.s3.amazonaws.com/media/wp/uploads/2024/06/Wooden-Xylophone.mp3,1,5,0,7,4,0,4,false
9-10-notes-handpan-drum-handcrafted-to-precision,9/10 Notes Handpan Drum - Handcrafted to Precision,8058,ACTIVE,VARIABLE,"",gst-zero-rate,69,560,"",https://sarveda-media.s3.amazonaws.com/media/wp/uploads/2023/10/handpan.mp3,2,15,0,7,8,0,5,false
aluminium-22-steel-bars-chime,Aluminium 22 Steel Bars Chime,46525,ACTIVE,SIMPLE,"",gst12,236,569,"","",1,3,0,7,0,0,0,false
angel-tuning-forks,Angel Tuning Forks,48205,ACTIVE,VARIABLE,"",standard,555,555,"","",3,1,0,7,12,0,0,false
ankh-sound-healing-instrument,Ankh Sound Healing Instrument,49596,DRAFT,VARIABLE,"",standard,156,844,"","",2,1,0,7,0,0,0,false
antique-finish-handmade-singing-bowls,Antique finish Handmade Singing Bowls,9964,DRAFT,VARIABLE,"",gst-5,0,690,"",https://sarveda-media.s3.amazonaws.com/media/wp/uploads/2024/05/Handmade-B-7-inch.mp3,7,7,7,7,28,0,4,false
artistically-designed-copper-bottles,Artistically Designed Copper Bottles,6007,ACTIVE,VARIABLE,"",gst-5,0,706,"","",20,12,20,7,80,0,4,false
asalato-aslatau-or-kashaka-shaker,Asalato/Aslatau or Kashaka Shaker,7300,ACTIVE,VARIABLE,"",gst-5,0,1024,"","",4,10,0,7,16,0,4,false
ayurvedic-copper-bedroom-jar,Ayurvedic Copper Bedroom Jar,6289,ACTIVE,SIMPLE,"",gst-5,0,598,"","",1,9,0,7,4,0,4,false
bamboo-castanet,Bamboo Castanet,7329,ACTIVE,SIMPLE,"",gst-5,0,506,"","",1,8,0,7,4,0,4,false
bamboo-jaw-harp,Bamboo Jaw Harp,46498,ACTIVE,SIMPLE,"",gst12,177,568,"","",1,3,0,7,4,0,4,false
bamboo-rainstick,Bamboo Rainstick,7484,DRAFT,VARIABLE,"",gst-5,0,621,"",https://sarveda-media.s3.amazonaws.com/media/wp/uploads/2023/08/Bamboo-Rainstick-.mp3,4,8,4,7,16,0,6,false
bamboo-rainstick-49779,Bamboo Rainstick,49779,ACTIVE,SIMPLE,"",gst-5,260,621,"",https://sarveda-media.s3.amazonaws.com/media/wp/uploads/2023/08/Bamboo-Rainstick-.mp3,1,1,0,7,4,0,6,false
belly-bowls,Belly Bowls,47924,ACTIVE,SIMPLE,"",standard,613,613,"","",1,1,0,7,4,0,0,false
bendo-chimes,Bendo Chimes,47751,ACTIVE,SIMPLE,"",gst18,330,650,"","",1,1,0,7,4,0,0,false
bendo-shaker,Bendo Shaker,47742,ACTIVE,VARIABLE,"",gst18,550,550,"",https://sarveda-media.s3.amazonaws.com/media/wp/uploads/2025/10/bendo-shaker.mp3,2,1,0,7,8,0,0,false
bendo-shaker1,Bendo Shaker,"",ACTIVE,VARIABLE,"",standard,19,13,"","",3,1,4,1,12,0,0,false
bird-flute,Bird Flute,45754,ACTIVE,VARIABLE,"",gst-5,822,822,"","",5,5,0,7,20,0,3,false
box-tanpura,Box Tanpura,45384,ACTIVE,VARIABLE,"",gst12,1238,1395,"",https://sarveda-media.s3.amazonaws.com/media/wp/uploads/2025/04/male-tanpura.mp3,2,5,0,7,8,0,4,false
brain-tuner-set-harmonize-your-mind-s-natural-rhythms,Brain Tuner Set – Harmonize Your Mind’s Natural Rhythms,48421,DRAFT,VARIABLE,"",gst18,425,1660,"","",6,1,0,7,0,0,0,false
caxixi,Caxixi,42317,ACTIVE,SIMPLE,"",gst-5,0,760,"","",1,6,0,7,4,0,0,false
c-g-tuning-forks,C&G Tuning Forks,48318,ACTIVE,VARIABLE,"",standard,490,558,"","",2,1,0,7,8,0,0,false
classic-morchang-set,Classic Morchang Set,48653,ACTIVE,VARIABLE,"",standard,725,2768,"","",4,1,0,7,16,0,0,false
coconut-maracas-shakers,Coconut Maracas Shakers,7370,ACTIVE,VARIABLE,"",gst-5,28,493,"","",2,9,0,7,8,0,3,false
coconut-rattle,Coconut Rattle,5730,ACTIVE,SIMPLE,"",gst-5,0,484,"","",1,7,0,7,4,0,0,false
conscious-cards,Conscious Cards,45533,ACTIVE,SIMPLE,"",standard,1239,1239,"","",1,10,0,7,4,0,4,false
copper-bottle-gift-set-7-chakra,Copper Bottle Gift Set - 7 Chakra,6638,ACTIVE,VARIABLE,"",gst-5,701,701,"","",2,11,0,7,8,0,6,false
copper-tongue-cleaner,Copper Tongue Cleaner,5042,ACTIVE,VARIABLE,"",gst-5,0,387,"","",6,14,0,7,24,0,0,false
course-checkout-nada-yoga,Nada Yoga- Primordial Sound Meditation,"",ACTIVE,DIGITAL,"",gst-zero-rate,0,57,"","",1,1,0,0,0,0,0,true
course-checkout-qigong-fundamentals,Root & Breath – Qigong Fundamentals & Body Awakening,"",ACTIVE,DIGITAL,"",gst-zero-rate,0,71,"","",1,1,0,0,0,0,0,true
course-checkout-rhythmic-foundations,Rhythmic Foundations for Sound Practitioners,"",ACTIVE,DIGITAL,"",gst-zero-rate,0,63,"","",1,1,0,0,0,0,0,true
course-checkout-sonic-odyssey-workshop-across-india,Sonic Odyssey Workshop- Across India,"",ACTIVE,DIGITAL,"",gst-zero-rate,0,55,"","",1,1,0,0,0,0,0,true
course-checkout-sound-alchemy-online,Introduction to the Art & Science of Sound Therapy & Nada Yoga - Online Course,"",ACTIVE,DIGITAL,"",gst-zero-rate,0,97,"","",1,1,0,0,0,0,0,true
course-checkout-sound-healing-course,Sound Healing Course,"",ACTIVE,DIGITAL,"",gst-5,0,39,"","",1,1,0,0,0,0,0,true
course-checkout-sound-healing-course-1,Sound Healing Course,"",ACTIVE,DIGITAL,"",gst-5,0,39,"","",1,1,0,0,0,0,0,true
course-checkout-sound-therapy-bangalore,Sound Healing and Therapy Fundamentals Weekend Residential Workshop Nov 30 to Dec 1 – Bangalore,"",ACTIVE,DIGITAL,"",gst-zero-rate,0,114,"","",1,1,0,0,0,0,0,true
course-checkout-sound-therapy-bangalore-3,Sound Therapy & Nada Yoga Workshop - Bangalore,"",ACTIVE,DIGITAL,"",gst-zero-rate,0,65,"","",1,1,0,0,0,0,0,true
course-checkout-sound-therapy-delhi,"Sound Healing and Therapy Fundamentals Workshop, October 19 to 20 - Delhi","",ACTIVE,DIGITAL,"",gst-zero-rate,0,92,"","",1,1,0,0,0,0,0,true
course-checkout-sound-therapy-fundamentals,Sound Therapy Fundamentals,"",ACTIVE,DIGITAL,"",gst-zero-rate,0,45,"","",1,1,0,0,0,0,0,true
course-checkout-sound-therapy-fundamentals-online,Sound Therapy Fundamentals,"",ACTIVE,DIGITAL,"",gst-zero-rate,0,45,"","",1,1,0,0,0,0,0,true
course-checkout-sound-therapy-goa,Sound Therapy Workshop – Goa,"",ACTIVE,DIGITAL,"",gst-zero-rate,0,47,"","",1,1,0,0,0,0,0,true
course-checkout-sound-therapy-mumbai,Sound Healing and Therapy Fundamentals Workshop 9-10 November – Mumbai,"",ACTIVE,DIGITAL,"",gst-zero-rate,0,89,"","",1,1,0,0,0,0,0,true
course-checkout-yoga-therapy-course,Yoga Therapy Course,"",ACTIVE,DIGITAL,"",gst-zero-rate,0,38,"","",1,1,0,0,0,0,0,true
crescent-zafu-cushion-compact,Crescent Zafu Cushion - Compact,47508,ACTIVE,VARIABLE,"",gst18,1169,1200,"","",5,1,0,7,20,0,4,false
crescent-zafu-cushion-wide,Crescent Zafu Cushion - Wide,47494,ACTIVE,VARIABLE,"",gst18,1150,1150,"","",3,1,0,7,12,0,4,false
crescent-zafu-meditation-cushion,Crescent Zafu Meditation Cushion,6734,DRAFT,VARIABLE,"",gst-5,0,973,"","",10,20,10,7,40,0,4,false
crystal-bowl-bag,Crystal Bowl Bag,47081,ACTIVE,VARIABLE,"",standard,287,1862,"","",3,1,0,7,12,0,0,false
crystal-bowl-mallets,Crystal Bowl Mallets,49604,DRAFT,VARIABLE,"",gst-5,108,1090,"","",3,1,3,7,0,0,0,false
crystal-bowl-o-rings-support-rings,Crystal Bowl O Rings (Support Rings),49760,DRAFT,VARIABLE,"",gst-5,0,1341,"","",4,1,0,7,0,0,0,false
crystal-bowls,Crystal Bowls,9777,ACTIVE,VARIABLE,"",gst18,0,691,"",https://sarveda-media.s3.amazonaws.com/media/wp/uploads/2024/05/Crystal-Bowl-6-inch.mp3,9,3,9,7,36,0,1,false
crystal-bowls-set-of-7,Crystal Bowls - Set of 7,43219,ACTIVE,VARIABLE,"",gst18,0,380,"","",4,16,0,7,16,0,4,false
crystal-bowl-with-handle,Crystal Bowl with Handle,45661,ACTIVE,SIMPLE,"",gst18,562,562,"","",1,6,0,7,4,0,4,false
crystal-pyramid,Crystal Pyramid,45654,ACTIVE,VARIABLE,"",gst18,415,404,"","",2,6,0,7,8,0,4,false
djembe-drums,Djembe Drums,44969,ACTIVE,VARIABLE,"",standard,630,498,"",https://sarveda-media.s3.amazonaws.com/media/wp/uploads/2025/03/Djembe-8-inch.mp3,8,2,0,7,32,0,0,false
dotted-singing-bowl,Dotted Singing Bowl,6892,ACTIVE,VARIABLE,"",gst-5,0,0,"",https://sarveda-media.s3.amazonaws.com/media/wp/uploads/2024/05/Machinemade-4-inch.mp3,3,1,3,7,12,0,5,false
dumru-dumroo-indian-handmade-percussion-instrument,Dumru/Dumroo Indian Handmade Percussion Instrument,5740,ACTIVE,VARIABLE,"",gst-5,0,650,"","",2,1,0,7,8,0,0,false
eco-friendly-neem-wood-toothbrush,Eco-Friendly Neem Wood Toothbrush,5037,ACTIVE,VARIABLE,"",gst-5,0,476,"","",2,8,2,7,8,0,6,false
egg-shaker-with-handle,Egg Shaker with Handle,7396,ACTIVE,SIMPLE,"",gst-5,0,852,"","",1,9,0,7,4,0,4,false
elemental-chimes,Elemental Chimes,45194,ACTIVE,SIMPLE,"",gst-5,524,526,"",https://sarveda-media.s3.amazonaws.com/media/wp/uploads/2025/04/koshi-chime-1-1.mp3,1,3,0,7,4,0,4,false
etched-handmade-singing-bowls,Etched Handmade Singing Bowls,9795,ACTIVE,VARIABLE,"",gst-5,0,877,"",https://sarveda-media.s3.amazonaws.com/media/wp/uploads/2024/05/Handmade-B-7-inch.mp3,78,20,62,7,312,0,7,false
etched-plain-wind-gong,Etched Plain/Wind Gong,8846,ACTIVE,VARIABLE,"",gst-5,8,435,"",https://sarveda-media.s3.amazonaws.com/media/wp/uploads/2024/01/18-inch-Chakra-Gong.mp3,64,12,54,7,256,0,6,false
event-checkout-antar-mauna-a-new-moon-sonic-journey,Antar Mauna - New Moon Inner Silence Experience,"",ACTIVE,DIGITAL,"",gst-zero-rate,0,65,"","",1,1,0,0,0,0,0,true
event-checkout-drum-circle-with-arjun-xenkat,Drum Circle with Arjun & Xenkat,"",ACTIVE,DIGITAL,"",gst-zero-rate,0,49,"","",1,1,0,0,0,0,0,true
event-checkout-immersive-sound-bath-experience-with-yoganidra,Immersive Sound Bath Experience with yoganidra,"",ACTIVE,DIGITAL,"",gst-zero-rate,0,64,"","",1,1,0,0,0,0,0,true
event-checkout-purnimaya,"PURNIMAYA- Etheric Sounds, Mantras and Movement under the Full Moon's glow","",ACTIVE,DIGITAL,"",gst-zero-rate,0,92,"","",1,1,0,0,0,0,0,true
event-checkout-shamanic-breathwork,Shamanic Breathwork with Soundbath Experience by Nandini Shastri,"",ACTIVE,DIGITAL,"",gst-zero-rate,0,82,"","",1,1,0,0,0,0,0,true
event-checkout-sonic-exploration,Sonic Exploration- Awaken the Inner Musician Within,"",ACTIVE,DIGITAL,"",gst-zero-rate,0,69,"","",1,1,0,0,0,0,0,true
event-checkout-the-hum,The Hum: Meditative Sound Bath Experience in Mysore,"",ACTIVE,DIGITAL,"",gst-zero-rate,0,69,"","",1,1,0,0,0,0,0,true
extra-large-meridian-singing-bowls,Extra Large Meridian Singing Bowls,43286,ACTIVE,VARIABLE,"",gst-5,102,863,"","",10,5,6,7,40,0,4,false
eye-pillow,Eye Pillow,"",ACTIVE,SIMPLE,8765,gst-5,26,22,"","",1,1,0,1,4,0,0,false
eye-shaped-natural-lavender-scented-eye-pillows,Eye Shaped Natural Lavender Scented Eye Pillows,9220,ACTIVE,VARIABLE,"",gst18,0,671,"","",5,18,5,7,20,0,5,false
flower-of-life-with-sacred-symbols-singing-bowls,Flower of Life with Sacred Symbols Singing Bowls,10035,ACTIVE,VARIABLE,"",gst-5,4,1709,"",https://sarveda-media.s3.amazonaws.com/media/wp/uploads/2024/05/FoL-8-inch.mp3,12,13,12,7,48,0,5,false
full-moon-singing-bowls-all-sizes,Full Moon Singing Bowls - All Sizes,7607,ACTIVE,VARIABLE,"",gst-5,103,554,"",https://sarveda-media.s3.amazonaws.com/media/wp/uploads/2024/05/Handmade-5-inch.mp3,9,13,9,7,36,0,0,false
gong-bags,Gong Bags,45152,ACTIVE,VARIABLE,"",gst18,356,356,"","",2,1,2,7,8,0,3,false
gong-stand,Gong Stand,45289,ACTIVE,VARIABLE,"",gst12,611,611,"","",8,1,0,7,32,0,3,false
grooved-hammered-plain-copper-bottle,"Grooved, Hammered & Plain Copper Bottle",6071,ACTIVE,VARIABLE,"",gst-5,0,528,"","",12,13,12,7,48,0,0,false
handcrafted-set-of-7-bowls-for-sound-therapy,Handcrafted Set of 7 Bowls for Sound Therapy,7887,ACTIVE,VARIABLE,"",gst-5,0,931,"",https://sarveda-media.s3.amazonaws.com/media/wp/uploads/2023/09/7-Chakras-Medium-Set.mp3,6,8,6,7,24,0,8,false
handheld-natural-coconut-shaker,Handheld Natural Coconut Shaker,5713,ACTIVE,SIMPLE,"",gst-5,0,489,"","",1,11,0,7,4,0,0,false
handmade-lingam-singing-bowl,Handmade Lingam Singing Bowl,9936,DRAFT,VARIABLE,"",gst-5,0,400,"",https://sarveda-media.s3.amazonaws.com/media/wp/uploads/2024/05/Lingam-9-inch-.mp3,7,6,0,7,28,0,3,false
handmade-singing-bowls-all-sizes,Handmade Singing Bowls - All Sizes,6884,ACTIVE,VARIABLE,"",gst-5,0,0,"",https://sarveda-media.s3.amazonaws.com/media/wp/uploads/2024/05/Handmade-5-inch.mp3,18,1,13,7,72,0,5,false
handmade-universal-bowl-for-sound-healing,Handmade Universal Bowl for Sound Healing,8143,ACTIVE,SIMPLE,"",gst-5,0,1118,"",https://sarveda-media.s3.amazonaws.com/media/wp/uploads/2023/11/Universal-Bowl-Strike-.mp3,1,6,0,7,4,0,4,false
handpan-stand,Handpan Stand,46907,ACTIVE,SIMPLE,"",standard,210,609,"","",1,5,0,7,4,0,0,false
hanging-bowls-zen-drops,Hanging Bowls/Zen Drops,45113,ACTIVE,VARIABLE,"",gst-5,423,579,"",https://sarveda-media.s3.amazonaws.com/media/wp/uploads/2025/03/Hanging-bowl-3.mp3,2,1,0,7,8,0,4,false
harmonium,Harmonium,44972,ACTIVE,VARIABLE,"",standard,531,531,"",https://sarveda-media.s3.amazonaws.com/media/wp/uploads/2025/03/Harmonium-small-1.mp3,2,1,0,7,8,0,4,false
heart-chakra-singing-bowl,Heart Chakra Singing Bowl,45473,ACTIVE,SIMPLE,"",gst-5,1261,1073,"",https://sarveda-media.s3.amazonaws.com/media/wp/uploads/2025/04/F3-2.mp3,1,4,0,7,4,0,4,false
hi-zafu-meditation-cushion-embroidered-with-lotus,Hi-Zafu Meditation Cushion - Embroidered with Lotus,9291,ACTIVE,VARIABLE,"",gst18,927,927,"","",5,12,5,7,20,0,3,false
hi-zafu-meditation-cushion-filled-with-buckwheat,Hi-Zafu Meditation Cushion - Filled with Buckwheat,6755,ACTIVE,VARIABLE,"",gst18,844,844,"","",12,26,12,7,48,0,0,false
ishana-black-gold-bowl,Ishana/Black-Gold Bowl,9949,DRAFT,VARIABLE,"",gst-5,0,1028,"","",8,7,8,7,32,0,0,false
jala-neti-pot-ceramic-185-ml,Jala Neti Pot - Ceramic 185 ml,5769,ACTIVE,VARIABLE,"",standard,0,399,"","",5,16,5,7,20,0,6,false
joint-bowl-or-knee-cut-bowl,Joint Bowl or Knee Cut Bowl,9978,ACTIVE,VARIABLE,"",gst-5,0,723,"",https://sarveda-media.s3.amazonaws.com/media/wp/uploads/2024/05/Joint-Bowl-8-inch.mp3,1,6,1,7,4,0,0,false
kenari-bracelet,Kenari Bracelet,42323,ACTIVE,SIMPLE,"",gst-5,0,684,"","",1,6,0,7,4,0,0,false
kenari-chimes-small-large,Kenari Chimes - Small & Large,45197,ACTIVE,VARIABLE,"",gst-5,629,629,"",https://sarveda-media.s3.amazonaws.com/media/wp/uploads/2025/04/kenari-chime-168.mp3,2,6,0,7,8,0,4,false
kenari-seed-shell-shakers,Kenari Seed Shell Shakers,7472,ACTIVE,VARIABLE,"",gst-5,0,505,"","",2,14,0,7,8,0,4,false
kenari-seed-shell-shaker-with-handle,Kenari Seed Shell Shaker with Handle,7349,DRAFT,SIMPLE,"",gst-5,0,786,"","",1,10,0,7,4,0,4,false
large-tuning-fork,Large Tuning Fork,49817,DRAFT,VARIABLE,"",standard,162,1404,"","",4,1,0,7,0,0,0,false
lotus-moderate-grip-yoga-mat,Lotus Moderate Grip Yoga Mat,8401,DRAFT,VARIABLE,"",gst-5,0,954,"","",24,22,24,7,96,0,0,false
lotus-superior-grip-yoga-mat,Lotus Superior Grip Yoga Mat,42648,DRAFT,VARIABLE,"",gst-5,337,936,"","",20,17,20,7,80,0,3,false
lotus-yoga-mat,Lotus Yoga Mat,46171,ACTIVE,VARIABLE,"",gst-5,343,996,"","",8,13,0,7,32,0,4,false
macrame-yoga-mat-straps,Macrame Yoga Mat Straps,7568,ACTIVE,VARIABLE,"",gst-5,0,460,"","",4,9,4,7,16,0,0,false
mayura-morchang-set,Mayura Morchang Set,48856,ACTIVE,VARIABLE,"",standard,724,2754,"","",4,1,0,7,16,0,0,false
mini-bamboo-and-aluminium-bar-chime,Mini Bamboo and Aluminium Bar Chime,7450,DRAFT,VARIABLE,"",gst18,0,389,"",https://sarveda-media.s3.amazonaws.com/media/wp/uploads/2023/08/9-Bar-Chime.mp3,2,8,0,7,8,0,0,false
mini-bamboo-slide-whistle,Mini Bamboo Slide Whistle,46495,ACTIVE,VARIABLE,"",gst12,230,2676,"","",3,3,0,7,12,0,4,false
mini-coconut-shakers-3-types,Mini Coconut Shakers - 3 Types,6062,ACTIVE,VARIABLE,"",gst-5,1,694,"","",4,15,3,7,16,0,4,false
mini-tongue-drum,Mini Tongue Drum,7491,ACTIVE,VARIABLE,"",gst12,0,763,"","",4,12,4,7,16,0,4,false
musical-wooden-frog,Musical Wooden Frog,7456,ACTIVE,VARIABLE,"",gst-5,0,486,"","",2,6,2,7,8,0,4,false
native-american-style-flute-handcrafted-wooden-melody-maker,Native American Style Flute – Handcrafted Wooden Melody Maker,48428,ACTIVE,SIMPLE,"",gst18,881,881,"","",1,1,0,7,4,0,0,false
natural-bamboo-xylophone-with-5-keys,Natural Bamboo Xylophone with 5 Keys,7435,ACTIVE,SIMPLE,"",gst12,0,903,"",https://sarveda-media.s3.amazonaws.com/media/wp/uploads/2023/08/Bamboo-Xylophone.mp3,1,8,0,7,4,0,4,false
natural-lavender-scented-eye-pillows,Natural Lavender Scented Eye Pillows,6519,ACTIVE,VARIABLE,"",gst18,0,970,"","",5,13,5,7,20,0,4,false
neem-wood-combs,Neem Wood Combs,5038,DRAFT,VARIABLE,"",gst-5,0,554,"","",5,8,5,7,20,0,0,false
ocarina-instruments,Ocarina Instruments,48373,DRAFT,VARIABLE,"",gst-zero-rate,640,640,"","",2,1,0,7,8,0,0,false
ocean-drums,Ocean Drums,9529,ACTIVE,VARIABLE,"",gst18,0,991,"",https://sarveda-media.s3.amazonaws.com/media/wp/uploads/2024/05/ocean-drum-35.mp3,9,9,3,7,36,0,5,false
painted-egg-shakers,Painted Egg Shakers,7404,ACTIVE,VARIABLE,"",gst-5,0,337,"","",3,11,3,7,12,0,4,false
pangi-seed-shell-rattle,Pangi Seed Shell Rattle,7356,ACTIVE,SIMPLE,"",gst-5,0,527,"","",1,5,0,7,4,0,0,false
plain-moderate-grip-yoga-mat,Plain Moderate Grip Yoga Mat,8379,DRAFT,VARIABLE,"",gst-5,0,871,"","",24,16,24,7,96,0,0,false
plain-superior-grip-yoga-mat,Plain Superior Grip Yoga Mat,42582,DRAFT,VARIABLE,"",gst-5,294,789,"","",20,17,20,7,80,0,3,false
plain-wind-tibetan-gong,Plain/Wind Tibetan Gong,8833,ACTIVE,VARIABLE,"",gst-5,0,435,"",https://sarveda-media.s3.amazonaws.com/media/wp/uploads/2024/01/18-inch-Chakra-Gong.mp3,8,6,7,7,32,0,0,false
plain-yoga-mats,Plain Yoga Mats,46220,ACTIVE,VARIABLE,"",gst-5,294,845,"","",8,17,0,7,32,0,3,false
pulse-tubes,Pulse Tubes,48512,ACTIVE,VARIABLE,"",standard,718,706,"","",3,1,0,7,12,0,0,false
rectangular-yoga-bolster,Rectangular Yoga Bolster,9675,ACTIVE,VARIABLE,"",gst18,0,621,"","",6,11,6,7,24,0,3,false
root-chakra-singing-bowl,Root Chakra Singing Bowl,45469,ACTIVE,SIMPLE,"",gst-5,1202,1202,"",https://sarveda-media.s3.amazonaws.com/media/wp/uploads/2025/04/C3.mp3,1,4,0,7,4,0,4,false
round-yoga-bolster,Round Yoga Bolster,6689,ACTIVE,VARIABLE,"",gst18,0,495,"","",8,15,8,7,32,0,4,false
sacred-symbols-singing-bowls,Sacred Symbols Singing Bowls,10008,ACTIVE,VARIABLE,"",gst-5,807,2186,"",https://sarveda-media.s3.amazonaws.com/media/wp/uploads/2024/05/Machine-Made-3.5-inch.mp3,15,12,15,7,60,0,0,false
shamanic-drum,Shamanic Drum,7293,ACTIVE,VARIABLE,"",gst18,0,744,"","",9,17,6,7,36,0,5,false
shamanic-drum-bags-ocean-drum-bags,Shamanic Drum Bags/Ocean Drum Bags,45131,ACTIVE,VARIABLE,"",gst18,371,471,"","",3,1,0,7,12,0,0,false
shankh-conch,Shankh/Conch,45449,ACTIVE,VARIABLE,"",gst-5,586,586,"","",3,1,0,7,12,0,4,false
shruthi-thali-gong-plates,Shruthi Thali/Gong Plates,45485,ACTIVE,VARIABLE,"",gst-5,1066,1066,"",https://sarveda-media.s3.amazonaws.com/media/wp/uploads/2025/04/Shruthi-plate-G.mp3,8,1,0,7,32,0,0,false
shruti-box,Shruti Box,44970,ACTIVE,VARIABLE,"",standard,343,343,"",https://sarveda-media.s3.amazonaws.com/media/wp/uploads/2025/03/Shruthi-Harmonium-2-audio1.mp3,3,9,0,7,12,0,4,false
singing-bowl-bags,Singing Bowl Bags,45127,ACTIVE,VARIABLE,"",gst18,476,476,"","",3,1,3,7,12,0,4,false
singing-bowl-set-g-a-b,"Singing Bowl Set – G, A, B",49832,DRAFT,SIMPLE,"",standard,175,1983,"","",1,1,0,7,0,0,0,false
singing-bowls-silk-ring-cushion-accessories,Singing Bowls Silk Ring Cushion Accessories,6988,ACTIVE,VARIABLE,"",gst-5,0,331,"","",66,13,63,7,264,0,0,false
singing-bowls-with-sacred-mantra-printed,Singing Bowls with Sacred Mantra Printed,6807,ACTIVE,VARIABLE,"",gst-5,0,603,"",https://sarveda-media.s3.amazonaws.com/media/wp/uploads/2024/05/Machine-Made-3.5-inch.mp3,15,1,15,7,60,0,3,false
singing-bowl-with-handle,Singing Bowl with Handle,48931,ACTIVE,SIMPLE,"",standard,319,710,"","",1,1,0,7,4,0,0,false
singing-bowl-with-mantra-rustic-blue-colour,Singing Bowl with Mantra - Rustic Blue Colour,6861,ACTIVE,VARIABLE,"",gst-5,0,603,"",https://sarveda-media.s3.amazonaws.com/media/wp/uploads/2023/02/Rustic-Blue-6-inch.mp3,2,1,2,7,8,0,5,false
solar-bell,Solar Bell,49816,DRAFT,SIMPLE,"",gst18,148,1080,"","",1,1,0,7,0,0,0,false
spin-twist-drum-or-den-den-daiko,Spin/Twist Drum or Den Den Daiko,7417,ACTIVE,VARIABLE,"",gst12,0,693,"","",2,1,2,7,8,0,4,false
spiral-snake-didgeridoo,Spiral/Snake Didgeridoo,7324,ACTIVE,VARIABLE,"",gst-5,0,1186,"","",2,4,2,7,8,0,4,false
s-shaped-didgeridoo,S-Shaped Didgeridoo,7307,ACTIVE,VARIABLE,"",gst-5,0,554,"","",3,6,3,7,12,0,4,false
stainless-steel-straws,Stainless Steel Straws,6505,ACTIVE,VARIABLE,"",gst-5,0,573,"","",2,10,2,7,8,0,0,false
sunshine-within-me,Sunshine within Me,5669,ACTIVE,VARIABLE,"",gst-5,0,706,"","",4,8,0,7,16,0,0,false
svaram-sound-ships,Svaram sound ships,"",ARCHIVED,VARIABLE,"",standard,343,38,"",https://sarveda-media.s3.amazonaws.com/media/audio/1780565476202-file_example_MP3_5MG.mp3,1,4,0,2,4,0,0,true
swinging-chimes,Swinging Chimes,10345,ACTIVE,VARIABLE,"",gst-5,978,1351,"",https://sarveda-media.s3.amazonaws.com/media/wp/uploads/2024/06/6-bar-chime.mp3,2,6,2,7,8,0,3,false
tam-tam-chau-gong,Tam-Tam/Chau Gong,8802,ACTIVE,VARIABLE,"",gst-5,0,861,"","",9,5,0,7,36,0,0,false
teak-wood-stainless-steel-xylophone,Teak Wood - Stainless Steel Xylophone,7443,ACTIVE,VARIABLE,"",gst12,0,980,"",https://sarveda-media.s3.amazonaws.com/media/wp/uploads/2023/08/Wooden-Xylophone.mp3,2,9,0,7,8,0,0,false
the-four-bowl-set-root-heart-third-eye-and-universal,"The Four Bowl Set - Root, Heart, Third Eye and Universal",45334,ACTIVE,SIMPLE,"",gst-5,497,497,"",https://sarveda-media.s3.amazonaws.com/media/wp/uploads/2025/04/CFA-with-Universal.mp3,1,4,0,7,4,0,4,false
the-head-bowl,The Head Bowl,45518,ACTIVE,SIMPLE,"",gst-5,1690,1690,"",https://sarveda-media.s3.amazonaws.com/media/wp/uploads/2025/04/Head-Bowl.mp3,1,2,0,7,4,0,0,false
the-three-bowl-set-root-heart-and-third-eye,"The Three Bowl Set - Root, Heart and Third Eye",45327,ACTIVE,SIMPLE,"",gst-5,499,499,"",https://sarveda-media.s3.amazonaws.com/media/wp/uploads/2025/04/CFA.mp3,1,4,0,7,4,0,4,false
third-eye-chakra-singing-bowl,Third Eye Chakra Singing Bowl,45477,ACTIVE,SIMPLE,"",gst-5,1060,1060,"",https://sarveda-media.s3.amazonaws.com/media/wp/uploads/2025/04/A3.mp3,1,4,0,7,4,0,4,false
thunder-tube-basic-edition,Thunder Tube - Basic Edition,7317,ACTIVE,VARIABLE,"",gst-5,0,874,"","",3,10,0,7,12,0,0,false
tibetan-buddhist-bell,Tibetan Buddhist Bell,6973,ACTIVE,VARIABLE,"",gst-5,0,600,"",https://sarveda-media.s3.amazonaws.com/media/wp/uploads/2023/02/Buddhist-Bell-.mp3,4,3,0,7,16,0,0,false
tingsha-bell,Tingsha Bell,5763,ACTIVE,VARIABLE,"",gst-5,4,610,"","",6,11,0,7,24,0,0,false
triad-crystal-bowl-set,Triad Crystal Bowl Set,45668,ACTIVE,VARIABLE,"",gst18,960,960,"",https://sarveda-media.s3.amazonaws.com/media/wp/uploads/2025/11/WhatsApp-Audio-2025-11-17-at-1.09.16-PM-1.mp4,3,4,0,7,12,0,4,false
tune-sound-pipe,Tune Sound Pipe,45527,DRAFT,VARIABLE,"",standard,869,869,"",https://sarveda-media.s3.amazonaws.com/media/wp/uploads/2025/04/WhatsApp-Audio-2025-04-28-at-06.04.06.mp4,4,2,0,7,16,0,0,false
tuning-fork-activators,Tuning Fork Activators,48133,ACTIVE,VARIABLE,"",gst18,595,595,"","",3,1,0,7,12,0,0,false
tuning-fork-extensions,Tuning Fork Extensions,48135,ACTIVE,VARIABLE,"",standard,1091,1091,"","",3,1,0,7,12,0,0,false
tuning-forks-7-chakra-set,Tuning Forks 7 Chakra Set,48193,ACTIVE,VARIABLE,"",standard,593,593,"","",8,1,0,7,32,0,0,false
tuning-forks-gem-feet,Tuning Forks Gem Feet,48136,ACTIVE,VARIABLE,"",standard,546,410,"","",8,1,0,7,32,0,0,false
tuning-fork-single-weighted-unweighted,Tuning Fork - Single Weighted & Unweighted,9713,ACTIVE,VARIABLE,"",gst-5,0,1518,"","",18,20,3,7,72,0,0,false
tuning-forks-solfeggio-set,Tuning Forks Solfeggio Set,48202,ACTIVE,VARIABLE,"",standard,558,558,"","",2,1,0,7,8,0,0,false
tuning-swords-sound-therapy-instrument,Tuning Swords – Sound Therapy Instrument,49818,DRAFT,VARIABLE,"",gst18,172,1205,"","",3,1,0,7,0,0,0,false
vibroacoustic-therapy-bowls-universal-belly-and-head,"Vibroacoustic Therapy Bowls - Universal, Belly and Head",8040,ACTIVE,VARIABLE,"",gst-5,887,887,"",https://sarveda-media.s3.amazonaws.com/media/wp/uploads/2023/11/Universal-Bowl-Strike-.mp3,4,3,0,7,16,0,5,false
wooden-mallets-for-singing-bowls,Wooden Mallets for Singing Bowls,6978,ACTIVE,VARIABLE,"",gst-5,0,509,"","",17,30,9,7,68,0,3,false
wooden-maracas-shakers-plain-dot-painted,Wooden Maracas Shakers | Plain & Dot Painted,7542,ACTIVE,VARIABLE,"",gst-5,0,542,"","",2,9,0,7,8,0,4,false
wooden-stand-for-tuning-forks,Wooden Stand for Tuning Forks,48229,ACTIVE,VARIABLE,"",standard,332,332,"","",4,1,0,7,16,0,0,false
wooden-tambourines,Wooden Tambourines,7478,ACTIVE,VARIABLE,"",gst12,590,608,"","",2,9,0,7,8,0,0,false
yoga-belt-strap-for-sturdy-grip,Yoga Belt/Strap for Sturdy Grip,6530,ACTIVE,VARIABLE,"",gst-5,0,895,"","",5,17,5,7,20,0,0,false
yoga-blanket-made-from-organic-cotton,Yoga Blanket made from Organic Cotton,6668,ACTIVE,VARIABLE,"",gst-5,0,646,"","",3,12,3,7,12,0,4,false
yoga-mats-superior-moderate,Yoga Mats Superior & Moderate,46017,DRAFT,VARIABLE,"",gst-5,294,945,"","",24,1,0,7,96,0,5,false
zabuton-cushion-for-meditation,Zabuton Cushion for Meditation,6780,ACTIVE,VARIABLE,"",gst18,841,841,"","",5,17,5,7,20,0,3,false
zafu-meditation-cushion-lotus-embroidery-filled-with-cotton,Zafu Meditation Cushion Lotus - Embroidery Filled with Cotton,9278,ACTIVE,VARIABLE,"",gst18,924,924,"","",5,17,5,7,20,0,4,false
zafu-meditation-cushion-plain-filled-with-cotton,Zafu Meditation Cushion Plain Filled with Cotton,6711,ACTIVE,VARIABLE,"",gst18,835,835,"","",10,20,10,7,40,0,0,false
zafu-zabuton-meditation-cushion-combo,Zafu & Zabuton Meditation Cushion Combo,7177,ACTIVE,VARIABLE,"",gst18,686,686,"","",5,15,5,7,20,0,4,false
zafu-zabuton-meditation-cushion-combo-lotus-embroidery,Zafu & Zabuton Meditation Cushion Combo - Lotus Embroidery,9312,ACTIVE,VARIABLE,"",gst18,775,775,"","",3,13,3,7,12,0,4,false
zen-meditation-bench,Zen Meditation Bench,9763,ACTIVE,VARIABLE,"",gst18,0,1062,"","",3,8,0,7,12,0,0,false
