sheet_name,db_name,sku_count
Singing Bowls Silk Ring Cushion Accessories,Singing Bowls Silk Ring Cushion Accessories,66
Spin/Twist Drum or Den Den Daiko,Spin/Twist Drum or Den Den Daiko,2
Gong Bags,Gong Bags,2
Bendo Chimes,Bendo Chimes,1
Spiral/Snake Didgeridoo,Spiral/Snake Didgeridoo,2
7 Chakras Copper Water Bottles,7 Chakras Copper Water Bottles,8
Extra Large Meridian Singing Bowls,Extra Large Meridian Singing Bowls,10
7 Chakras Mystical Incense Sticks Set,7 Chakras Mystical Incense Sticks Set,9
9/10 Notes Handpan Drum - Handcrafted to Precision,9/10 Notes Handpan Drum - Handcrafted to Precision,2
Artistically Designed Copper Bottles,Artistically Designed Copper Bottles,20
Eco-Friendly Neem Wood Toothbrush,Eco-Friendly Neem Wood Toothbrush,2
Yoga Blanket made from Organic Cotton,Yoga Blanket made from Organic Cotton,3
Hi-Zafu Meditation Cushion - Filled with Buckwheat,Hi-Zafu Meditation Cushion - Filled with Buckwheat,12
Zafu Meditation Cushion Lotus - Embroidery Filled with Cotton,Zafu Meditation Cushion Lotus - Embroidery Filled with Cotton,5
Hi-Zafu Meditation Cushion - Embroidered with Lotus,Hi-Zafu Meditation Cushion - Embroidered with Lotus,5
Belly Bowls,Belly Bowls,1
Asalato/Aslatau or Kashaka Shaker,Asalato/Aslatau or Kashaka Shaker,4
7 Chakra Morchang,7 Chakra Morchang Set,8
Natural Lavender Scented Eye Pillows,Natural Lavender Scented Eye Pillows,5
Stainless Steel Straws,Stainless Steel Straws,2
Djembe Drums,Djembe Drums,8
Element Chimes,Elemental Chimes,1
Zafu Meditation Cushion Plain Filled with Cotton,Zafu Meditation Cushion Plain Filled with Cotton,10
Handheld Natural Coconut Shaker,Handheld Natural Coconut Shaker,1
Copper Bottle Gift Set - 7 Chakra,Copper Bottle Gift Set - 7 Chakra,2
Kenari Bracelet,Kenari Bracelet,1
Ayurvedic Copper Bedroom Jar,Ayurvedic Copper Bedroom Jar,1
Singing Bowls with Sacred Mantra Printed,Singing Bowls with Sacred Mantra Printed,15
Conscious Cards,Conscious Cards,1
Yoga Belt/Strap for Sturdy Grip,Yoga Belt/Strap for Sturdy Grip,5
Full Moon Singing Bowls - All Sizes,Full Moon Singing Bowls - All Sizes,9
Handcrafted Set of 7 Bowls for Sound Therapy,Handcrafted Set of 7 Bowls for Sound Therapy,6
Singing Bowl Bags,Singing Bowl Bags,3
Crystal Bowl with Handle,Crystal Bowl with Handle,1
Zabuton Cushion for Meditation,Zabuton Cushion for Meditation,5
8 Keys Metallophone - with 1” & 1.5” key-widths,8 Keys Metallophone - with 1” & 1.5” key-widths,2
Crescent Zafu Cushion - Compact,Crescent Zafu Cushion - Compact,5
Jala Neti Pot - Ceramic 185 ml,Jala Neti Pot - Ceramic 185 ml,5
Crystal Bowls - Frosted white,Crystal Bowls,9
7 Chakras Copper Water Bottles with Handle,7 Chakras Copper Water Bottles with Handle,4
Swinging Chimes,Swinging Chimes,2
Eye Shaped Natural Lavender Scented Eye Pillows,Eye Shaped Natural Lavender Scented Eye Pillows,5
Flower of Life with Sacred Symbols Singing Bowls,Flower of Life with Sacred Symbols Singing Bowls,12
Box Tanpura,Box Tanpura,2
Crystal Bowls - Set of 7,Crystal Bowls - Set of 7,4
Bird Flute,Bird Flute,5
Pulse Tubes,Pulse Tubes,3
Classic Morchang,Classic Morchang Set,4
Caxixi,Caxixi,1
Coconut Maracas Shakers,Coconut Maracas Shakers,2
Crescent Zafu Cushion - Wide,Crescent Zafu Cushion - Wide,3
Singing Bowl with Mantra - Rustic Blue Colour,Singing Bowl with Mantra - Rustic Blue Colour,2
Pangi Seed Shell Rattle,Pangi Seed Shell Rattle,1
Egg Shaker with Handle,Egg Shaker with Handle,1
Crystal Pyramid,Crystal Pyramid,2
Crystal Bowl Bag,Crystal Bowl Bag,3
S-Shaped Didgeridoo,S-Shaped Didgeridoo,3
Painted Egg Shakers,Painted Egg Shakers,3
Bamboo Castanet,Bamboo Castanet,1
Dumru/Dumroo Indian Handmade Percussion Instrument,Dumru/Dumroo Indian Handmade Percussion Instrument,2
Kenari Chimes - Small & Large,Kenari Chimes - Small & Large,2
Handmade Universal Bowl for Sound Healing,Handmade Universal Bowl for Sound Healing,1
Coconut Rattle,Coconut Rattle,1
Musical Wooden Frog,Musical Wooden Frog,2
7-Key Kalimba Made from Coconut Shell - Painted & Plain,7-Key Kalimba Made from Coconut Shell - Painted & Plain,2
