demo_name,demo_slug,demo_status
7 Chakras Gold - Copper Bottle,7-chakras-gold-copper-bottle,ACTIVE
7 Chakras Moderate Grip Yoga Mat,7-chakras-moderate-grip-yoga-mat,ACTIVE
7 Chakras Vintage - Copper Bottle,7-chakras-vintage-copper-bottle,ACTIVE
8 Keys Wooden Xylophone,8-keys-wooden-xylophone,ACTIVE
Aluminium 22 Steel Bars Chime,aluminium-22-steel-bars-chime,ACTIVE
Ankh Sound Healing Instrument,ankh-sound-healing-instrument,DRAFT
Antique finish Handmade Singing Bowls,antique-finish-handmade-singing-bowls,DRAFT
Bamboo Rainstick,bamboo-rainstick-49779,ACTIVE
Bendo Shaker,bendo-shaker1,ACTIVE
Brain Tuner Set – Harmonize Your Mind’s Natural Rhythms,brain-tuner-set-harmonize-your-mind-s-natural-rhythms,DRAFT
Crescent Zafu Meditation Cushion,crescent-zafu-meditation-cushion,DRAFT
Crystal Bowl Mallets,crystal-bowl-mallets,DRAFT
Crystal Bowl O Rings (Support Rings),crystal-bowl-o-rings-support-rings,DRAFT
Eye Pillow,eye-pillow,ACTIVE
Handmade Lingam Singing Bowl,handmade-lingam-singing-bowl,DRAFT
Handpan Stand,handpan-stand,ACTIVE
Hanging Bowls/Zen Drops,hanging-bowls-zen-drops,ACTIVE
Harmonium,harmonium,ACTIVE
Heart Chakra Singing Bowl,heart-chakra-singing-bowl,ACTIVE
Ishana/Black-Gold Bowl,ishana-black-gold-bowl,DRAFT
Kenari Chimes - Small & Large,kenari-chimes-small-large,ACTIVE
Kenari Seed Shell Shakers,kenari-seed-shell-shakers,ACTIVE
Kenari Seed Shell Shaker with Handle,kenari-seed-shell-shaker-with-handle,DRAFT
Large Tuning Fork,large-tuning-fork,DRAFT
Lotus Moderate Grip Yoga Mat,lotus-moderate-grip-yoga-mat,DRAFT
Lotus Superior Grip Yoga Mat,lotus-superior-grip-yoga-mat,DRAFT
Lotus Yoga Mat,lotus-yoga-mat,ACTIVE
Mayura Morchang Set,mayura-morchang-set,ACTIVE
Mini Bamboo and Aluminium Bar Chime,mini-bamboo-and-aluminium-bar-chime,DRAFT
Mini Bamboo Slide Whistle,mini-bamboo-slide-whistle,ACTIVE
Mini Tongue Drum,mini-tongue-drum,ACTIVE
Native American Style Flute – Handcrafted Wooden Melody Maker,native-american-style-flute-handcrafted-wooden-melody-maker,ACTIVE
Neem Wood Combs,neem-wood-combs,DRAFT
Ocarina Instruments,ocarina-instruments,DRAFT
Plain Moderate Grip Yoga Mat,plain-moderate-grip-yoga-mat,DRAFT
Plain Superior Grip Yoga Mat,plain-superior-grip-yoga-mat,DRAFT
Plain/Wind Tibetan Gong,plain-wind-tibetan-gong,ACTIVE
Plain Yoga Mats,plain-yoga-mats,ACTIVE
Pulse Tubes,pulse-tubes,ACTIVE
Rectangular Yoga Bolster,rectangular-yoga-bolster,ACTIVE
Root Chakra Singing Bowl,root-chakra-singing-bowl,ACTIVE
Shamanic Drum Bags/Ocean Drum Bags,shamanic-drum-bags-ocean-drum-bags,ACTIVE
Shruthi Thali/Gong Plates,shruthi-thali-gong-plates,ACTIVE
Shruti Box,shruti-box,ACTIVE
"Singing Bowl Set – G, A, B",singing-bowl-set-g-a-b,DRAFT
Singing Bowl with Handle,singing-bowl-with-handle,ACTIVE
Solar Bell,solar-bell,DRAFT
Sunshine within Me,sunshine-within-me,ACTIVE
Svaram sound ships,svaram-sound-ships,ARCHIVED
Tam-Tam/Chau Gong,tam-tam-chau-gong,ACTIVE
"The Four Bowl Set - Root, Heart, Third Eye and Universal",the-four-bowl-set-root-heart-third-eye-and-universal,ACTIVE
The Head Bowl,the-head-bowl,ACTIVE
"The Three Bowl Set - Root, Heart and Third Eye",the-three-bowl-set-root-heart-and-third-eye,ACTIVE
Third Eye Chakra Singing Bowl,third-eye-chakra-singing-bowl,ACTIVE
Thunder Tube - Basic Edition,thunder-tube-basic-edition,ACTIVE
Tingsha Bell,tingsha-bell,ACTIVE
Triad Crystal Bowl Set,triad-crystal-bowl-set,ACTIVE
Tune Sound Pipe,tune-sound-pipe,DRAFT
Tuning Fork Activators,tuning-fork-activators,ACTIVE
Tuning Fork Extensions,tuning-fork-extensions,ACTIVE
Tuning Forks 7 Chakra Set,tuning-forks-7-chakra-set,ACTIVE
Tuning Forks Gem Feet,tuning-forks-gem-feet,ACTIVE
Tuning Forks Solfeggio Set,tuning-forks-solfeggio-set,ACTIVE
Tuning Swords – Sound Therapy Instrument,tuning-swords-sound-therapy-instrument,DRAFT
Wooden Maracas Shakers | Plain & Dot Painted,wooden-maracas-shakers-plain-dot-painted,ACTIVE
Wooden Stand for Tuning Forks,wooden-stand-for-tuning-forks,ACTIVE
Wooden Tambourines,wooden-tambourines,ACTIVE
Yoga Mats Superior & Moderate,yoga-mats-superior-moderate,DRAFT
Zafu & Zabuton Meditation Cushion Combo,zafu-zabuton-meditation-cushion-combo,ACTIVE
Zen Meditation Bench,zen-meditation-bench,ACTIVE
