sheet_name,demo_name,demo_slug,demo_status,match_how
11 Note Tongue Drum,11-note-tongue-drum,11 Note Tongue Drum,ACTIVE,exact_name
25 Rods -Bar Chime,32-rods-bar-chime,32 Rods - Bar Chime,ACTIVE,fuzzy_name:0.94
7 Chakra Morchang,7-chakra-morchang-set,7 Chakra Morchang Set,ACTIVE,sku
7 Chakras Copper Water Bottles,7-chakras-copper-water-bottles,7 Chakras Copper Water Bottles,ACTIVE,exact_name
7 Chakras Copper Water Bottles with Handle,7-chakras-copper-water-bottles-with-handle,7 Chakras Copper Water Bottles with Handle,ACTIVE,exact_name
7 Chakras Mystical Incense Sticks Set,7-chakras-mystical-incense-sticks-set,7 Chakras Mystical Incense Sticks Set,ACTIVE,exact_name
7 Chakras Yoga Mats,7-chakras-yoga-mats,7 Chakras Yoga Mats,ACTIVE,exact_name
7-Key Kalimba Made from Coconut Shell - Painted & Plain,7-key-kalimba-made-from-coconut-shell-painted-plain,7-Key Kalimba Made from Coconut Shell - Painted & Plain,ACTIVE,exact_name
8 Keys Metallophone - with 1” & 1.5” key-widths,8-keys-metallophone-with-1-1-5-key-widths,8 Keys Metallophone - with 1” & 1.5” key-widths,ACTIVE,exact_name
9/10 Notes Handpan Drum - Handcrafted to Precision,9-10-notes-handpan-drum-handcrafted-to-precision,9/10 Notes Handpan Drum - Handcrafted to Precision,ACTIVE,exact_name
Angel Tuning Forks,angel-tuning-forks,Angel Tuning Forks,ACTIVE,exact_name
Artistically Designed Copper Bottles,artistically-designed-copper-bottles,Artistically Designed Copper Bottles,ACTIVE,exact_name
Asalato/Aslatau or Kashaka Shaker,asalato-aslatau-or-kashaka-shaker,Asalato/Aslatau or Kashaka Shaker,ACTIVE,exact_name
Ayurvedic Copper Bedroom Jar,ayurvedic-copper-bedroom-jar,Ayurvedic Copper Bedroom Jar,ACTIVE,exact_name
Bamboo Castanet,bamboo-castanet,Bamboo Castanet,ACTIVE,exact_name
Bamboo Jaw Harp,bamboo-jaw-harp,Bamboo Jaw Harp,ACTIVE,exact_name
Bamboo Rainstick,bamboo-rainstick,Bamboo Rainstick,DRAFT,exact_name
Belly Bowls,belly-bowls,Belly Bowls,ACTIVE,exact_name
Bendo Chimes,bendo-chimes,Bendo Chimes,ACTIVE,exact_name
Bendo Shaker,bendo-shaker,Bendo Shaker,ACTIVE,exact_name
Bird Flute,bird-flute,Bird Flute,ACTIVE,exact_name
Box Tanpura,box-tanpura,Box Tanpura,ACTIVE,exact_name
C&G Tuning Forks,c-g-tuning-forks,C&G Tuning Forks,ACTIVE,exact_name
Caxixi,caxixi,Caxixi,ACTIVE,exact_name
Classic Morchang,classic-morchang-set,Classic Morchang Set,ACTIVE,sku
Coconut Maracas Shakers,coconut-maracas-shakers,Coconut Maracas Shakers,ACTIVE,exact_name
Coconut Rattle,coconut-rattle,Coconut Rattle,ACTIVE,exact_name
Conscious Cards,conscious-cards,Conscious Cards,ACTIVE,exact_name
Copper Bottle Gift Set - 7 Chakra,copper-bottle-gift-set-7-chakra,Copper Bottle Gift Set - 7 Chakra,ACTIVE,exact_name
Crescent Zafu Cushion - Compact,crescent-zafu-cushion-compact,Crescent Zafu Cushion - Compact,ACTIVE,exact_name
Crescent Zafu Cushion - Wide,crescent-zafu-cushion-wide,Crescent Zafu Cushion - Wide,ACTIVE,exact_name
Crystal Bowl Bag,crystal-bowl-bag,Crystal Bowl Bag,ACTIVE,exact_name
Crystal Bowl with Handle,crystal-bowl-with-handle,Crystal Bowl with Handle,ACTIVE,exact_name
Crystal Bowls - Frosted white,crystal-bowls,Crystal Bowls,ACTIVE,sku
Crystal Bowls - Set of 7,crystal-bowls-set-of-7,Crystal Bowls - Set of 7,ACTIVE,exact_name
Crystal Pyramid,crystal-pyramid,Crystal Pyramid,ACTIVE,exact_name
Curved Copper Bottles,grooved-hammered-plain-copper-bottle,"Grooved, Hammered & Plain Copper Bottle",ACTIVE,sku
Djembe Drums,djembe-drums,Djembe Drums,ACTIVE,exact_name
Dotted Singing Bowl,dotted-singing-bowl,Dotted Singing Bowl,ACTIVE,exact_name
Dumru/Dumroo Indian Handmade Percussion Instrument,dumru-dumroo-indian-handmade-percussion-instrument,Dumru/Dumroo Indian Handmade Percussion Instrument,ACTIVE,exact_name
Eco-Friendly Neem Wood Toothbrush,eco-friendly-neem-wood-toothbrush,Eco-Friendly Neem Wood Toothbrush,ACTIVE,exact_name
Egg Shaker with Handle,egg-shaker-with-handle,Egg Shaker with Handle,ACTIVE,exact_name
Element Chimes,elemental-chimes,Elemental Chimes,ACTIVE,sku
Etched Handmade Singing Bowls,etched-handmade-singing-bowls,Etched Handmade Singing Bowls,ACTIVE,exact_name
Etched Plain/Wind Gong,etched-plain-wind-gong,Etched Plain/Wind Gong,ACTIVE,exact_name
Extra Large Meridian Singing Bowls,extra-large-meridian-singing-bowls,Extra Large Meridian Singing Bowls,ACTIVE,exact_name
Eye Shaped Natural Lavender Scented Eye Pillows,eye-shaped-natural-lavender-scented-eye-pillows,Eye Shaped Natural Lavender Scented Eye Pillows,ACTIVE,exact_name
Flower of Life with Sacred Symbols Singing Bowls,flower-of-life-with-sacred-symbols-singing-bowls,Flower of Life with Sacred Symbols Singing Bowls,ACTIVE,exact_name
Full Moon Singing Bowls - All Sizes,full-moon-singing-bowls-all-sizes,Full Moon Singing Bowls - All Sizes,ACTIVE,exact_name
Gong Bags,gong-bags,Gong Bags,ACTIVE,exact_name
Gong Stand,gong-stand,Gong Stand,ACTIVE,exact_name
Handcrafted Set of 7 Bowls for Sound Therapy,handcrafted-set-of-7-bowls-for-sound-therapy,Handcrafted Set of 7 Bowls for Sound Therapy,ACTIVE,exact_name
Handheld Natural Coconut Shaker,handheld-natural-coconut-shaker,Handheld Natural Coconut Shaker,ACTIVE,exact_name
Handmade Singing Bowls - All Sizes,handmade-singing-bowls-all-sizes,Handmade Singing Bowls - All Sizes,ACTIVE,exact_name
Handmade Universal Bowl for Sound Healing,handmade-universal-bowl-for-sound-healing,Handmade Universal Bowl for Sound Healing,ACTIVE,exact_name
Hi-Zafu Meditation Cushion - Embroidered with Lotus,hi-zafu-meditation-cushion-embroidered-with-lotus,Hi-Zafu Meditation Cushion - Embroidered with Lotus,ACTIVE,exact_name
Hi-Zafu Meditation Cushion - Filled with Buckwheat,hi-zafu-meditation-cushion-filled-with-buckwheat,Hi-Zafu Meditation Cushion - Filled with Buckwheat,ACTIVE,exact_name
Jala Neti Pot - Ceramic 185 ml,jala-neti-pot-ceramic-185-ml,Jala Neti Pot - Ceramic 185 ml,ACTIVE,exact_name
Joint Bowl or Knee Cut Bowl,joint-bowl-or-knee-cut-bowl,Joint Bowl or Knee Cut Bowl,ACTIVE,exact_name
Kenari Bracelet,kenari-bracelet,Kenari Bracelet,ACTIVE,exact_name
Macrame Yoga Mat Straps,macrame-yoga-mat-straps,Macrame Yoga Mat Straps,ACTIVE,exact_name
Mini Coconut Shakers - 3 Types,mini-coconut-shakers-3-types,Mini Coconut Shakers - 3 Types,ACTIVE,exact_name
Musical Wooden Frog,musical-wooden-frog,Musical Wooden Frog,ACTIVE,exact_name
Natural Bamboo Xylophone with 5 Keys,natural-bamboo-xylophone-with-5-keys,Natural Bamboo Xylophone with 5 Keys,ACTIVE,exact_name
Natural Lavender Scented Eye Pillows,natural-lavender-scented-eye-pillows,Natural Lavender Scented Eye Pillows,ACTIVE,exact_name
Ocean Drums,ocean-drums,Ocean Drums,ACTIVE,exact_name
Painted Egg Shakers,painted-egg-shakers,Painted Egg Shakers,ACTIVE,exact_name
Pangi Seed Shell Rattle,pangi-seed-shell-rattle,Pangi Seed Shell Rattle,ACTIVE,exact_name
Round Yoga Bolster,round-yoga-bolster,Round Yoga Bolster,ACTIVE,exact_name
S-Shaped Didgeridoo,s-shaped-didgeridoo,S-Shaped Didgeridoo,ACTIVE,exact_name
Sacred Symbols Singing Bowls,sacred-symbols-singing-bowls,Sacred Symbols Singing Bowls,ACTIVE,exact_name
Shamanic Drum,shamanic-drum,Shamanic Drum,ACTIVE,exact_name
Shankh/Conch,shankh-conch,Shankh/Conch,ACTIVE,exact_name
Singing Bowl Bags,singing-bowl-bags,Singing Bowl Bags,ACTIVE,exact_name
Singing Bowl with Mantra - Rustic Blue Colour,singing-bowl-with-mantra-rustic-blue-colour,Singing Bowl with Mantra - Rustic Blue Colour,ACTIVE,exact_name
Singing Bowls Silk Ring Cushion Accessories,singing-bowls-silk-ring-cushion-accessories,Singing Bowls Silk Ring Cushion Accessories,ACTIVE,exact_name
Singing Bowls with Sacred Mantra Printed,singing-bowls-with-sacred-mantra-printed,Singing Bowls with Sacred Mantra Printed,ACTIVE,exact_name
Spin/Twist Drum or Den Den Daiko,spin-twist-drum-or-den-den-daiko,Spin/Twist Drum or Den Den Daiko,ACTIVE,exact_name
Spiral/Snake Didgeridoo,spiral-snake-didgeridoo,Spiral/Snake Didgeridoo,ACTIVE,exact_name
Stainless Steel Straws,stainless-steel-straws,Stainless Steel Straws,ACTIVE,exact_name
Swinging Chimes,swinging-chimes,Swinging Chimes,ACTIVE,exact_name
Teak Wood - Stainless Steel Xylophone,teak-wood-stainless-steel-xylophone,Teak Wood - Stainless Steel Xylophone,ACTIVE,exact_name
Tibetan Buddhist Bell,tibetan-buddhist-bell,Tibetan Buddhist Bell,ACTIVE,exact_name
Tounge Cleaner,copper-tongue-cleaner,Copper Tongue Cleaner,ACTIVE,sku
Tuning Fork - Single Weighted & Unweighted,tuning-fork-single-weighted-unweighted,Tuning Fork - Single Weighted & Unweighted,ACTIVE,exact_name
"Vibroacoustic Therapy Bowls - Universal, Belly and Head",vibroacoustic-therapy-bowls-universal-belly-and-head,"Vibroacoustic Therapy Bowls - Universal, Belly and Head",ACTIVE,exact_name
Wooden Mallets for Singing Bowls,wooden-mallets-for-singing-bowls,Wooden Mallets for Singing Bowls,ACTIVE,exact_name
Yoga Belt/Strap for Sturdy Grip,yoga-belt-strap-for-sturdy-grip,Yoga Belt/Strap for Sturdy Grip,ACTIVE,exact_name
Yoga Blanket made from Organic Cotton,yoga-blanket-made-from-organic-cotton,Yoga Blanket made from Organic Cotton,ACTIVE,exact_name
Zabuton Cushion for Meditation,zabuton-cushion-for-meditation,Zabuton Cushion for Meditation,ACTIVE,exact_name
Zafu & Zabuton Meditation Cushion Combo - Lotus Embroidery,zafu-zabuton-meditation-cushion-combo-lotus-embroidery,Zafu & Zabuton Meditation Cushion Combo - Lotus Embroidery,ACTIVE,exact_name
Zafu Meditation Cushion Lotus - Embroidery Filled with Cotton,zafu-meditation-cushion-lotus-embroidery-filled-with-cotton,Zafu Meditation Cushion Lotus - Embroidery Filled with Cotton,ACTIVE,exact_name
Zafu Meditation Cushion Plain Filled with Cotton,zafu-meditation-cushion-plain-filled-with-cotton,Zafu Meditation Cushion Plain Filled with Cotton,ACTIVE,exact_name
