sku,sheet_name,sheet_variant,sheet_invoiced,ls_product_slug,ls_sale,ls_mrp,ls_status,price_match
MI-TD-11N-W-10,11 Note Tongue Drum,10 inches / White,4200.0,11-note-tongue-drum,7350.0,8450.0,ACTIVE,False
MI-TD-11N-B-10,11 Note Tongue Drum,10 inches / Blue,4200.0,11-note-tongue-drum,7350.0,8450.0,ACTIVE,False
MI-TD-11N-W-12,11 Note Tongue Drum,12 inches / White,4700.0,11-note-tongue-drum,7850.0,8950.0,ACTIVE,False
MI-TD-11N-B-12,11 Note Tongue Drum,12 inches / Blue,4700.0,11-note-tongue-drum,7850.0,8950.0,ACTIVE,False
NP-R-185,Jala Neti Pot - Ceramic 185 ml,Red,60.0,jala-neti-pot-ceramic-185-ml,245.0,319.0,ACTIVE,False
NP-B-185,Jala Neti Pot - Ceramic 185 ml,Blue,60.0,jala-neti-pot-ceramic-185-ml,245.0,319.0,ACTIVE,False
NP-LY-185,Jala Neti Pot - Ceramic 185 ml,Lemon Yellow,60.0,jala-neti-pot-ceramic-185-ml,245.0,319.0,ACTIVE,False
NP-MG-185,Jala Neti Pot - Ceramic 185 ml,Mint Green,60.0,jala-neti-pot-ceramic-185-ml,245.0,319.0,ACTIVE,False
NP-W-185,Jala Neti Pot - Ceramic 185 ml,White,60.0,jala-neti-pot-ceramic-185-ml,245.0,319.0,ACTIVE,False
TC-S-1,Tounge Cleaner,Straight / pack-of-1,49.0,copper-tongue-cleaner,165.0,215.0,ACTIVE,False
TC-S-2,Tounge Cleaner,Straight / pack-of-2,98.0,copper-tongue-cleaner,265.0,345.0,ACTIVE,False
TC-S-4,Tounge Cleaner,Straight / pack-of-4,196.0,copper-tongue-cleaner,395.0,514.0,ACTIVE,False
CB-7CP-B-.5,7 Chakras Copper Water Bottles,7 Chakras Plain / With Brush / 500ml,390.0,7-chakras-copper-water-bottles,995.0,1294.0,ACTIVE,False
CB-7CP,7 Chakras Copper Water Bottles,7 Chakras Plain / Without Brush / 1L,510.0,7-chakras-copper-water-bottles,1245.0,1619.0,ACTIVE,False
CB-7CP-.5,7 Chakras Copper Water Bottles,7 Chakras Plain / Without Brush / 500ml,390.0,7-chakras-copper-water-bottles,925.0,1203.0,ACTIVE,False
CB-7CP-B,7 Chakras Copper Water Bottles,7 Chakras Plain / 1L / With Brush,510.0,7-chakras-copper-water-bottles,1345.0,1749.0,ACTIVE,False
CB-7CV,7 Chakras Copper Water Bottles,Without Brush / 1L / 7 Chakras Vintage,520.0,7-chakras-copper-water-bottles,1245.0,1619.0,ACTIVE,False
CB-7CV-.5,7 Chakras Copper Water Bottles,Without Brush / 7 Chakras Vintage / 500ml,550.0,7-chakras-copper-water-bottles,925.0,1203.0,ACTIVE,False
CB-7CV-B,7 Chakras Copper Water Bottles,1L / 7 Chakras Vintage / With Brush,520.0,7-chakras-copper-water-bottles,1345.0,1749.0,ACTIVE,False
CB-7CV-B-.5,7 Chakras Copper Water Bottles,7 Chakras Vintage / With Brush / 500ml,550.0,7-chakras-copper-water-bottles,995.0,1294.0,ACTIVE,False
CB-7CP-B-1,7 Chakras Copper Water Bottles with Handle,7 Chakras Plain / 1L / With Brush,530.0,7-chakras-copper-water-bottles-with-handle,1345.0,1749.0,ACTIVE,False
CB-7CP-1,7 Chakras Copper Water Bottles with Handle,7 Chakras Plain / Without Brush / 1L,530.0,7-chakras-copper-water-bottles-with-handle,1245.0,1619.0,ACTIVE,False
CB-7CV-1,7 Chakras Copper Water Bottles with Handle,Without Brush / 1L / 7 Chakras Vintage,540.0,7-chakras-copper-water-bottles-with-handle,1245.0,1619.0,ACTIVE,False
CB-7CV-B-1,7 Chakras Copper Water Bottles with Handle,1L / 7 Chakras Vintage / With Brush,540.0,7-chakras-copper-water-bottles-with-handle,1345.0,1749.0,ACTIVE,False
CB-CP-B,Curved Copper Bottles,With Brush / gold,510.0,grooved-hammered-plain-copper-bottle,1199.0,1559.0,ACTIVE,False
CB-CP,Curved Copper Bottles,Without Brush / gold,510.0,grooved-hammered-plain-copper-bottle,1099.0,1429.0,ACTIVE,False
CB-CV-B,Curved Copper Bottles,vintage / With Brush,510.0,grooved-hammered-plain-copper-bottle,1199.0,1559.0,ACTIVE,False
CB-CV,Curved Copper Bottles,vintage / Without Brush,510.0,grooved-hammered-plain-copper-bottle,1099.0,1429.0,ACTIVE,False
CB-CDG,Curved Diamond Groove Copper Bottle,copper / 1L / without-brush,510.0,grooved-hammered-plain-copper-bottle,1099.0,1429.0,ACTIVE,False
CB-CVDG,Curved Diamond Groove Copper Bottle,vintage / 1L / without-brush,510.0,grooved-hammered-plain-copper-bottle,1099.0,1429.0,ACTIVE,False
CB-CVH-B,Curved Hammered Copper Bottles,with-brush / vintage,510.0,grooved-hammered-plain-copper-bottle,1199.0,1559.0,ACTIVE,False
CB-CVH,Curved Hammered Copper Bottles,vintage / without-brush,510.0,grooved-hammered-plain-copper-bottle,1099.0,1429.0,ACTIVE,False
CB-CP-B,"Grooved, Hammered & Plain Copper Bottle",Gold / Curved / With Brush,510.0,grooved-hammered-plain-copper-bottle,1199.0,1559.0,ACTIVE,False
CB-CDG,"Grooved, Hammered & Plain Copper Bottle",Diamond Groove / Without Brush / Gold,510.0,grooved-hammered-plain-copper-bottle,1099.0,1429.0,ACTIVE,False
CB-CDG-B,"Grooved, Hammered & Plain Copper Bottle",Diamond Groove / Gold / With Brush,510.0,grooved-hammered-plain-copper-bottle,1199.0,1559.0,ACTIVE,False
CB-CP,"Grooved, Hammered & Plain Copper Bottle",Without Brush / Gold / Curved,510.0,grooved-hammered-plain-copper-bottle,1099.0,1429.0,ACTIVE,False
CB-CPH,"Grooved, Hammered & Plain Copper Bottle",Without Brush / Gold / Hammered,510.0,grooved-hammered-plain-copper-bottle,1099.0,1429.0,ACTIVE,False
CB-CPH-B,"Grooved, Hammered & Plain Copper Bottle",Gold / Hammered / With Brush,510.0,grooved-hammered-plain-copper-bottle,1199.0,1559.0,ACTIVE,False
CB-CV,"Grooved, Hammered & Plain Copper Bottle",Without Brush / Curved / Vintage,520.0,grooved-hammered-plain-copper-bottle,1099.0,1429.0,ACTIVE,False
CB-CV-B,"Grooved, Hammered & Plain Copper Bottle",Without Brush / Curved / Vintage,520.0,grooved-hammered-plain-copper-bottle,1199.0,1559.0,ACTIVE,False
CB-CVDG,"Grooved, Hammered & Plain Copper Bottle",Diamond Groove / Without Brush / Vintage,510.0,grooved-hammered-plain-copper-bottle,1099.0,1429.0,ACTIVE,False
CB-CVDG-B,"Grooved, Hammered & Plain Copper Bottle",Diamond Groove / Vintage / With Brush,520.0,grooved-hammered-plain-copper-bottle,1199.0,1559.0,ACTIVE,False
CB-CVH,"Grooved, Hammered & Plain Copper Bottle",Without Brush / Curved Hammered / Vintage,520.0,grooved-hammered-plain-copper-bottle,1099.0,1429.0,ACTIVE,False
CB-CVH-B,"Grooved, Hammered & Plain Copper Bottle",Curved Hammered / Vintage / With Brush,510.0,grooved-hammered-plain-copper-bottle,1199.0,1559.0,ACTIVE,False
CB-T-B-.5,Artistically Designed Copper Bottles,Tatvamasi - I am Infinite / With Brush / 500ml,390.0,artistically-designed-copper-bottles,985.0,1281.0,ACTIVE,False
CB-BM,Artistically Designed Copper Bottles,Without Brush / 1L / Blue Tranquillity,460.0,artistically-designed-copper-bottles,1245.0,1619.0,ACTIVE,False
CB-BM-.5,Artistically Designed Copper Bottles,Without Brush / Blue Tranquillity / 500ml,390.0,artistically-designed-copper-bottles,890.0,1157.0,ACTIVE,False
CB-BM-B,Artistically Designed Copper Bottles,1L / With Brush / Blue Tranquillity,460.0,artistically-designed-copper-bottles,1345.0,1749.0,ACTIVE,False
CB-BM-B-.5,Artistically Designed Copper Bottles,With Brush / Blue Tranquillity / 500ml,390.0,artistically-designed-copper-bottles,985.0,1281.0,ACTIVE,False
CB-HW,Artistically Designed Copper Bottles,Without Brush / 1L / Happiness is inside,460.0,artistically-designed-copper-bottles,1245.0,1619.0,ACTIVE,False
CB-HW-.5,Artistically Designed Copper Bottles,Without Brush / Happiness is inside / 500ml,390.0,artistically-designed-copper-bottles,890.0,1157.0,ACTIVE,False
CB-HW-B,Artistically Designed Copper Bottles,1L / Happiness is inside / With Brush,460.0,artistically-designed-copper-bottles,1345.0,1749.0,ACTIVE,False
CB-HW-B.-.5,Artistically Designed Copper Bottles,Happiness is inside / With Brush / 500ml,390.0,artistically-designed-copper-bottles,985.0,1281.0,ACTIVE,False
CB-OL,Artistically Designed Copper Bottles,Without Brush / Sunshine within me / 1L,460.0,artistically-designed-copper-bottles,1245.0,1619.0,ACTIVE,False
CB-OL-.5,Artistically Designed Copper Bottles,Without Brush / Sunshine within me / 500ml,390.0,artistically-designed-copper-bottles,845.0,1099.0,ACTIVE,False
CB-OL-B,Artistically Designed Copper Bottles,Sunshine within me / 1L / With Brush,460.0,artistically-designed-copper-bottles,1345.0,1749.0,ACTIVE,False
CB-OL-B-.5,Artistically Designed Copper Bottles,Sunshine within me / With Brush / 500ml,390.0,artistically-designed-copper-bottles,985.0,1281.0,ACTIVE,False
CB-PNT,Artistically Designed Copper Bottles,Without Brush / Pink & Positive / 1L,460.0,artistically-designed-copper-bottles,1245.0,1619.0,ACTIVE,False
CB-PNT-.5,Artistically Designed Copper Bottles,Without Brush / Pink & Positive / 500ml,390.0,artistically-designed-copper-bottles,890.0,1157.0,ACTIVE,False
CB-PNT-B,Artistically Designed Copper Bottles,Pink & Positive / 1L / With Brush,460.0,artistically-designed-copper-bottles,1345.0,1749.0,ACTIVE,False
CB-PNT-B-.5,Artistically Designed Copper Bottles,Pink & Positive / With Brush / 500ml,390.0,artistically-designed-copper-bottles,985.0,1281.0,ACTIVE,False
CB-T,Artistically Designed Copper Bottles,Tatvamasi - I am Infinite / Without Brush / 1L,460.0,artistically-designed-copper-bottles,1245.0,1619.0,ACTIVE,False
CB-T-.5,Artistically Designed Copper Bottles,Tatvamasi - I am Infinite / Without Brush / 500ml,390.0,artistically-designed-copper-bottles,890.0,1157.0,ACTIVE,False
CB-T-B,Artistically Designed Copper Bottles,Tatvamasi - I am Infinite / 1L / With Brush,460.0,artistically-designed-copper-bottles,1345.0,1749.0,ACTIVE,False
CB-BJ,Ayurvedic Copper Bedroom Jar,Standard,590.0,ayurvedic-copper-bedroom-jar,1245.0,1619.0,ACTIVE,False
GP-CB-7C-C-2G,Copper Bottle Gift Set - 7 Chakra,Gold,690.0,copper-bottle-gift-set-7-chakra,1750.0,2150.0,ACTIVE,False
GP-CB-7C-V-2G,Copper Bottle Gift Set - 7 Chakra,Vintage,790.0,copper-bottle-gift-set-7-chakra,1750.0,2150.0,ACTIVE,False
IS-7C,7 Chakras Mystical Incense Sticks Set,7 Chakra Set,380.0,7-chakras-mystical-incense-sticks-set,480.0,545.0,ACTIVE,False
IS-7C-S,7 Chakras Mystical Incense Sticks Set,7 Chakra Set with Stand,440.0,7-chakras-mystical-incense-sticks-set,565.0,625.0,ACTIVE,False
IS-C-12,7 Chakras Mystical Incense Sticks Set,Pure Citronella,50.0,7-chakras-mystical-incense-sticks-set,80.0,104.0,ACTIVE,False
IS-E-12,7 Chakras Mystical Incense Sticks Set,Pure Eucalyptus,50.0,7-chakras-mystical-incense-sticks-set,80.0,104.0,ACTIVE,False
IS-F-12,7 Chakras Mystical Incense Sticks Set,Pure Frankincense,50.0,7-chakras-mystical-incense-sticks-set,80.0,104.0,ACTIVE,False
IS-L-12,7 Chakras Mystical Incense Sticks Set,Pure Lavender,50.0,7-chakras-mystical-incense-sticks-set,80.0,104.0,ACTIVE,False
IS-M-12,7 Chakras Mystical Incense Sticks Set,Pure Musk,50.0,7-chakras-mystical-incense-sticks-set,80.0,104.0,ACTIVE,False
IS-R-12,7 Chakras Mystical Incense Sticks Set,Pure Rose,50.0,7-chakras-mystical-incense-sticks-set,80.0,104.0,ACTIVE,False
IS-S-12,7 Chakras Mystical Incense Sticks Set,Pure Sandalwood,50.0,7-chakras-mystical-incense-sticks-set,80.0,104.0,ACTIVE,False
Yo-M-C-MG-G-27,7 Chakras Yoga Mats,Moderate / Green,930.0,7-chakras-yoga-mats,1790.0,2450.0,ACTIVE,False
Yo-M-C-MG-o-27,7 Chakras Yoga Mats,Moderate / Orange,930.0,7-chakras-yoga-mats,1790.0,2450.0,ACTIVE,False
Yo-M-C-MG-B-27,7 Chakras Yoga Mats,Moderate / Blue,930.0,7-chakras-yoga-mats,1790.0,2450.0,ACTIVE,False
Yo-M-C-MG-P-27,7 Chakras Yoga Mats,Moderate / Pink,930.0,7-chakras-yoga-mats,1790.0,2450.0,ACTIVE,False
Yo-M-C-HG-T,7 Chakras Yoga Mats,Teal/ Superior,960.0,7-chakras-yoga-mats,1990.0,2750.0,ACTIVE,False
Yo-M-C-HG-O,7 Chakras Yoga Mats,Orange / Superior,960.0,7-chakras-yoga-mats,1990.0,2750.0,ACTIVE,False
Yo-M-C-HG-Y,7 Chakras Yoga Mats,Yellow / Superior,960.0,7-chakras-yoga-mats,1990.0,2750.0,ACTIVE,False
Yo-M-C-HG-P,7 Chakras Yoga Mats,Pink / Superior,960.0,7-chakras-yoga-mats,1990.0,2750.0,ACTIVE,False
Yo-MC-MS-G,Macrame Yoga Mat Straps,Green,250.0,macrame-yoga-mat-straps,585.0,760.0,ACTIVE,False
Yo-MC-MS-B,Macrame Yoga Mat Straps,Brown,250.0,macrame-yoga-mat-straps,585.0,760.0,ACTIVE,False
Yo-MC-MS-DG,Macrame Yoga Mat Straps,Dark Grey,250.0,macrame-yoga-mat-straps,585.0,760.0,ACTIVE,False
Yo-MC-MS-O,Macrame Yoga Mat Straps,Orange,250.0,macrame-yoga-mat-straps,585.0,760.0,ACTIVE,False
Yo-BR-RE-DG,Macrame Yoga Mat Straps,Dark Grey,541.0,rectangular-yoga-bolster,1450.0,1625.0,ACTIVE,False
Yo-BR-RE-NB,Macrame Yoga Mat Straps,Navy Blue,541.0,rectangular-yoga-bolster,1450.0,1625.0,ACTIVE,False
Yo-BR-RE-RE,Macrame Yoga Mat Straps,Rose,541.0,rectangular-yoga-bolster,1450.0,1625.0,ACTIVE,False
Yo-BR-RE-RP,Macrame Yoga Mat Straps,Rouge Pink,541.0,rectangular-yoga-bolster,1450.0,1625.0,ACTIVE,False
Yo-BR-RE-SE,Macrame Yoga Mat Straps,Sage,541.0,rectangular-yoga-bolster,1450.0,1625.0,ACTIVE,False
Yo-BR-R-DG,Round Yoga Bolster,Dark Grey,541.0,round-yoga-bolster,1550.0,1755.0,ACTIVE,False
Yo-BR-R-GY,Round Yoga Bolster,Grey,541.0,round-yoga-bolster,1550.0,1755.0,ACTIVE,False
Yo-BR-R-M,Round Yoga Bolster,Maroon,541.0,round-yoga-bolster,1550.0,1755.0,ACTIVE,False
Yo-BR-R-NB,Round Yoga Bolster,Navy Blue,541.0,round-yoga-bolster,1550.0,1755.0,ACTIVE,False
Yo-BR-R-O,Round Yoga Bolster,Orange,541.0,round-yoga-bolster,1550.0,1755.0,ACTIVE,False
Yo-BR-R-RE,Round Yoga Bolster,Rose,541.0,round-yoga-bolster,1550.0,1755.0,ACTIVE,False
Yo-BR-R-RP,Round Yoga Bolster,Rogue Pink,541.0,round-yoga-bolster,1550.0,1755.0,ACTIVE,False
Yo-P-E-RE-1,Eye Shaped Natural Lavender Scented Eye Pillows,Rose,175.0,eye-shaped-natural-lavender-scented-eye-pillows,395.0,525.0,ACTIVE,False
Yo-P-E-DG-1,Eye Shaped Natural Lavender Scented Eye Pillows,Dark Grey,175.0,eye-shaped-natural-lavender-scented-eye-pillows,395.0,525.0,ACTIVE,False
Yo-P-E-GY-1,Eye Shaped Natural Lavender Scented Eye Pillows,Grey,175.0,eye-shaped-natural-lavender-scented-eye-pillows,395.0,525.0,ACTIVE,False
Yo-P-E-NB-1,Eye Shaped Natural Lavender Scented Eye Pillows,Navy Blue,175.0,eye-shaped-natural-lavender-scented-eye-pillows,395.0,525.0,ACTIVE,False
Yo-P-E-SE-1,Eye Shaped Natural Lavender Scented Eye Pillows,Sage,175.0,eye-shaped-natural-lavender-scented-eye-pillows,395.0,525.0,ACTIVE,False
Me-CZ-C-DG,Crescent Zafu Cushion - Compact,Dark Grey,445.0,crescent-zafu-cushion-compact,1085.0,1450.0,ACTIVE,False
Me-CZ-C-MB,Crescent Zafu Cushion - Compact,Misty Blue,445.0,crescent-zafu-cushion-compact,1085.0,1450.0,ACTIVE,False
Me-CZ-C-L,Crescent Zafu Cushion - Compact,Lavender,445.0,crescent-zafu-cushion-compact,1085.0,1450.0,ACTIVE,False
Me-CZ-C-S,Crescent Zafu Cushion - Compact,Sage,445.0,crescent-zafu-cushion-compact,1085.0,1450.0,ACTIVE,False
Me-CZ-C-RE,Crescent Zafu Cushion - Compact,Rose,445.0,crescent-zafu-cushion-compact,1085.0,1450.0,ACTIVE,False
Yo-BL-D-SB,Yoga Belt/Strap for Sturdy Grip,Sky Blue,145.0,yoga-belt-strap-for-sturdy-grip,345.0,470.0,ACTIVE,False
Yo-BL-D-BE,Yoga Belt/Strap for Sturdy Grip,Beige,145.0,yoga-belt-strap-for-sturdy-grip,345.0,470.0,ACTIVE,False
Yo-BL-D-GR,Yoga Belt/Strap for Sturdy Grip,Green,145.0,yoga-belt-strap-for-sturdy-grip,345.0,470.0,ACTIVE,False
Yo-BL-D-NB,Yoga Belt/Strap for Sturdy Grip,Navy Blue,145.0,yoga-belt-strap-for-sturdy-grip,345.0,470.0,ACTIVE,False
Yo-BL-D-RE,Yoga Belt/Strap for Sturdy Grip,Rose,145.0,yoga-belt-strap-for-sturdy-grip,345.0,470.0,ACTIVE,False
Yo-BT-C-MG,Yoga Blanket made from Organic Cotton,Magenta,690.0,yoga-blanket-made-from-organic-cotton,1395.0,1820.0,ACTIVE,False
Yo-BT-C-BW,Yoga Blanket made from Organic Cotton,Brown,690.0,yoga-blanket-made-from-organic-cotton,1395.0,1820.0,ACTIVE,False
Yo-BT-C-NT,Yoga Blanket made from Organic Cotton,Natural White,595.0,yoga-blanket-made-from-organic-cotton,1295.0,1690.0,ACTIVE,False
Me-C-Zn-NB,Zabuton Cushion for Meditation,Navy Blue,1080.0,zabuton-cushion-for-meditation,1995.0,2450.0,ACTIVE,False
Me-C-Zn-GY,Zabuton Cushion for Meditation,Grey,1080.0,zabuton-cushion-for-meditation,1995.0,2450.0,ACTIVE,False
Me-C-Zn-LG,Zabuton Cushion for Meditation,Light Grey,1080.0,zabuton-cushion-for-meditation,1995.0,2450.0,ACTIVE,False
Me-C-Zn-LR,Zabuton Cushion for Meditation,Lavender,1080.0,zabuton-cushion-for-meditation,1995.0,2450.0,ACTIVE,False
Me-C-Zn-MB,Zabuton Cushion for Meditation,Misty Blue,1080.0,zabuton-cushion-for-meditation,1995.0,2450.0,ACTIVE,False
Co-Me-C-Z-Zn-LG,Zafu & Zabuton Meditation Cushion Combo - Lotus Embroidery,Light Grey,1480.0,zafu-zabuton-meditation-cushion-combo,2795.0,3295.0,ACTIVE,False
Co-Me-C-Z-Zn-LR,Zafu & Zabuton Meditation Cushion Combo - Lotus Embroidery,Lavender,1480.0,zafu-zabuton-meditation-cushion-combo,2795.0,3295.0,ACTIVE,False
Co-Me-C-Z-Zn-MB,Zafu & Zabuton Meditation Cushion Combo - Lotus Embroidery,Misty Blue,1480.0,zafu-zabuton-meditation-cushion-combo,2795.0,3295.0,ACTIVE,False
CO-Me-Zf-Zn-C-NB,Zafu & Zabuton Meditation Cushion Combo - Lotus Embroidery,Navy Blue,1480.0,zafu-zabuton-meditation-cushion-combo,2795.0,3295.0,ACTIVE,False
Co-Me-C-Z-Zn-LR-E-L,Zafu & Zabuton Meditation Cushion Combo - Lotus Embroidery,Lavender,1545.0,zafu-zabuton-meditation-cushion-combo-lotus-embroidery,2995.0,3500.0,ACTIVE,False
Co-Me-C-Z-Zn-LG-E-L,Zafu & Zabuton Meditation Cushion Combo - Lotus Embroidery,Light Grey,1545.0,zafu-zabuton-meditation-cushion-combo-lotus-embroidery,2995.0,3500.0,ACTIVE,False
Co-Me-C-Z-Zn-MB-E-L,Zafu & Zabuton Meditation Cushion Combo - Lotus Embroidery,Misty Blue,1545.0,zafu-zabuton-meditation-cushion-combo-lotus-embroidery,2995.0,3500.0,ACTIVE,False
Me-C-RZ-R-E-L,Zafu Meditation Cushion Lotus - Embroidery Filled with Cotton,Rose,524.0,zafu-meditation-cushion-lotus-embroidery-filled-with-cotton,1385.0,1675.0,ACTIVE,False
Me-C-RZ-LG-E-L,Zafu Meditation Cushion Lotus - Embroidery Filled with Cotton,Light Grey,524.0,zafu-meditation-cushion-lotus-embroidery-filled-with-cotton,1385.0,1675.0,ACTIVE,False
Me-C-RZ-LR-E-L,Zafu Meditation Cushion Lotus - Embroidery Filled with Cotton,Lavender,524.0,zafu-meditation-cushion-lotus-embroidery-filled-with-cotton,1385.0,1675.0,ACTIVE,False
Me-C-RZ-MB-E-L,Zafu Meditation Cushion Lotus - Embroidery Filled with Cotton,Misty Blue,524.0,zafu-meditation-cushion-lotus-embroidery-filled-with-cotton,1385.0,1675.0,ACTIVE,False
Me-C-RZ-S-E-L,Zafu Meditation Cushion Lotus - Embroidery Filled with Cotton,Sage,524.0,zafu-meditation-cushion-lotus-embroidery-filled-with-cotton,1385.0,1675.0,ACTIVE,False
Me-Z-R-C-DG,Zafu Meditation Cushion Plain Filled with Cotton,Dark Grey,465.0,zafu-meditation-cushion-plain-filled-with-cotton,1185.0,1415.0,ACTIVE,False
Me-Z-R-C-GY,Zafu Meditation Cushion Plain Filled with Cotton,Grey,465.0,zafu-meditation-cushion-plain-filled-with-cotton,1185.0,1415.0,ACTIVE,False
Me-Z-R-C-NB,Zafu Meditation Cushion Plain Filled with Cotton,Navy Blue,465.0,zafu-meditation-cushion-plain-filled-with-cotton,1185.0,1415.0,ACTIVE,False
Me-Z-R-C-O,Zafu Meditation Cushion Plain Filled with Cotton,Orange,465.0,zafu-meditation-cushion-plain-filled-with-cotton,1185.0,1415.0,ACTIVE,False
Me-Z-R-C-RE,Zafu Meditation Cushion Plain Filled with Cotton,Rose,465.0,zafu-meditation-cushion-plain-filled-with-cotton,1185.0,1415.0,ACTIVE,False
Me-Z-R-C-SE,Zafu Meditation Cushion Plain Filled with Cotton,Sage,465.0,zafu-meditation-cushion-plain-filled-with-cotton,1185.0,1415.0,ACTIVE,False
Me-Z-R-LG,Zafu Meditation Cushion Plain Filled with Cotton,Light Grey,465.0,zafu-meditation-cushion-plain-filled-with-cotton,1185.0,1415.0,ACTIVE,False
Me-Z-R-LR,Zafu Meditation Cushion Plain Filled with Cotton,Lavender,465.0,zafu-meditation-cushion-plain-filled-with-cotton,1185.0,1415.0,ACTIVE,False
Me-Z-R-MB,Zafu Meditation Cushion Plain Filled with Cotton,Misty Blue,465.0,zafu-meditation-cushion-plain-filled-with-cotton,1185.0,1415.0,ACTIVE,False
Me-Z-R-MG,Zafu Meditation Cushion Plain Filled with Cotton,Magenta,465.0,zafu-meditation-cushion-plain-filled-with-cotton,1185.0,1415.0,ACTIVE,False
Me-CZ-W-RP,Crescent Zafu Cushion - Wide,Large / Rouge Pink,445.0,crescent-zafu-cushion-wide,1145.0,1420.0,ACTIVE,False
Me-CZ-W-L,Crescent Zafu Cushion - Wide,Lavender / Large,445.0,crescent-zafu-cushion-wide,1145.0,1420.0,ACTIVE,False
Me-CZ-W-MB,Crescent Zafu Cushion - Wide,Large / Misty Blue,445.0,crescent-zafu-cushion-wide,1145.0,1420.0,ACTIVE,False
Me-C-HZ-S-E-L,Hi-Zafu Meditation Cushion - Embroidered with Lotus,Sage,490.0,hi-zafu-meditation-cushion-embroidered-with-lotus,1485.0,1750.0,ACTIVE,False
Me-C-HZ-L-E-L,Hi-Zafu Meditation Cushion - Embroidered with Lotus,Lavender,490.0,hi-zafu-meditation-cushion-embroidered-with-lotus,1485.0,1750.0,ACTIVE,False
Me-C-HZ-LG-E-L,Hi-Zafu Meditation Cushion - Embroidered with Lotus,Light Grey,490.0,hi-zafu-meditation-cushion-embroidered-with-lotus,1485.0,1750.0,ACTIVE,False
Me-C-HZ-MB-E-L,Hi-Zafu Meditation Cushion - Embroidered with Lotus,Misty Blue,490.0,hi-zafu-meditation-cushion-embroidered-with-lotus,1485.0,1750.0,ACTIVE,False
Me-C-HZ-R-E-L,Hi-Zafu Meditation Cushion - Embroidered with Lotus,Rose,490.0,hi-zafu-meditation-cushion-embroidered-with-lotus,1485.0,1750.0,ACTIVE,False
Me-C-HZ-RB,Hi-Zafu Meditation Cushion - Filled with Buckwheat,Royal Blue,445.0,hi-zafu-meditation-cushion-filled-with-buckwheat,1285.0,1540.0,ACTIVE,False
Me-C-HZ-DG,Hi-Zafu Meditation Cushion - Filled with Buckwheat,Dark Grey,445.0,hi-zafu-meditation-cushion-filled-with-buckwheat,1285.0,1540.0,ACTIVE,False
Me-C-HZ-GY,Hi-Zafu Meditation Cushion - Filled with Buckwheat,Grey,445.0,hi-zafu-meditation-cushion-filled-with-buckwheat,1285.0,1540.0,ACTIVE,False
Me-C-HZ-I,Hi-Zafu Meditation Cushion - Filled with Buckwheat,Ivory,445.0,hi-zafu-meditation-cushion-filled-with-buckwheat,1285.0,1540.0,ACTIVE,False
Me-C-HZ-LG,Hi-Zafu Meditation Cushion - Filled with Buckwheat,Light Grey,445.0,hi-zafu-meditation-cushion-filled-with-buckwheat,1285.0,1540.0,ACTIVE,False
Me-C-HZ-LR,Hi-Zafu Meditation Cushion - Filled with Buckwheat,Lavender,445.0,hi-zafu-meditation-cushion-filled-with-buckwheat,1285.0,1540.0,ACTIVE,False
Me-C-HZ-M,Hi-Zafu Meditation Cushion - Filled with Buckwheat,Maroon,445.0,hi-zafu-meditation-cushion-filled-with-buckwheat,1285.0,1540.0,ACTIVE,False
Me-C-HZ-MB,Hi-Zafu Meditation Cushion - Filled with Buckwheat,Misty Blue,445.0,hi-zafu-meditation-cushion-filled-with-buckwheat,1285.0,1540.0,ACTIVE,False
Me-C-HZ-NB,Hi-Zafu Meditation Cushion - Filled with Buckwheat,Navy Blue,445.0,hi-zafu-meditation-cushion-filled-with-buckwheat,1285.0,1540.0,ACTIVE,False
Me-C-HZ-R,Hi-Zafu Meditation Cushion - Filled with Buckwheat,Rose,445.0,hi-zafu-meditation-cushion-filled-with-buckwheat,1285.0,1540.0,ACTIVE,False
Me-C-HZ-RD,Hi-Zafu Meditation Cushion - Filled with Buckwheat,Red,445.0,hi-zafu-meditation-cushion-filled-with-buckwheat,1285.0,1540.0,ACTIVE,False
Me-C-HZ-SE,Hi-Zafu Meditation Cushion - Filled with Buckwheat,Sage,445.0,hi-zafu-meditation-cushion-filled-with-buckwheat,1285.0,1540.0,ACTIVE,False
MI-KCS-PE,7-Key Kalimba Made from Coconut Shell - Painted & Plain,Plain Etched,300.0,7-key-kalimba-made-from-coconut-shell-painted-plain,950.0,1045.0,ACTIVE,False
MI-KCS-DP,7-Key Kalimba Made from Coconut Shell - Painted & Plain,Dot Painted,350.0,7-key-kalimba-made-from-coconut-shell-painted-plain,950.0,1045.0,ACTIVE,False
MI-XP-SP-1-8,8 Keys Metallophone - with 1” & 1.5” key-widths,1 inch,5700.0,8-keys-metallophone-with-1-1-5-key-widths,7650.0,8850.0,ACTIVE,False
MI-XP-SP-1.5-8,8 Keys Metallophone - with 1” & 1.5” key-widths,1.5 inch,7500.0,8-keys-metallophone-with-1-1-5-key-widths,9350.0,10750.0,ACTIVE,False
MI-D-HP-DC-M9,9/10 Notes Handpan Drum - Handcrafted to Precision,D Celtic Minor 9,73800,9-10-notes-handpan-drum-handcrafted-to-precision,81500.0,90000.0,ACTIVE,False
MI-D-HP-DK-10,9/10 Notes Handpan Drum - Handcrafted to Precision,D Kurd 10,82000.0,9-10-notes-handpan-drum-handcrafted-to-precision,91500.0,100000.0,ACTIVE,False
MI-AS,Asalato/Aslatau or Kashaka Shaker,Plain / Single,550.0,asalato-aslatau-or-kashaka-shaker,1345.0,1750.0,ACTIVE,False
MI-AS-2,Asalato/Aslatau or Kashaka Shaker,Pair / Plain,1100.0,asalato-aslatau-or-kashaka-shaker,2450.0,3250.0,ACTIVE,False
MI-AS-P,Asalato/Aslatau or Kashaka Shaker,Painted / Single,650.0,asalato-aslatau-or-kashaka-shaker,1555.0,1950.0,ACTIVE,False
MI-AS-P-2,Asalato/Aslatau or Kashaka Shaker,Pair / Painted,1300.0,asalato-aslatau-or-kashaka-shaker,2700.0,3950.0,ACTIVE,False
MI-CN-B,Bamboo Castanet,Standard,390.0,bamboo-castanet,745.0,945.0,ACTIVE,False
MI-BJH,Bamboo Jaw Harp,Standard,5555.0,bamboo-jaw-harp,300.0,550.0,ACTIVE,False
MI-RS-N,Bamboo Rainstick,Standard,1450.0,bamboo-rainstick-49779,2950.0,3250.0,ACTIVE,False
MI-SB-BY,Belly Bowls,Standard,6000.0,belly-bowls,9900.0,10900.0,ACTIVE,False
MI-CH-BE,Bendo Chimes,Standard,2500.0,bendo-chimes,5950.0,6500.0,ACTIVE,False
MI-BR-S,Bendo Shaker,Small,550.0,bendo-shaker,1350.0,1550.0,ACTIVE,False
MI-BR-L,Bendo Shaker,Large,900.0,bendo-shaker,1850.0,1950.0,ACTIVE,False
MI-BF-BN-S,Bird Flute,Brown / Single,30.0,bird-flute,275.0,375.0,ACTIVE,False
MI-BF-BN-P,Bird Flute,Brown / Pair,60.0,bird-flute,450.0,550.0,ACTIVE,False
MI-BF-GN-S,Bird Flute,Pair / Green,40.0,bird-flute,650.0,750.0,ACTIVE,False
MI-BF-GN-P,Bird Flute,Single / Green,80.0,bird-flute,375.0,475.0,ACTIVE,False
MI-BF-M,Bird Flute,Pair / Mixed,70.0,bird-flute,600.0,700.0,ACTIVE,False
MI-BT-M,Box Tanpura,Male Tanpura,8300.0,box-tanpura,13500.0,17000.0,ACTIVE,False
MI-BT-F,Box Tanpura,Female Tanpura,8300.0,box-tanpura,13500.0,17000.0,ACTIVE,False
Mi-CX-M-N,Caxixi,Standard,500.0,caxixi,1350.0,1755.0,ACTIVE,False
MI-CM,Coconut Maracas Shakers,Plain,550.0,coconut-maracas-shakers,990.0,1287.0,ACTIVE,False
MI-CM-DP,Coconut Maracas Shakers,Dot Painted,650.0,coconut-maracas-shakers,1185.0,1541.0,ACTIVE,False
MI-CR,Coconut Rattle,Standard,550.0,coconut-rattle,1045.0,1359.0,ACTIVE,False
MS-CC,Conscious Cards,Standard,750.0,conscious-cards,1499.0,1699.0,ACTIVE,False
MI-CB-B-S,Crystal Bowl Bag,Small,800.0,crystal-bowl-bag,1450.0,1650.0,ACTIVE,False
MI-CB-B-M,Crystal Bowl Bag,Medium,1000.0,crystal-bowl-bag,1650.0,1850.0,ACTIVE,False
MI-CB-B-L,Crystal Bowl Bag,Large,1200.0,crystal-bowl-bag,1850.0,2150.0,ACTIVE,False
MI-CBH,Crystal Bowl with Handle,Standard,N/A,crystal-bowl-with-handle,19500.0,21500.0,ACTIVE,False
MI-CB-W-6,Crystal Bowls - Frosted white,6 in,5500.0,crystal-bowls,8950.0,11635.0,ACTIVE,False
MI-CB-W-7,Crystal Bowls - Frosted white,7 in,6000.0,crystal-bowls,9650.0,12545.0,ACTIVE,False
MI-CB-W-8,Crystal Bowls - Frosted white,8 in,6500.0,crystal-bowls,10450.0,13585.0,ACTIVE,False
MI-CB-W-9,Crystal Bowls - Frosted white,9 in,7000.0,crystal-bowls,11450.0,14885.0,ACTIVE,False
MI-CB-W-10,Crystal Bowls - Frosted white,10 in,8000.0,crystal-bowls,12250.0,15925.0,ACTIVE,False
MI-CB-W-11,Crystal Bowls - Frosted white,11 in,9500.0,crystal-bowls,13250.0,17225.0,ACTIVE,False
MI-CB-W-12,Crystal Bowls - Frosted white,12 in,11000.0,crystal-bowls,14650.0,19045.0,ACTIVE,False
MI-CB-W-13,Crystal Bowls - Frosted white,13 in,13000.0,crystal-bowls,17750.0,23075.0,ACTIVE,False
MI-CB-W-14,Crystal Bowls - Frosted white,14 in,14000.0,crystal-bowls,19750.0,25675.0,ACTIVE,False
MI-CB-W-6-12-SET,Crystal Bowls - Set of 7,6-12-in-set / Frosted White,50000.0,crystal-bowls-set-of-7,78500.0,84500.0,ACTIVE,False
MI-CB-W-8-14-SET,Crystal Bowls - Set of 7,8-14-in-set / Frosted White,60000.0,crystal-bowls-set-of-7,89500.0,94500.0,ACTIVE,False
MI-CB-CL-8-14-SET,Crystal Bowls - Set of 7,8-14-in-set / Chakra Coloured,65000.0,crystal-bowls-set-of-7,99500.0,104500.0,ACTIVE,False
MI-CB-CL-6-12-SET,Crystal Bowls - Set of 7,6-12-in-set / Chakra Coloured,55000.0,crystal-bowls-set-of-7,88500.0,94500.0,ACTIVE,False
MI-CP-6,Crystal Pyramid,6 in,4950.0,crystal-pyramid,8950.0,9950.0,ACTIVE,False
MI-CP-8,Crystal Pyramid,8 in,6200.0,crystal-pyramid,10950.0,11950.0,ACTIVE,False
MI-DJB-I-8,Djembe Drums,8in / Ivory,2050.0,djembe-drums,3950.0,4400.0,ACTIVE,False
MI-DJB-M-8,Djembe Drums,8in / Mahogany,2050.0,djembe-drums,3950.0,4300.0,ACTIVE,False
MI-DJB-I-10,Djembe Drums,10in / Ivory,3150.0,djembe-drums,5350.0,6990.0,ACTIVE,False
MI-DJB-M-10,Djembe Drums,10in / Mahogany,3150.0,djembe-drums,5350.0,6900.0,ACTIVE,False
MI-DJB-I-12,Djembe Drums,12in / Ivory,3780.0,djembe-drums,6350.0,8200.0,ACTIVE,False
MI-DJB-M-12,Djembe Drums,12in / Mahogany,3780.0,djembe-drums,6350.0,8100.0,ACTIVE,False
MI-DJB-M-14,Djembe Drums,14in / Mahogany,4300.0,djembe-drums,7450.0,8350.0,ACTIVE,False
MI-DJB-I-14,Djembe Drums,14in / Ivory,4300.0,djembe-drums,7450.0,8350.0,ACTIVE,False
MI-SB-RB-6,Singing Bowl with Mantra - Rustic Blue Colour,6 inches,450.0,singing-bowl-with-mantra-rustic-blue-colour,1445.0,1879.0,ACTIVE,False
MI-SB-RB-7,Singing Bowl with Mantra - Rustic Blue Colour,7 Inches,550.0,singing-bowl-with-mantra-rustic-blue-colour,1745.0,2269.0,ACTIVE,False
MI-D-P,Dumru/Dumroo Indian Handmade Percussion Instrument,Plain,200.0,dumru-dumroo-indian-handmade-percussion-instrument,275.0,350.0,ACTIVE,False
MI-D-DP,Dumru/Dumroo Indian Handmade Percussion Instrument,Dot Painted,250.0,dumru-dumroo-indian-handmade-percussion-instrument,325.0,425.0,ACTIVE,False
NTB-2,Eco-Friendly Neem Wood Toothbrush,pack-of-2,70.0,eco-friendly-neem-wood-toothbrush,225.0,293.0,ACTIVE,False
NTB-4,Eco-Friendly Neem Wood Toothbrush,pack-of-4,140.0,eco-friendly-neem-wood-toothbrush,365.0,475.0,ACTIVE,False
MI-ES-H,Egg Shaker with Handle,Standard,190.0,egg-shaker-with-handle,895.0,1164.0,ACTIVE,False
MI-CS-H,Handheld Natural Coconut Shaker,Standard,,handheld-natural-coconut-shaker,945.0,1229.0,ACTIVE,False
MI-Ch-KS,Element Chimes,Standard,2000.0,elemental-chimes,3850.0,4850.0,ACTIVE,False
MI-SB-H-ET-B-6,Etched Handmade Singing Bowls,Buddha / 6 in,,etched-handmade-singing-bowls,10500.0,13650.0,ACTIVE,False
MI-SB-GE-10,Etched Handmade Singing Bowls,Sacred Geometry / 10 in,,etched-handmade-singing-bowls,16500.0,21450.0,ACTIVE,False
MI-SB-GE-11,Etched Handmade Singing Bowls,Sacred Geometry / 11 in,,etched-handmade-singing-bowls,19500.0,25350.0,ACTIVE,False
MI-SB-GE-12,Etched Handmade Singing Bowls,Sacred Geometry / 12 in,,etched-handmade-singing-bowls,22500.0,29250.0,ACTIVE,False
MI-SB-GE-6,Etched Handmade Singing Bowls,Sacred Geometry / 6 in,,etched-handmade-singing-bowls,8500.0,11050.0,ACTIVE,False
MI-SB-GE-7,Etched Handmade Singing Bowls,Sacred Geometry / 7 in,,etched-handmade-singing-bowls,10500.0,13650.0,ACTIVE,False
MI-SB-GE-8,Etched Handmade Singing Bowls,8 in / Sacred Geometry,,etched-handmade-singing-bowls,12500.0,16250.0,ACTIVE,False
MI-SB-GE-9,Etched Handmade Singing Bowls,Sacred Geometry / 9 in,,etched-handmade-singing-bowls,14500.0,18850.0,ACTIVE,False
MI-SB-GF-10,Etched Handmade Singing Bowls,Golden Feet / 10 in,,etched-handmade-singing-bowls,18500.0,24050.0,ACTIVE,False
MI-SB-GF-11,Etched Handmade Singing Bowls,Golden Feet / 11 in,,etched-handmade-singing-bowls,21500.0,27950.0,ACTIVE,False
MI-SB-GF-12,Etched Handmade Singing Bowls,Golden Feet / 12 in,,etched-handmade-singing-bowls,24500.0,31850.0,ACTIVE,False
MI-SB-GF-6,Etched Handmade Singing Bowls,Golden Feet / 6 in,,etched-handmade-singing-bowls,10500.0,13650.0,ACTIVE,False
MI-SB-GF-7,Etched Handmade Singing Bowls,Golden Feet / 7 in,,etched-handmade-singing-bowls,12500.0,16250.0,ACTIVE,False
MI-SB-GF-8,Etched Handmade Singing Bowls,8 in / Golden Feet,,etched-handmade-singing-bowls,14500.0,18850.0,ACTIVE,False
MI-SB-GF-9,Etched Handmade Singing Bowls,Golden Feet / 9 in,,etched-handmade-singing-bowls,16500.0,21450.0,ACTIVE,False
MI-SB-H-ET-B-10,Etched Handmade Singing Bowls,Buddha / 10 in,,etched-handmade-singing-bowls,18500.0,24050.0,ACTIVE,False
MI-SB-H-ET-B-11,Etched Handmade Singing Bowls,Buddha / 11 in,,etched-handmade-singing-bowls,21500.0,27950.0,ACTIVE,False
MI-SB-H-ET-B-12,Etched Handmade Singing Bowls,Buddha / 12 in,,etched-handmade-singing-bowls,24500.0,31850.0,ACTIVE,False
MI-SB-H-ET-B-7,Etched Handmade Singing Bowls,Buddha / 7 in,,etched-handmade-singing-bowls,12500.0,16250.0,ACTIVE,False
MI-SB-H-ET-B-8,Etched Handmade Singing Bowls,8 in / Buddha,,etched-handmade-singing-bowls,14500.0,18850.0,ACTIVE,False
MI-SB-H-ET-B-9,Etched Handmade Singing Bowls,Buddha / 9 in,,etched-handmade-singing-bowls,16500.0,21450.0,ACTIVE,False
MI-SB-H-ET-BE-10,Etched Handmade Singing Bowls,Buddhas Eyes / 10 in,,etched-handmade-singing-bowls,16500.0,21450.0,ACTIVE,False
MI-SB-H-ET-BE-11,Etched Handmade Singing Bowls,Buddhas Eyes / 11 in,,etched-handmade-singing-bowls,19500.0,25350.0,ACTIVE,False
MI-SB-H-ET-BE-12,Etched Handmade Singing Bowls,12 in / Buddhas Eyes,,etched-handmade-singing-bowls,22500.0,29250.0,ACTIVE,False
MI-SB-H-ET-BE-6,Etched Handmade Singing Bowls,6 in / Buddhas Eyes,,etched-handmade-singing-bowls,8500.0,11050.0,ACTIVE,False
MI-SB-H-ET-BE-7,Etched Handmade Singing Bowls,7 in / Buddhas Eyes,,etched-handmade-singing-bowls,10500.0,13650.0,ACTIVE,False
MI-SB-H-ET-BE-8,Etched Handmade Singing Bowls,8 in / Buddhas Eyes,,etched-handmade-singing-bowls,12500.0,16250.0,ACTIVE,False
MI-SB-H-ET-BE-9,Etched Handmade Singing Bowls,Buddhas Eyes / 9 in,,etched-handmade-singing-bowls,14500.0,18850.0,ACTIVE,False
MI-SB-H-ET-C-10,Etched Handmade Singing Bowls,10 in / Chakras,,etched-handmade-singing-bowls,18500.0,24050.0,ACTIVE,False
MI-SB-H-ET-C-11,Etched Handmade Singing Bowls,Chakras / 11 in,,etched-handmade-singing-bowls,21500.0,27950.0,ACTIVE,False
MI-SB-H-ET-C-12,Etched Handmade Singing Bowls,12 in / Chakras,,etched-handmade-singing-bowls,24500.0,31850.0,ACTIVE,False
MI-SB-H-ET-C-6,Etched Handmade Singing Bowls,6 in / Chakras,,etched-handmade-singing-bowls,10500.0,13650.0,ACTIVE,False
MI-SB-H-ET-C-7,Etched Handmade Singing Bowls,7 in / Chakras,,etched-handmade-singing-bowls,12500.0,16250.0,ACTIVE,False
MI-SB-H-ET-C-8,Etched Handmade Singing Bowls,8 in / Chakras,,etched-handmade-singing-bowls,14500.0,18850.0,ACTIVE,False
MI-SB-H-ET-C-9,Etched Handmade Singing Bowls,9 in / Chakras,,etched-handmade-singing-bowls,16500.0,21450.0,ACTIVE,False
MI-SB-H-ET-DJ-10,Etched Handmade Singing Bowls,Dorje / 10 in,,etched-handmade-singing-bowls,16500.0,21450.0,ACTIVE,False
MI-SB-H-ET-DJ-11,Etched Handmade Singing Bowls,Dorje / 11 in,,etched-handmade-singing-bowls,19500.0,25350.0,ACTIVE,False
MI-SB-H-ET-DJ-12,Etched Handmade Singing Bowls,Dorje / 12 in,,etched-handmade-singing-bowls,22500.0,29250.0,ACTIVE,False
MI-SB-H-ET-DJ-7,Etched Handmade Singing Bowls,Dorje / 7 in,,etched-handmade-singing-bowls,10500.0,13650.0,ACTIVE,False
MI-SB-H-ET-DJ-8,Etched Handmade Singing Bowls,8 in / Dorje,,etched-handmade-singing-bowls,12500.0,16250.0,ACTIVE,False
MI-SB-H-ET-DJ-9,Etched Handmade Singing Bowls,Dorje / 9 in,,etched-handmade-singing-bowls,14500.0,18850.0,ACTIVE,False
MI-SB-H-ET-FL-10,Etched Handmade Singing Bowls,Flower of Life / 10 in,,etched-handmade-singing-bowls,16500.0,21450.0,ACTIVE,False
MI-SB-H-ET-FL-11,Etched Handmade Singing Bowls,Flower of Life / 11 in,,etched-handmade-singing-bowls,19500.0,25350.0,ACTIVE,False
MI-SB-H-ET-FL-12,Etched Handmade Singing Bowls,Flower of Life / 12 in,,etched-handmade-singing-bowls,22500.0,29250.0,ACTIVE,False
MI-SB-H-ET-FL-6,Etched Handmade Singing Bowls,Flower of Life / 6 in,,etched-handmade-singing-bowls,8500.0,11050.0,ACTIVE,False
MI-SB-H-ET-FL-7,Etched Handmade Singing Bowls,Flower of Life / 7 in,,etched-handmade-singing-bowls,10500.0,13650.0,ACTIVE,False
MI-SB-H-ET-FL-8,Etched Handmade Singing Bowls,8 in / Flower of Life,,etched-handmade-singing-bowls,12500.0,16250.0,ACTIVE,False
MI-SB-H-ET-FL-9,Etched Handmade Singing Bowls,Flower of Life / 9 in,,etched-handmade-singing-bowls,14500.0,18850.0,ACTIVE,False
MI-SB-H-ET-O-C-10,Etched Handmade Singing Bowls,10 in / Om,,etched-handmade-singing-bowls,16500.0,21450.0,ACTIVE,False
MI-SB-H-ET-O-C-11,Etched Handmade Singing Bowls,Om / 11 in,,etched-handmade-singing-bowls,19500.0,25350.0,ACTIVE,False
MI-SB-H-ET-O-C-12,Etched Handmade Singing Bowls,12 in / Om,,etched-handmade-singing-bowls,22500.0,29250.0,ACTIVE,False
MI-SB-H-ET-O-C-6,Etched Handmade Singing Bowls,6 in / Om,,etched-handmade-singing-bowls,8500.0,11050.0,ACTIVE,False
MI-SB-H-ET-O-C-7,Etched Handmade Singing Bowls,7 in / Om,,etched-handmade-singing-bowls,10500.0,13650.0,ACTIVE,False
MI-SB-H-ET-O-C-8,Etched Handmade Singing Bowls,8 in / Om,,etched-handmade-singing-bowls,12500.0,16250.0,ACTIVE,False
MI-SB-H-ET-O-C-9,Etched Handmade Singing Bowls,9 in / Om,,etched-handmade-singing-bowls,14500.0,18850.0,ACTIVE,False
MI-SB-H-ET-T-10,Etched Handmade Singing Bowls,Tara / 10 in,,etched-handmade-singing-bowls,18500.0,24050.0,ACTIVE,False
MI-SB-H-ET-T-11,Etched Handmade Singing Bowls,Tara / 11 in,,etched-handmade-singing-bowls,21500.0,27950.0,ACTIVE,False
MI-SB-H-ET-T-12,Etched Handmade Singing Bowls,Tara / 12 in,,etched-handmade-singing-bowls,24500.0,31850.0,ACTIVE,False
MI-SB-H-ET-T-6,Etched Handmade Singing Bowls,Tara / 6 in,,etched-handmade-singing-bowls,10500.0,13650.0,ACTIVE,False
MI-SB-H-ET-T-7,Etched Handmade Singing Bowls,Tara / 7 in,,etched-handmade-singing-bowls,12500.0,16250.0,ACTIVE,False
MI-SB-H-ET-T-8,Etched Handmade Singing Bowls,8 in / Tara,,etched-handmade-singing-bowls,14500.0,18850.0,ACTIVE,False
MI-SB-H-ET-T-9,Etched Handmade Singing Bowls,Tara / 9 in,,etched-handmade-singing-bowls,16500.0,21450.0,ACTIVE,False
MI-G-ET-7C-14,Etched Plain/Wind Gong,7 Chakras / 14 in,5400,etched-plain-wind-gong,12450.0,16185.0,ACTIVE,False
MI-G-ET-7C-16,Etched Plain/Wind Gong,7 Chakras / 16 in,7200,etched-plain-wind-gong,15950.0,20735.0,ACTIVE,False
MI-G-ET-7C-18,Etched Plain/Wind Gong,7 Chakras/18 in,9000,etched-plain-wind-gong,18950.0,24635.0,ACTIVE,False
MI-G-ET-7C-20,Etched Plain/Wind Gong,7 Chakras / 20 in,12600,etched-plain-wind-gong,23250.0,30225.0,ACTIVE,False
MI-G-ET-7C-22,Etched Plain/Wind Gong,7 Chakras / 22 in,15120,etched-plain-wind-gong,27690.0,35997.0,ACTIVE,False
MI-G-ET-7C-24,Etched Plain/Wind Gong,7 Chakras / 24 in,19800,etched-plain-wind-gong,32950.0,42835.0,ACTIVE,False
MI-G-ET-7C-26,Etched Plain/Wind Gong,7 Chakras / 26 in,25200,etched-plain-wind-gong,37950.0,49335.0,ACTIVE,False
MI-G-ET-7C-28,Etched Plain/Wind Gong,7 Chakras / 28 in,36550,etched-plain-wind-gong,42950.0,55835.0,ACTIVE,False
MI-G-ET-FOL1-14,Etched Plain/Wind Gong,Flower of Life / 14 in,5400.0,etched-plain-wind-gong,12450.0,16185.0,ACTIVE,False
MI-G-ET-FOL1-16,Etched Plain/Wind Gong,Flower of Life / 16 in,7200.0,etched-plain-wind-gong,15950.0,20735.0,ACTIVE,False
MI-G-ET-FOL1-18,Etched Plain/Wind Gong,Flower of Life/18 In,9000.0,etched-plain-wind-gong,18950.0,24635.0,ACTIVE,False
MI-G-ET-FOL1-20,Etched Plain/Wind Gong,Flower of Life / 20 in,12600.0,etched-plain-wind-gong,23250.0,30225.0,ACTIVE,False
MI-G-ET-FOL1-22,Etched Plain/Wind Gong,Flower of Life / 22 in,15120.0,etched-plain-wind-gong,27690.0,35997.0,ACTIVE,False
MI-G-ET-FOL1-24,Etched Plain/Wind Gong,Flower of Life / 24 in,19800.0,etched-plain-wind-gong,32950.0,42835.0,ACTIVE,False
MI-G-ET-F-OM-14,Etched Plain/Wind Gong,14 in / Om,5400.0,etched-plain-wind-gong,12450.0,16185.0,ACTIVE,False
MI-G-ET-F-OM-16,Etched Plain/Wind Gong,16 in / Om,7200.0,etched-plain-wind-gong,15950.0,20735.0,ACTIVE,False
MI-G-ET-F-OM-18,Etched Plain/Wind Gong,18 in / Om,9000.0,etched-plain-wind-gong,18950.0,24635.0,ACTIVE,False
MI-G-ET-F-OM-20,Etched Plain/Wind Gong,20 in / Om,12600.0,etched-plain-wind-gong,23250.0,30225.0,ACTIVE,False
MI-G-ET-F-OM-22,Etched Plain/Wind Gong,22 in / Om,15120.0,etched-plain-wind-gong,27690.0,35997.0,ACTIVE,False
MI-G-ET-F-OM-24,Etched Plain/Wind Gong,24 in / Om,19800.0,etched-plain-wind-gong,32950.0,42835.0,ACTIVE,False
MI-G-ET-F-OM-26,Etched Plain/Wind Gong,26 in / Om,25200.0,etched-plain-wind-gong,37950.0,49335.0,ACTIVE,False
MI-G-ET-F-OM-28,Etched Plain/Wind Gong,28 in / Om,36550.0,etched-plain-wind-gong,42950.0,55835.0,ACTIVE,False
MI-G-ET-M-14,Etched Plain/Wind Gong,Mandala / 14 in,5400,etched-plain-wind-gong,12450.0,16185.0,ACTIVE,False
MI-G-ET-M-16,Etched Plain/Wind Gong,Mandala / 16 in,7200.0,etched-plain-wind-gong,15950.0,20735.0,ACTIVE,False
MI-G-ET-M-18,Etched Plain/Wind Gong,18 in / Mandala,9000.0,etched-plain-wind-gong,18950.0,24635.0,ACTIVE,False
MI-G-ET-M-20,Etched Plain/Wind Gong,Mandala / 20 in,12600.0,etched-plain-wind-gong,23250.0,30225.0,ACTIVE,False
MI-G-ET-M-22,Etched Plain/Wind Gong,22 in / Mandala,15120.0,etched-plain-wind-gong,27690.0,35997.0,ACTIVE,False
MI-G-ET-M-24,Etched Plain/Wind Gong,24 in / Mandala,19800.0,etched-plain-wind-gong,32950.0,42835.0,ACTIVE,False
MI-G-ET-M-26,Etched Plain/Wind Gong,Mandala / 26 in,25200.0,etched-plain-wind-gong,37950.0,49335.0,ACTIVE,False
MI-G-ET-M-28,Etched Plain/Wind Gong,28 in / Mandala,36550.0,etched-plain-wind-gong,42950.0,55835.0,ACTIVE,False
MI-G-ET-SC-14,Etched Plain/Wind Gong,Shakti Chakra / 14 in,5400.0,etched-plain-wind-gong,12450.0,16185.0,ACTIVE,False
MI-G-ET-SC-16,Etched Plain/Wind Gong,Shakti Chakra / 16 in,7200.0,etched-plain-wind-gong,15950.0,20735.0,ACTIVE,False
MI-G-ET-SC-18,Etched Plain/Wind Gong,18 in / Shakti Chakra,9000.0,etched-plain-wind-gong,18950.0,24635.0,ACTIVE,False
MI-G-ET-SC-20,Etched Plain/Wind Gong,Shakti Chakra / 20 in,12600.0,etched-plain-wind-gong,23250.0,30225.0,ACTIVE,False
MI-G-ET-SC-22,Etched Plain/Wind Gong,Shakti Chakra / 22 in,15120.0,etched-plain-wind-gong,27690.0,35997.0,ACTIVE,False
MI-G-ET-SC-24,Etched Plain/Wind Gong,Shakti Chakra / 24 in,19800.0,etched-plain-wind-gong,32950.0,42835.0,ACTIVE,False
MI-G-ET-SC-26,Etched Plain/Wind Gong,Shakti Chakra / 26 in,25200.0,etched-plain-wind-gong,37950.0,49335.0,ACTIVE,False
MI-G-ET-SC-28,Etched Plain/Wind Gong,Shakti Chakra / 28 in,36550.0,etched-plain-wind-gong,42950.0,55835.0,ACTIVE,False
MI-SB-H-ET-DJ-14,Etched Plain/Wind Gong,Dorje / 14 in,5400.0,etched-plain-wind-gong,12450.0,16185.0,ACTIVE,False
MI-SB-H-ET-DJ-16,Etched Plain/Wind Gong,Dorje / 16 in,7200.0,etched-plain-wind-gong,15950.0,20735.0,ACTIVE,False
MI-SB-H-ET-DJ-18,Etched Plain/Wind Gong,18 in / Dorje,9000.0,etched-plain-wind-gong,18950.0,24635.0,ACTIVE,False
MI-SB-H-ET-DJ-20,Etched Plain/Wind Gong,Dorje / 20 in,12600.0,etched-plain-wind-gong,23250.0,30225.0,ACTIVE,False
MI-SB-H-ET-DJ-22,Etched Plain/Wind Gong,Dorje / 22 in,15120.0,etched-plain-wind-gong,27690.0,35997.0,ACTIVE,False
MI-SB-H-ET-DJ-24,Etched Plain/Wind Gong,Dorje / 24 in,19800.0,etched-plain-wind-gong,32950.0,42835.0,ACTIVE,False
MI-SB-H-ET-DJ-26,Etched Plain/Wind Gong,Dorje / 26 in,25200.0,etched-plain-wind-gong,37950.0,49335.0,ACTIVE,False
MI-SB-H-ET-DJ-28,Etched Plain/Wind Gong,Dorje / 28 in,36550.0,etched-plain-wind-gong,42950.0,55835.0,ACTIVE,False
MI-SB-H-ET-TR-14,Etched Plain/Wind Gong,Tara / 14 in,5400.0,etched-plain-wind-gong,12450.0,16185.0,ACTIVE,False
MI-SB-H-ET-TR-16,Etched Plain/Wind Gong,Tara / 16 in,7200.0,etched-plain-wind-gong,15950.0,20735.0,ACTIVE,False
MI-SB-H-ET-TR-18,Etched Plain/Wind Gong,18 in / Tara,9000.0,etched-plain-wind-gong,18950.0,24635.0,ACTIVE,False
MI-SB-H-ET-TR-20,Etched Plain/Wind Gong,Tara / 20 in,12600.0,etched-plain-wind-gong,23250.0,30225.0,ACTIVE,False
MI-SB-H-ET-TR-22,Etched Plain/Wind Gong,Tara / 22 in,15120.0,etched-plain-wind-gong,27690.0,35997.0,ACTIVE,False
MI-SB-H-ET-TR-24,Etched Plain/Wind Gong,Tara / 24 in,19800.0,etched-plain-wind-gong,32950.0,42835.0,ACTIVE,False
MI-SB-H-ET-TR-26,Etched Plain/Wind Gong,Tara / 26 in,25200.0,etched-plain-wind-gong,37950.0,49335.0,ACTIVE,False
MI-SB-H-ET-TR-28,Etched Plain/Wind Gong,Tara / 28 in,36550.0,etched-plain-wind-gong,42950.0,55835.0,ACTIVE,False
Mi-SB-MD-E-18,Extra Large Meridian Singing Bowls,18 in / Etched,N/A,extra-large-meridian-singing-bowls,68500.0,71500.0,ACTIVE,False
Mi-SB-MD-E-20,Extra Large Meridian Singing Bowls,20 in / Etched,60500,extra-large-meridian-singing-bowls,79500.0,83500.0,ACTIVE,False
Mi-SB-MD-E-22,Extra Large Meridian Singing Bowls,22 in / Etched,75400,extra-large-meridian-singing-bowls,97500.0,105000.0,ACTIVE,False
Mi-SB-MD-E-24,Extra Large Meridian Singing Bowls,24 in / Etched,N/A,extra-large-meridian-singing-bowls,129500.0,132500.0,ACTIVE,False
Mi-SB-MD-E-26,Extra Large Meridian Singing Bowls,23 In / Etched,N/A,extra-large-meridian-singing-bowls,114500.0,117500.0,ACTIVE,False
Mi-SB-MD-P-18,Extra Large Meridian Singing Bowls,Plain / 18 in,N/A,extra-large-meridian-singing-bowls,53500.0,56500.0,ACTIVE,False
Mi-SB-MD-P-20,Extra Large Meridian Singing Bowls,Plain / 20 in,51700.0,extra-large-meridian-singing-bowls,65500.0,68500.0,ACTIVE,False
Mi-SB-MD-P-22,Extra Large Meridian Singing Bowls,Plain / 22 in,65000.0,extra-large-meridian-singing-bowls,79500.0,82500.0,ACTIVE,False
Mi-SB-MD-P-24,Extra Large Meridian Singing Bowls,Plain / 24 in,N/A,extra-large-meridian-singing-bowls,114500.0,117500.0,ACTIVE,False
Mi-SB-MD-P-26,Extra Large Meridian Singing Bowls,Plain / 23 In,N/A,extra-large-meridian-singing-bowls,99500.0,104500.0,ACTIVE,False
MI-SB-RFL-B-8,Flower of Life with Sacred Symbols Singing Bowls,8 in / Blue,780.0,flower-of-life-with-sacred-symbols-singing-bowls,1550.0,2015.0,ACTIVE,False
MI-SB-RFL-B-10.5,Flower of Life with Sacred Symbols Singing Bowls,10.5 in / Blue,1235.0,flower-of-life-with-sacred-symbols-singing-bowls,2190.0,2847.0,ACTIVE,False
MI-SB-RFL-B-9,Flower of Life with Sacred Symbols Singing Bowls,Blue / 9 in,910.0,flower-of-life-with-sacred-symbols-singing-bowls,1750.0,2275.0,ACTIVE,False
MI-SB-RFL-BR-10.5,Flower of Life with Sacred Symbols Singing Bowls,10.5 in / Brown,1235.0,flower-of-life-with-sacred-symbols-singing-bowls,2190.0,2847.0,ACTIVE,False
MI-SB-RFL-BR-8,Flower of Life with Sacred Symbols Singing Bowls,8 in / Brown,780.0,flower-of-life-with-sacred-symbols-singing-bowls,1550.0,2015.0,ACTIVE,False
MI-SB-RFL-BR-9,Flower of Life with Sacred Symbols Singing Bowls,Brown / 9 in,910.0,flower-of-life-with-sacred-symbols-singing-bowls,1750.0,2275.0,ACTIVE,False
MI-SB-RFL-G-10.5,Flower of Life with Sacred Symbols Singing Bowls,10.5 in / Green,1235.0,flower-of-life-with-sacred-symbols-singing-bowls,2190.0,2847.0,ACTIVE,False
MI-SB-RFL-G-8,Flower of Life with Sacred Symbols Singing Bowls,8 in / Green,780.0,flower-of-life-with-sacred-symbols-singing-bowls,1550.0,2015.0,ACTIVE,False
MI-SB-RFL-G-9,Flower of Life with Sacred Symbols Singing Bowls,9 in / Green,910.0,flower-of-life-with-sacred-symbols-singing-bowls,1750.0,2275.0,ACTIVE,False
MI-SB-RFL-O-10.5,Flower of Life with Sacred Symbols Singing Bowls,10.5 in / Olive green,1235.0,flower-of-life-with-sacred-symbols-singing-bowls,2190.0,2847.0,ACTIVE,False
MI-SB-RFL-O-8,Flower of Life with Sacred Symbols Singing Bowls,8 in / Olive green,780.0,flower-of-life-with-sacred-symbols-singing-bowls,1550.0,2015.0,ACTIVE,False
MI-SB-RFL-O-9,Flower of Life with Sacred Symbols Singing Bowls,Olive green / 9 in,910.0,flower-of-life-with-sacred-symbols-singing-bowls,1750.0,2275.0,ACTIVE,False
MI-SB-H-FM-5,Full Moon Singing Bowls - All Sizes,5 Inches,1980,full-moon-singing-bowls-all-sizes,6950.0,7950.0,ACTIVE,False
MI-SB-H-FM-10,Full Moon Singing Bowls - All Sizes,10 inches,7920.0,full-moon-singing-bowls-all-sizes,12450.0,13450.0,ACTIVE,False
MI-SB-H-FM-11,Full Moon Singing Bowls - All Sizes,11 Inches,8900.0,full-moon-singing-bowls-all-sizes,13750.0,14750.0,ACTIVE,False
MI-SB-H-FM-12,Full Moon Singing Bowls - All Sizes,12 inches,10000.0,full-moon-singing-bowls-all-sizes,14850.0,15850.0,ACTIVE,False
MI-SB-H-FM-13,Full Moon Singing Bowls - All Sizes,13 Inches,11000.0,full-moon-singing-bowls-all-sizes,15950.0,16950.0,ACTIVE,False
MI-SB-H-FM-6,Full Moon Singing Bowls - All Sizes,6 inches,2340,full-moon-singing-bowls-all-sizes,7950.0,8950.0,ACTIVE,False
MI-SB-H-FM-7,Full Moon Singing Bowls - All Sizes,7 Inches,3420,full-moon-singing-bowls-all-sizes,8950.0,9950.0,ACTIVE,False
MI-SB-H-FM-8,Full Moon Singing Bowls - All Sizes,8 inches,3780,full-moon-singing-bowls-all-sizes,10250.0,11250.0,ACTIVE,False
MI-SB-H-FM-9,Full Moon Singing Bowls - All Sizes,9 Inches,5400,full-moon-singing-bowls-all-sizes,11250.0,12250.0,ACTIVE,False
MI-Gg-Bag-S,Gong Bags,Standard,700.0,gong-bags,1950.0,2500.0,ACTIVE,False
MI-Gg-Bag-L,Gong Bags,Large,900.0,gong-bags,2350.0,2750.0,ACTIVE,False
MI-SB-7C Set-L-FM,Handcrafted Set of 7 Bowls for Sound Therapy,Full Moon / Large-Octave 2,69000.0,handcrafted-set-of-7-bowls-for-sound-therapy,92500.0,99500.0,ACTIVE,False
MI-SB-7C Set-L-EC,Handcrafted Set of 7 Bowls for Sound Therapy,Chakra Etching / Large-Octave 2,72000.0,handcrafted-set-of-7-bowls-for-sound-therapy,96500.0,104500.0,ACTIVE,False
MI-SB-7C Set-L-M,Handcrafted Set of 7 Bowls for Sound Therapy,Large-Octave 2 / Matte,65000.0,handcrafted-set-of-7-bowls-for-sound-therapy,82500.0,89500.0,ACTIVE,False
MI-SB-7C Set-S-EC,Handcrafted Set of 7 Bowls for Sound Therapy,Chakra Etching / Standard-Octave 3,49000.0,handcrafted-set-of-7-bowls-for-sound-therapy,69500.0,78500.0,ACTIVE,False
MI-SB-7C Set-S-FM,Handcrafted Set of 7 Bowls for Sound Therapy,Full Moon / Standard-Octave 3,47000.0,handcrafted-set-of-7-bowls-for-sound-therapy,65500.0,74500.0,ACTIVE,False
MI-SB-7C Set-S-M,Handcrafted Set of 7 Bowls for Sound Therapy,Standard-Octave 3 / Matte,43000.0,handcrafted-set-of-7-bowls-for-sound-therapy,56500.0,65500.0,ACTIVE,False
Mi-SB-H-P-5,Handmade Singing Bowls - All Sizes,Matte / 5 in,3000.0,handmade-singing-bowls-all-sizes,5950.0,6950.0,ACTIVE,False
Mi-SB-H-M-5,Handmade Singing Bowls - All Sizes,Matte / 5 in,3000.0,handmade-singing-bowls-all-sizes,5950.0,6950.0,ACTIVE,False
Mi-SB-H-M-8,Handmade Singing Bowls - All Sizes,Matte / 8in,7600.0,handmade-singing-bowls-all-sizes,8250.0,9250.0,ACTIVE,False
Mi-SB-H-M-9,Handmade Singing Bowls - All Sizes,Matte / 9 in,8400.0,handmade-singing-bowls-all-sizes,9350.0,10350.0,ACTIVE,False
Mi-SB-H-M-10,Handmade Singing Bowls - All Sizes,Matte / 10 in,9600.0,handmade-singing-bowls-all-sizes,10750.0,11750.0,ACTIVE,False
Mi-SB-H-M-11,Handmade Singing Bowls - All Sizes,Matte / 11 in,10200.0,handmade-singing-bowls-all-sizes,11950.0,12950.0,ACTIVE,False
Mi-SB-H-P-6,Handmade Singing Bowls - All Sizes,6 in / Polished,4000.0,handmade-singing-bowls-all-sizes,6650.0,7650.0,ACTIVE,False
Mi-SB-H-P-7,Handmade Singing Bowls - All Sizes,7 in / Polished,4800.0,handmade-singing-bowls-all-sizes,7450.0,8450.0,ACTIVE,False
Mi-SB-H-P-8,Handmade Singing Bowls - All Sizes,8 in / Polished,7600.0,handmade-singing-bowls-all-sizes,8250.0,9250.0,ACTIVE,False
Mi-SB-H-P-9,Handmade Singing Bowls - All Sizes,9 in / Polished,8400.0,handmade-singing-bowls-all-sizes,9350.0,10350.0,ACTIVE,False
Mi-SB-H-P-10,Handmade Singing Bowls - All Sizes,10 in / Polished,9600.0,handmade-singing-bowls-all-sizes,10750.0,11750.0,ACTIVE,False
Mi-SB-H-P-11,Handmade Singing Bowls - All Sizes,11in / Polished,10200.0,handmade-singing-bowls-all-sizes,11950.0,12950.0,ACTIVE,False
Mi-SB-H-P-12,Handmade Singing Bowls - All Sizes,12 in / Polished,10800.0,handmade-singing-bowls-all-sizes,12650.0,13650.0,ACTIVE,False
MI-SB-HM-UN,Handmade Universal Bowl for Sound Healing,Standard,4400.0,handmade-universal-bowl-for-sound-healing,8950.0,9950.0,ACTIVE,False
MI-SB-JB,Joint Bowl or Knee Cut Bowl,8 in,4800.0,joint-bowl-or-knee-cut-bowl,8750.0,9750.0,ACTIVE,False
MI-KR-BT,Kenari Bracelet,Standard,950.0,kenari-bracelet,1350.0,1755.0,ACTIVE,False
MI-CM-S,Classic Morchang,Sharp,1050.0,classic-morchang-set,2350.0,2950.0,ACTIVE,False
MI-CM-M,Classic Morchang,Middle,1050.0,classic-morchang-set,2350.0,2950.0,ACTIVE,False
MI-CM-B,Classic Morchang,Bass,1050.0,classic-morchang-set,2350.0,2950.0,ACTIVE,False
MI-CM-ST,Classic Morchang,Full Set,3150.0,classic-morchang-set,7000.0,9050.0,ACTIVE,False
MI-MO-C,7 Chakra Morchang,C Tune,1500.0,7-chakra-morchang-set,2650.0,2750.0,ACTIVE,False
MI-MO-D,7 Chakra Morchang,D Tune,1500.0,7-chakra-morchang-set,2650.0,2750.0,ACTIVE,False
MI-MO-E,7 Chakra Morchang,E Tune,1500.0,7-chakra-morchang-set,2650.0,2750.0,ACTIVE,False
MI-MO-F,7 Chakra Morchang,F Tune,1500.0,7-chakra-morchang-set,2650.0,2750.0,ACTIVE,False
MI-MO-G,7 Chakra Morchang,G Tune,1500.0,7-chakra-morchang-set,2650.0,2750.0,ACTIVE,False
MI-MO-A,7 Chakra Morchang,A Tune,1500.0,7-chakra-morchang-set,2650.0,2750.0,ACTIVE,False
MI-MO-B,7 Chakra Morchang,B Tune,1500.0,7-chakra-morchang-set,2650.0,2750.0,ACTIVE,False
MI-MO-ST,7 Chakra Morchang,Full Set,10500.0,7-chakra-morchang-set,16500.0,17500.0,ACTIVE,False
MI-CS-R,Mini Coconut Shakers - 3 Types,Round Shaped,250.0,mini-coconut-shakers-3-types,645.0,839.0,ACTIVE,False
MI-CS-E,Mini Coconut Shakers - 3 Types,Eye Shaped,300.0,mini-coconut-shakers-3-types,625.0,813.0,ACTIVE,False
MI-CS-S,Mini Coconut Shakers - 3 Types,Square Shaped,280.0,mini-coconut-shakers-3-types,645.0,839.0,ACTIVE,False
MI-WF-S,Musical Wooden Frog,Standard,400.0,musical-wooden-frog,950.0,1250.0,ACTIVE,False
MI-WF-L,Musical Wooden Frog,Large,525.0,musical-wooden-frog,1350.0,1750.0,ACTIVE,False
MI-XP-B-5,Natural Bamboo Xylophone with 5 Keys,Standard,800.0,natural-bamboo-xylophone-with-5-keys,2450.0,3185.0,ACTIVE,False
Yo-P-E-RE,Natural Lavender Scented Eye Pillows,Rose,175.0,natural-lavender-scented-eye-pillows,395.0,525.0,ACTIVE,False
Yo-P-E-DG,Natural Lavender Scented Eye Pillows,Dark Grey,175.0,natural-lavender-scented-eye-pillows,395.0,525.0,ACTIVE,False
Yo-P-E-GY,Natural Lavender Scented Eye Pillows,Grey,175.0,natural-lavender-scented-eye-pillows,395.0,525.0,ACTIVE,False
Yo-P-E-NB,Natural Lavender Scented Eye Pillows,Navy Blue,175.0,natural-lavender-scented-eye-pillows,395.0,525.0,ACTIVE,False
Yo-P-E-SE,Natural Lavender Scented Eye Pillows,Sage,175.0,natural-lavender-scented-eye-pillows,395.0,525.0,ACTIVE,False
MI-OD-P-30,Ocean Drums,Plain / 30 cms,500.0,ocean-drums,2450.0,3185.0,ACTIVE,False
MI-OD-P-35,Ocean Drums,Plain / 35 cms,600.0,ocean-drums,2750.0,3575.0,ACTIVE,False
MI-OD-P-40,Ocean Drums,Plain / 40 cms,650.0,ocean-drums,3250.0,4225.0,ACTIVE,False
MI-ES-P-R,Painted Egg Shakers,Red Dotted,150.0,painted-egg-shakers,925.0,1203.0,ACTIVE,False
MI-ES-P-A,Painted Egg Shakers,Artistically Designed,150.0,painted-egg-shakers,925.0,1203.0,ACTIVE,False
MI-ES-P-B,Painted Egg Shakers,Blue Dotted,150.0,painted-egg-shakers,925.0,1203.0,ACTIVE,False
MI-PS,Pangi Seed Shell Rattle,Standard,1000.0,pangi-seed-shell-rattle,2450.0,2535.0,ACTIVE,False
MI-DG-S-G,S-Shaped Didgeridoo,Green,2000.0,s-shaped-didgeridoo,7750.0,9145.0,ACTIVE,False
MI-DG-S-B,S-Shaped Didgeridoo,Blue,2000.0,s-shaped-didgeridoo,7750.0,9145.0,ACTIVE,False
MI-DG-S-R,S-Shaped Didgeridoo,Red,2000.0,s-shaped-didgeridoo,7750.0,9145.0,ACTIVE,False
MI-SB-P-SS-G-3.5,Sacred Symbols Singing Bowls,3.5 in / Green,350.0,sacred-symbols-singing-bowls,1295.0,1684.0,ACTIVE,False
MI-SB-P-SS-B-3.5,Sacred Symbols Singing Bowls,Blue / 3.5 in,350.0,sacred-symbols-singing-bowls,1295.0,1684.0,ACTIVE,False
MI-SB-P-SS-B-4,Sacred Symbols Singing Bowls,Blue / 4 in,575.0,sacred-symbols-singing-bowls,1545.0,2009.0,ACTIVE,False
MI-SB-P-SS-B-5.5,Sacred Symbols Singing Bowls,Blue / 5.5 in,1150.0,sacred-symbols-singing-bowls,1995.0,2594.0,ACTIVE,False
MI-SB-P-SS-BK-3.5,Sacred Symbols Singing Bowls,Black / 3.5 in,350.0,sacred-symbols-singing-bowls,1295.0,1684.0,ACTIVE,False
MI-SB-P-SS-BK-4,Sacred Symbols Singing Bowls,Black / 4 in,575.0,sacred-symbols-singing-bowls,1545.0,2009.0,ACTIVE,False
MI-SB-P-SS-BK-5.5,Sacred Symbols Singing Bowls,Black / 5.5 in,1150.0,sacred-symbols-singing-bowls,1995.0,2594.0,ACTIVE,False
MI-SB-P-SS-G-3.5,Sacred Symbols Singing Bowls,3.5 in / Green,575.0,sacred-symbols-singing-bowls,1295.0,1684.0,ACTIVE,False
MI-SB-P-SS-G-4,Sacred Symbols Singing Bowls,4 in / Green,575.0,sacred-symbols-singing-bowls,1545.0,2009.0,ACTIVE,False
MI-SB-P-SS-G-5.5,Sacred Symbols Singing Bowls,5.5 in / Green,1150.0,sacred-symbols-singing-bowls,1995.0,2594.0,ACTIVE,False
MI-SB-P-SS-R-3.5,Sacred Symbols Singing Bowls,Red / 3.5 in,350.0,sacred-symbols-singing-bowls,1295.0,1684.0,ACTIVE,False
MI-SB-P-SS-R-4,Sacred Symbols Singing Bowls,Red / 4 in,575.0,sacred-symbols-singing-bowls,1545.0,2009.0,ACTIVE,False
MI-SB-P-SS-R-5.5,Sacred Symbols Singing Bowls,Red / 5.5 in,1150.0,sacred-symbols-singing-bowls,1995.0,2594.0,ACTIVE,False
MI-SB-P-SS-Y-3.5,Sacred Symbols Singing Bowls,Yellow / 3.5 in,350.0,sacred-symbols-singing-bowls,1295.0,1684.0,ACTIVE,False
MI-SB-P-SS-Y-4,Sacred Symbols Singing Bowls,Yellow / 4 in,575.0,sacred-symbols-singing-bowls,1545.0,2009.0,ACTIVE,False
MI-SB-P-SS-Y-5.5,Sacred Symbols Singing Bowls,Yellow / 5.5 in,1150.0,sacred-symbols-singing-bowls,1995.0,2594.0,ACTIVE,False
MI-SD-P-30,Shamanic Drum,Plain / 30 cms,1200.0,shamanic-drum,4650.0,6045.0,ACTIVE,False
MI-SD-B-30,Shamanic Drum,30 cms / Butterfly,1400.0,shamanic-drum,4950.0,6435.0,ACTIVE,False
MI-SD-B-40,Shamanic Drum,40 cms / Butterfly,1500.0,shamanic-drum,5550.0,7215.0,ACTIVE,False
MI-SD-B-45,Shamanic Drum,45 cms / Butterfly,1600.0,shamanic-drum,6250.0,8125.0,ACTIVE,False
MI-SD-P-40,Shamanic Drum,Plain / 40 cms,1300.0,shamanic-drum,5250.0,6825.0,ACTIVE,False
MI-SD-P-45,Shamanic Drum,Plain / 45 cms,1500.0,shamanic-drum,5850.0,7605.0,ACTIVE,False
MI-SB-Bag-S,Singing Bowl Bags,Small,495.0,singing-bowl-bags,1790.0,2490.0,ACTIVE,False
MI-SB-Bag-L,Singing Bowl Bags,Large,910.0,singing-bowl-bags,2290.0,3390.0,ACTIVE,False
MI-SB-Bag-M,Singing Bowl Bags,Standard,695.0,singing-bowl-bags,1990.0,2890.0,ACTIVE,False
MI-SB-C-G-10,Singing Bowls Silk Ring Cushion Accessories,10 cms / Green,45.0,singing-bowls-silk-ring-cushion-accessories,245.0,319.0,ACTIVE,False
MI-SB-C-B-10,Singing Bowls Silk Ring Cushion Accessories,10 cms / Blue,45.0,singing-bowls-silk-ring-cushion-accessories,245.0,319.0,ACTIVE,False
MI-SB-C-G-12,Singing Bowls Silk Ring Cushion Accessories,10 cms / Green,45.0,singing-bowls-silk-ring-cushion-accessories,275.0,358.0,ACTIVE,False
MI-SB-C-NB-10,Singing Bowls Silk Ring Cushion Accessories,10 cms / Navy Blue,45.0,singing-bowls-silk-ring-cushion-accessories,245.0,319.0,ACTIVE,False
MI-SB-C-BK-10,Singing Bowls Silk Ring Cushion Accessories,10 cms / Black,45.0,singing-bowls-silk-ring-cushion-accessories,190.0,209.0,ACTIVE,False
MI-SB-C-R-10,Singing Bowls Silk Ring Cushion Accessories,10 cms / Red,45.0,singing-bowls-silk-ring-cushion-accessories,245.0,319.0,ACTIVE,False
MI-SB-C-Bn-10,Singing Bowls Silk Ring Cushion Accessories,10 cms / Brown,45.0,singing-bowls-silk-ring-cushion-accessories,245.0,319.0,ACTIVE,False
MI-SB-C-O-10,Singing Bowls Silk Ring Cushion Accessories,10 cms / Orange,45.0,singing-bowls-silk-ring-cushion-accessories,245.0,319.0,ACTIVE,False
MI-SB-C-Y-10,Singing Bowls Silk Ring Cushion Accessories,10 cms / Yellow,45.0,singing-bowls-silk-ring-cushion-accessories,190.0,209.0,ACTIVE,False
MI-SB-C-PK-10,Singing Bowls Silk Ring Cushion Accessories,10 cms / Pink,45.0,singing-bowls-silk-ring-cushion-accessories,245.0,319.0,ACTIVE,False
MI-SB-C-B-12,Singing Bowls Silk Ring Cushion Accessories,Blue / 12 cms,45.0,singing-bowls-silk-ring-cushion-accessories,275.0,358.0,ACTIVE,False
MI-SB-C-BK-12,Singing Bowls Silk Ring Cushion Accessories,Black / 12 cms,45.0,singing-bowls-silk-ring-cushion-accessories,220.0,242.0,ACTIVE,False
MI-SB-C-Bn-12,Singing Bowls Silk Ring Cushion Accessories,Brown / 12 cms,45.0,singing-bowls-silk-ring-cushion-accessories,275.0,358.0,ACTIVE,False
MI-SB-C-R-12,Singing Bowls Silk Ring Cushion Accessories,Red / 12 cms,45.0,singing-bowls-silk-ring-cushion-accessories,275.0,358.0,ACTIVE,False
MI-SB-C-PK-12,Singing Bowls Silk Ring Cushion Accessories,Pink / 12 cms,45.0,singing-bowls-silk-ring-cushion-accessories,275.0,358.0,ACTIVE,False
MI-SB-C-O-12,Singing Bowls Silk Ring Cushion Accessories,Orange / 12 cms,45.0,singing-bowls-silk-ring-cushion-accessories,275.0,358.0,ACTIVE,False
MI-SB-C-Y-12,Singing Bowls Silk Ring Cushion Accessories,Yellow / 12 cms,45.0,singing-bowls-silk-ring-cushion-accessories,220.0,242.0,ACTIVE,False
MI-SB-C-NB-12,Singing Bowls Silk Ring Cushion Accessories,Navy Blue / 12 cms,45.0,singing-bowls-silk-ring-cushion-accessories,275.0,358.0,ACTIVE,False
MI-SB-C-B-14,Singing Bowls Silk Ring Cushion Accessories,Blue / 14 cms,45.0,singing-bowls-silk-ring-cushion-accessories,295.0,384.0,ACTIVE,False
MI-SB-C-G-14,Singing Bowls Silk Ring Cushion Accessories,14 cms / Green,45.0,singing-bowls-silk-ring-cushion-accessories,295.0,384.0,ACTIVE,False
MI-SB-C-NB-14,Singing Bowls Silk Ring Cushion Accessories,Navy Blue / 14 cms,45.0,singing-bowls-silk-ring-cushion-accessories,295.0,384.0,ACTIVE,False
MI-SB-C-O-14,Singing Bowls Silk Ring Cushion Accessories,Orange / 14 cms,45.0,singing-bowls-silk-ring-cushion-accessories,295.0,384.0,ACTIVE,False
MI-SB-C-BK-14,Singing Bowls Silk Ring Cushion Accessories,Black / 14 cms,45.0,singing-bowls-silk-ring-cushion-accessories,295.0,325.0,ACTIVE,False
MI-SB-C-R-14,Singing Bowls Silk Ring Cushion Accessories,Red / 14 cms,45.0,singing-bowls-silk-ring-cushion-accessories,295.0,384.0,ACTIVE,False
MI-SB-C-Bn-14,Singing Bowls Silk Ring Cushion Accessories,Brown / 14 cms,45.0,singing-bowls-silk-ring-cushion-accessories,295.0,384.0,ACTIVE,False
MI-SB-C-PK-14,Singing Bowls Silk Ring Cushion Accessories,Pink / 14 cms,45.0,singing-bowls-silk-ring-cushion-accessories,295.0,384.0,ACTIVE,False
MI-SB-C-Y-14,Singing Bowls Silk Ring Cushion Accessories,Yellow / 14 cms,45.0,singing-bowls-silk-ring-cushion-accessories,295.0,325.0,ACTIVE,False
MI-SB-C-B-16,Singing Bowls Silk Ring Cushion Accessories,16 cms / Blue,55.0,singing-bowls-silk-ring-cushion-accessories,325.0,423.0,ACTIVE,False
MI-SB-C-BK-16,Singing Bowls Silk Ring Cushion Accessories,Black / 16 cms,55.0,singing-bowls-silk-ring-cushion-accessories,325.0,358.0,ACTIVE,False
MI-SB-C-Bn-16,Singing Bowls Silk Ring Cushion Accessories,Brown / 16 cms,55.0,singing-bowls-silk-ring-cushion-accessories,325.0,423.0,ACTIVE,False
MI-SB-C-O-16,Singing Bowls Silk Ring Cushion Accessories,Orange / 16 cms,55.0,singing-bowls-silk-ring-cushion-accessories,325.0,423.0,ACTIVE,False
MI-SB-C-NB-16,Singing Bowls Silk Ring Cushion Accessories,16 cms / Navy Blue,55.0,singing-bowls-silk-ring-cushion-accessories,325.0,423.0,ACTIVE,False
MI-SB-C-G-16,Singing Bowls Silk Ring Cushion Accessories,16 cms / Green,55.0,singing-bowls-silk-ring-cushion-accessories,325.0,423.0,ACTIVE,False
MI-SB-C-R-16,Singing Bowls Silk Ring Cushion Accessories,Red / 16 cms,55.0,singing-bowls-silk-ring-cushion-accessories,325.0,423.0,ACTIVE,False
MI-SB-C-Y-16,Singing Bowls Silk Ring Cushion Accessories,Yellow / 16 cms,55.0,singing-bowls-silk-ring-cushion-accessories,325.0,358.0,ACTIVE,False
MI-SB-C-PK-16,Singing Bowls Silk Ring Cushion Accessories,16 cms / Pink,55.0,singing-bowls-silk-ring-cushion-accessories,325.0,423.0,ACTIVE,False
MI-SB-C-B-18,Singing Bowls Silk Ring Cushion Accessories,18 cms / Blue,65.0,singing-bowls-silk-ring-cushion-accessories,345.0,449.0,ACTIVE,False
MI-SB-C-BK-18,Singing Bowls Silk Ring Cushion Accessories,Black / 18 cms,65.0,singing-bowls-silk-ring-cushion-accessories,385.0,424.0,ACTIVE,False
MI-SB-C-G-18,Singing Bowls Silk Ring Cushion Accessories,18 cms / Green,65.0,singing-bowls-silk-ring-cushion-accessories,345.0,449.0,ACTIVE,False
MI-SB-C-Bn-18,Singing Bowls Silk Ring Cushion Accessories,Brown / 18 cms,65.0,singing-bowls-silk-ring-cushion-accessories,345.0,449.0,ACTIVE,False
MI-SB-C-NB-18,Singing Bowls Silk Ring Cushion Accessories,18 cms / Navy Blue,65.0,singing-bowls-silk-ring-cushion-accessories,345.0,449.0,ACTIVE,False
MI-SB-C-Y-18,Singing Bowls Silk Ring Cushion Accessories,Yellow / 18 cms,65.0,singing-bowls-silk-ring-cushion-accessories,385.0,424.0,ACTIVE,False
MI-SB-C-PK-18,Singing Bowls Silk Ring Cushion Accessories,18 cms / Pink,65.0,singing-bowls-silk-ring-cushion-accessories,345.0,449.0,ACTIVE,False
MI-SB-C-R-18,Singing Bowls Silk Ring Cushion Accessories,Red / 18 cms,65.0,singing-bowls-silk-ring-cushion-accessories,345.0,449.0,ACTIVE,False
MI-SB-C-O-18,Singing Bowls Silk Ring Cushion Accessories,Orange / 18 cms,65.0,singing-bowls-silk-ring-cushion-accessories,345.0,449.0,ACTIVE,False
MI-SB-C-B-20,Singing Bowls Silk Ring Cushion Accessories,20 cms / Blue,80.0,singing-bowls-silk-ring-cushion-accessories,495.0,545.0,ACTIVE,False
MI-SB-C-Bn-20,Singing Bowls Silk Ring Cushion Accessories,Brown / 20 cms,80.0,singing-bowls-silk-ring-cushion-accessories,495.0,545.0,ACTIVE,False
MI-SB-C-NB-20,Singing Bowls Silk Ring Cushion Accessories,20 cms / Navy Blue,80.0,singing-bowls-silk-ring-cushion-accessories,495.0,545.0,ACTIVE,False
MI-SB-C-BK-20,Singing Bowls Silk Ring Cushion Accessories,Black / 20 cms,80.0,singing-bowls-silk-ring-cushion-accessories,495.0,545.0,ACTIVE,False
MI-SB-C-O-20,Singing Bowls Silk Ring Cushion Accessories,Orange / 20 cms,80.0,singing-bowls-silk-ring-cushion-accessories,495.0,545.0,ACTIVE,False
MI-SB-C-Y-20,Singing Bowls Silk Ring Cushion Accessories,Yellow / 20 cms,80.0,singing-bowls-silk-ring-cushion-accessories,495.0,545.0,ACTIVE,False
MI-SB-C-G-20,Singing Bowls Silk Ring Cushion Accessories,20 cms / Green,80.0,singing-bowls-silk-ring-cushion-accessories,495.0,545.0,ACTIVE,False
MI-SB-C-R-20,Singing Bowls Silk Ring Cushion Accessories,Red / 20 cms,80.0,singing-bowls-silk-ring-cushion-accessories,495.0,545.0,ACTIVE,False
MI-SB-C-PK-20,Singing Bowls Silk Ring Cushion Accessories,20 cms / Pink,80.0,singing-bowls-silk-ring-cushion-accessories,495.0,545.0,ACTIVE,False
MI-SB-C-B-22,Singing Bowls Silk Ring Cushion Accessories,22 cms / Blue,90.0,singing-bowls-silk-ring-cushion-accessories,595.0,655.0,ACTIVE,False
MI-SB-C-BK-22,Singing Bowls Silk Ring Cushion Accessories,Black / 22 cms,90.0,singing-bowls-silk-ring-cushion-accessories,595.0,655.0,ACTIVE,False
MI-SB-C-Bn-22,Singing Bowls Silk Ring Cushion Accessories,Brown / 22 cms,90.0,singing-bowls-silk-ring-cushion-accessories,595.0,655.0,ACTIVE,False
MI-SB-C-G-22,Singing Bowls Silk Ring Cushion Accessories,22 cms / Green,90.0,singing-bowls-silk-ring-cushion-accessories,595.0,655.0,ACTIVE,False
MI-SB-C-NB-22,Singing Bowls Silk Ring Cushion Accessories,22 cms / Navy Blue,90.0,singing-bowls-silk-ring-cushion-accessories,595.0,655.0,ACTIVE,False
MI-SB-C-O-22,Singing Bowls Silk Ring Cushion Accessories,Orange / 22 cms,90.0,singing-bowls-silk-ring-cushion-accessories,595.0,655.0,ACTIVE,False
MI-SB-C-PK-22,Singing Bowls Silk Ring Cushion Accessories,22 cms / Pink,90.0,singing-bowls-silk-ring-cushion-accessories,595.0,655.0,ACTIVE,False
MI-SB-C-R-22,Singing Bowls Silk Ring Cushion Accessories,Red / 22 cms,90.0,singing-bowls-silk-ring-cushion-accessories,595.0,655.0,ACTIVE,False
MI-SB-C-Y-22,Singing Bowls Silk Ring Cushion Accessories,Yellow / 22 cms,90.0,singing-bowls-silk-ring-cushion-accessories,595.0,655.0,ACTIVE,False
MI-SB-C-CO-3,Singing Bowls Silk Ring Cushion Accessories,Combo of 3,165.0,singing-bowls-silk-ring-cushion-accessories,795.0,895.0,ACTIVE,False
MI-SB-C-CO-5,Singing Bowls Silk Ring Cushion Accessories,Combo of 5,335.0,singing-bowls-silk-ring-cushion-accessories,1645.0,1745.0,ACTIVE,False
MI-SB-C-CO-7,Singing Bowls Silk Ring Cushion Accessories,Combo of 7,480.0,singing-bowls-silk-ring-cushion-accessories,2245.0,2450.0,ACTIVE,False
MI-SB-P-B-3.5,Singing Bowls with Sacred Mantra Printed,3.5 Inches / Blue,350.0,singing-bowls-with-sacred-mantra-printed,1295.0,1684.0,ACTIVE,False
MI-SB-P-BK-3.5,Singing Bowls with Sacred Mantra Printed,3.5 Inches / Black,350.0,singing-bowls-with-sacred-mantra-printed,1295.0,1684.0,ACTIVE,False
MI-SB-P-G-3.5,Singing Bowls with Sacred Mantra Printed,3.5 Inches / Green,350.0,singing-bowls-with-sacred-mantra-printed,1295.0,1684.0,ACTIVE,False
MI-SB-P-R-3.5,Singing Bowls with Sacred Mantra Printed,3.5 Inches / Red,350.0,singing-bowls-with-sacred-mantra-printed,1295.0,1684.0,ACTIVE,False
MI-SB-P-W-3.5,Singing Bowls with Sacred Mantra Printed,3.5 Inches / Gold,350.0,singing-bowls-with-sacred-mantra-printed,1295.0,1684.0,ACTIVE,False
MI-SB-P-B-4,Singing Bowls with Sacred Mantra Printed,4 Inches / Blue,575.0,singing-bowls-with-sacred-mantra-printed,1545.0,2009.0,ACTIVE,False
MI-SB-P-BK-4,Singing Bowls with Sacred Mantra Printed,Black / 4 Inches,575.0,singing-bowls-with-sacred-mantra-printed,1545.0,2009.0,ACTIVE,False
MI-SB-P-G-4,Singing Bowls with Sacred Mantra Printed,4 Inches / Green,575.0,singing-bowls-with-sacred-mantra-printed,1545.0,2009.0,ACTIVE,False
MI-SB-P-R-4,Singing Bowls with Sacred Mantra Printed,Red / 4 Inches,575.0,singing-bowls-with-sacred-mantra-printed,1545.0,2009.0,ACTIVE,False
MI-SB-P-W-4,Singing Bowls with Sacred Mantra Printed,4 Inches / Gold,575.0,singing-bowls-with-sacred-mantra-printed,1545.0,2009.0,ACTIVE,False
MI-SB-P-B-5.5,Singing Bowls with Sacred Mantra Printed,Blue / 5.5 Inches,1150.0,singing-bowls-with-sacred-mantra-printed,1995.0,2594.0,ACTIVE,False
MI-SB-P-BK-5.5,Singing Bowls with Sacred Mantra Printed,Black / 5.5 Inches,1150.0,singing-bowls-with-sacred-mantra-printed,1995.0,2594.0,ACTIVE,False
MI-SB-P-G-5.5,Singing Bowls with Sacred Mantra Printed,5.5 Inches / Green,1150.0,singing-bowls-with-sacred-mantra-printed,1995.0,2594.0,ACTIVE,False
MI-SB-P-R-5.5,Singing Bowls with Sacred Mantra Printed,Red / 5.5 Inches,1150.0,singing-bowls-with-sacred-mantra-printed,1995.0,2594.0,ACTIVE,False
MI-SB-P-W-5.5,Singing Bowls with Sacred Mantra Printed,Gold / 5.5 Inches,1150.0,singing-bowls-with-sacred-mantra-printed,1995.0,2594.0,ACTIVE,False
MI-TD-YY,Spin/Twist Drum or Den Den Daiko,Large 3.5 in,200.0,spin-twist-drum-or-den-den-daiko,895.0,985.0,ACTIVE,False
MI-TD-RB,Spin/Twist Drum or Den Den Daiko,Small 3 in,150.0,spin-twist-drum-or-den-den-daiko,795.0,875.0,ACTIVE,False
MI-DG-SP-G,Spiral/Snake Didgeridoo,Green,2000.0,spiral-snake-didgeridoo,6650.0,7845.0,ACTIVE,False
MI-DG-SP-R,Spiral/Snake Didgeridoo,Red,2000.0,spiral-snake-didgeridoo,6650.0,7845.0,ACTIVE,False
SSS-2,Stainless Steel Straws,pack-of-2,60.0,stainless-steel-straws,175.0,228.0,ACTIVE,False
SSS-4,Stainless Steel Straws,pack-of-4,120.0,stainless-steel-straws,245.0,319.0,ACTIVE,False
MI-SC-6,Swinging Chimes,6 Bars,1700.0,swinging-chimes,6895.0,7785.0,ACTIVE,False
MI-SC-9,Swinging Chimes,9 Bars,1950.0,swinging-chimes,8250.0,9895.0,ACTIVE,False
MI-BB-2,Tibetan Buddhist Bell,Small,690.0,tibetan-buddhist-bell,1350.0,1755.0,ACTIVE,False
MI-BB-3,Tibetan Buddhist Bell,Standard,790.0,tibetan-buddhist-bell,1650.0,2145.0,ACTIVE,False
MI-BB-3.5,Tibetan Buddhist Bell,Large,890.0,tibetan-buddhist-bell,1850.0,2405.0,ACTIVE,False
MI-TF-W-128,Tuning Fork - Single Weighted & Unweighted,Weighted / 128 Hz,600.0,tuning-fork-single-weighted-unweighted,2290.0,2690.0,ACTIVE,False
MI-TF-W-256,Tuning Fork - Single Weighted & Unweighted,Weighted / 256 Hz,600.0,tuning-fork-single-weighted-unweighted,1990.0,2390.0,ACTIVE,False
MI-TF-W-432,Tuning Fork - Single Weighted & Unweighted,Weighted / 432 Hz,600.0,tuning-fork-single-weighted-unweighted,1990.0,2390.0,ACTIVE,False
Mi-TF-AG-4096,Angel Tuning Forks,4096 Hz,400.0,angel-tuning-forks,2350.0,2750.0,ACTIVE,False
Mi-TF-AG-4160,Angel Tuning Forks,4160 Hz,400.0,angel-tuning-forks,2550.0,3000.0,ACTIVE,False
Mi-TF-AG-4225,Angel Tuning Forks,4225 Hz,400.0,angel-tuning-forks,2750.0,3250.0,ACTIVE,False
MI-TF-CG-W,C&G Tuning Forks,Weighted,1160.0,c-g-tuning-forks,3380.0,4380.0,ACTIVE,False
MI-TF-CG-W,C&G Tuning Forks,Unweighted,750.0,c-g-tuning-forks,3380.0,4380.0,ACTIVE,False
MI-SB-M-L-R-13,Wooden Mallets for Singing Bowls,"Red / Long Soft-13""",175.0,wooden-mallets-for-singing-bowls,850.0,1065.0,ACTIVE,False
MI-SB-M-L-R-11,Wooden Mallets for Singing Bowls,"Red / Long Soft-11""",150.0,wooden-mallets-for-singing-bowls,645.0,945.0,ACTIVE,False
MI-SB-M-L-R-9,Wooden Mallets for Singing Bowls,"Red / Long Soft-9""",125.0,wooden-mallets-for-singing-bowls,645.0,895.0,ACTIVE,False
MI-SB-M-L-W-13,Wooden Mallets for Singing Bowls,"White / Long Soft-13""",175.0,wooden-mallets-for-singing-bowls,850.0,1065.0,ACTIVE,False
MI-SB-M-L-W-11,Wooden Mallets for Singing Bowls,"White / Long Soft-11""",150.0,wooden-mallets-for-singing-bowls,695.0,945.0,ACTIVE,False
MI-SB-M-L-W-9,Wooden Mallets for Singing Bowls,"White / Long Soft-9""",125.0,wooden-mallets-for-singing-bowls,645.0,895.0,ACTIVE,False
MI-SB-M-B-C,Wooden Mallets for Singing Bowls,Black / Curved,50.0,wooden-mallets-for-singing-bowls,235.0,345.0,ACTIVE,False
MI-SB-M-B-S,Wooden Mallets for Singing Bowls,Black / Straight,65.0,wooden-mallets-for-singing-bowls,200.0,285.0,ACTIVE,False
MI-SB-M-R-S,Wooden Mallets for Singing Bowls,Red / Straight,65.0,wooden-mallets-for-singing-bowls,200.0,285.0,ACTIVE,False
