id,slug,name,type,sku,parent,has_options,prices_currency,variation_count,image_count,short_desc_len,desc_len,permalink
50995,clay-ocarinas,Clay Ocarinas,variable,,0,True,INR,2,1,1058,209,https://sarveda.com/store/sound-musical-instruments/wind/clay-ocarinas/
50964,wooden-hand-taal-khartal,Wooden Hand Taal Khartal,variable,,0,True,INR,3,1,1064,157,https://sarveda.com/store/sound-musical-instruments/singing-bowls-bells/wooden-hand-taal-khartal/
50608,sleigh-bells-wooden-jingle-stick,Sleigh Bells Wooden Jingle Stick,simple,,0,False,INR,0,1,1394,204,https://sarveda.com/store/sound-musical-instruments/percussion/sleigh-bells-wooden-jingle-stick/
50579,wooden-finger-castanet,Wooden Finger Castanet,variable,,0,True,INR,2,1,1608,213,https://sarveda.com/store/sound-musical-instruments/rattles-shakers/wooden-finger-castanet/
50572,wooden-guiro,Wooden Guiro,simple,,0,False,INR,0,1,1106,354,https://sarveda.com/store/sound-musical-instruments/percussion/wooden-guiro/
50549,tuned-pipe,Tuned Pipes,variable,,0,True,INR,2,1,881,159,https://sarveda.com/store/sound-musical-instruments/chimes/tuned-pipe/
50420,wind-chimes,Wind Chimes,variable,,0,True,INR,10,1,1260,398,https://sarveda.com/store/sound-musical-instruments/chimes/wind-chimes/
49596,ankh-sound-healing-instrument,Ankh Sound Healing Instrument,variable,,0,True,INR,3,1,840,163,https://sarveda.com/store/sound-musical-instruments/tuning-forks/ankh-sound-healing-instrument/
49817,large-tuning-fork,DNA Tuning Fork,variable,,0,True,INR,4,1,1375,167,https://sarveda.com/store/sound-musical-instruments/tuning-forks/large-tuning-fork/
49816,solar-bell,Solar Bell,simple,,0,False,INR,0,1,1076,155,https://sarveda.com/store/sound-musical-instruments/tuning-forks/solar-bell/
49832,singing-bowl-set-g-a-b,"Singing Bowl Head Set – G, A, B",simple,,0,False,INR,0,1,1952,182,https://sarveda.com/store/sound-musical-instruments/singing-bowls-bells/singing-bowl-set-g-a-b/
49779,bamboo-rainstick-2,Bamboo Rainstick,simple,MI-RS-N,0,False,INR,0,1,628,260,https://sarveda.com/store/sound-musical-instruments/kids/bamboo-rainstick-2/
49115,etched-gongs,Etched Chau Gongs,variable,,0,True,INR,21,1,1700,208,https://sarveda.com/store/sound-musical-instruments/gongs-musical-instruments/etched-gongs/
48931,singing-bowl-with-handle,Singing Bowl with Handle,simple,,0,False,INR,0,1,890,326,https://sarveda.com/store/sound-musical-instruments/singing-bowls-bells/singing-bowl-with-handle/
48856,mayura-morchang-set,Mayura Morchang Set,variable,,0,True,INR,4,1,2665,722,https://sarveda.com/store/sound-musical-instruments/indian-classical/mayura-morchang-set/
48653,classic-morchang-set,Classic Morchang Set,variable,,0,True,INR,4,1,2679,723,https://sarveda.com/store/sound-musical-instruments/indian-classical/classic-morchang-set/
48512,pulse-tubes,Pulse Tubes,variable,,0,True,INR,3,1,715,729,https://sarveda.com/store/sound-musical-instruments/rattles-shakers/pulse-tubes/
48727,7-chakra-morchang-set,7 Chakra Morchang Set,variable,,0,True,INR,8,1,1284,1283,https://sarveda.com/store/sound-musical-instruments/indian-classical/7-chakra-morchang-set/
48318,cg-tuning-forks,C&#038;G Tuning Forks,variable,,0,True,INR,2,1,565,497,https://sarveda.com/store/sound-musical-instruments/tuning-forks/cg-tuning-forks/
48193,tuning-forks-7-chakra-set,Tuning Forks 7 Chakra Set,variable,,0,True,INR,8,1,600,600,https://sarveda.com/store/sound-musical-instruments/tuning-forks/tuning-forks-7-chakra-set/
48202,tuning-forks-solfeggio-set,Tuning Forks Solfeggio Set,variable,,0,True,INR,2,1,565,565,https://sarveda.com/store/sound-musical-instruments/tuning-forks/tuning-forks-solfeggio-set/
48205,angel-tuning-forks,Angel Tuning Forks,variable,,0,True,INR,3,1,562,562,https://sarveda.com/store/sound-musical-instruments/tuning-forks/angel-tuning-forks/
48133,tuning-forks-activators,Tuning Fork Activators,variable,,0,True,INR,3,1,593,593,https://sarveda.com/store/sound-musical-instruments/tuning-forks/tuning-forks-activators/
48136,tuning-forks-gem-foot,Tuning Forks Gem Feet,variable,,0,True,INR,8,1,417,553,https://sarveda.com/store/sound-musical-instruments/tuning-forks/tuning-forks-gem-foot/
48135,tuning-forks-extensions,Tuning Fork Extensions,variable,,0,True,INR,3,1,1100,1100,https://sarveda.com/store/sound-musical-instruments/tuning-forks/tuning-forks-extensions/
48229,handcrafted-wooden-stand-for-tuning-forks,Wooden Stand for Tuning Forks,variable,,0,True,INR,4,1,339,339,https://sarveda.com/store/sound-musical-instruments/tuning-forks/handcrafted-wooden-stand-for-tuning-forks/
47924,belly-bowls,Belly Bowls,simple,,0,False,INR,0,1,620,620,https://sarveda.com/store/sound-musical-instruments/singing-bowls-bells/belly-bowls/
47742,bendo-shaker,Bendo Shaker,variable,,0,True,INR,2,1,557,557,https://sarveda.com/store/sound-musical-instruments/rattles-shakers/bendo-shaker/
47751,bendo-chimes,Bendo Chimes,simple,,0,False,INR,0,1,649,333,https://sarveda.com/store/sound-musical-instruments/chimes/bendo-chimes/
47508,crescent-zafu-cushion-wide,Crescent Zafu Cushion &#8211; Compact,variable,,0,True,INR,5,1,1215,1184,https://sarveda.com/store/yoga-and-meditation/meditation-cushions-benches/crescent-zafu-cushion-wide/
47494,crescent-zafu-cushion-compact,Crescent Zafu Cushion &#8211; Wide,variable,,0,True,INR,3,1,1165,1165,https://sarveda.com/store/yoga-and-meditation/meditation-cushions-benches/crescent-zafu-cushion-compact/
47081,crystal-bowl-bag,Crystal Bowl Bag,variable,,0,True,INR,3,1,1827,294,https://sarveda.com/store/sound-musical-instruments/crystal-bowls/crystal-bowl-bag/
46907,handpan-stand,Handpan Stand,simple,,0,False,INR,0,5,616,210,https://sarveda.com/store/sound-musical-instruments/handpans-tongue-drum/handpan-stand/
46525,aluminium-22-steel-bars-chime,Aluminium 22 Steel Bars Chime,simple,,0,False,INR,0,3,574,241,https://sarveda.com/store/sound-musical-instruments/chimes/aluminium-22-steel-bars-chime/
46498,bamboo-jaw-harp,Bamboo Jaw Harp,simple,MI-BJH,0,False,INR,0,3,574,183,https://sarveda.com/store/sound-musical-instruments/kids/bamboo-jaw-harp/
46495,mini-bamboo-slide-whistle,Mini Bamboo Slide Whistle,variable,MI-BSW,0,True,INR,3,3,2623,234,https://sarveda.com/store/sound-musical-instruments/kids/mini-bamboo-slide-whistle/
46220,plain-yoga-mats,Plain Yoga Mats,variable,,0,True,INR,8,17,856,432,https://sarveda.com/store/yoga-and-meditation/yoga-mats-props/plain-yoga-mats/
46171,lotus-yoga-mat,Lotus Yoga Mat,variable,,0,True,INR,8,13,1006,340,https://sarveda.com/store/yoga-and-meditation/yoga-mats-props/lotus-yoga-mat/
46141,7-chakras-yoga-mats,7 Chakras Yoga Mats,variable,,0,True,INR,8,1,997,432,https://sarveda.com/store/yoga-and-meditation/yoga-mats-props/7-chakras-yoga-mats/
45754,bird-flute,Bird Flute,variable,,0,True,INR,5,5,837,837,https://sarveda.com/store/sound-musical-instruments/kids/bird-flute/
45668,ceg-crystal-singing-bowl-set,Triad Crystal Bowl Set,variable,,0,True,INR,3,4,979,979,https://sarveda.com/store/sound-musical-instruments/crystal-bowls/ceg-crystal-singing-bowl-set/
45661,crystal-bowl-with-handle,Crystal Bowl with Handle,simple,,0,False,INR,0,6,567,567,https://sarveda.com/store/sound-musical-instruments/crystal-bowls/crystal-bowl-with-handle/
45654,crystal-pyramid,Crystal Pyramid,variable,,0,True,INR,2,6,412,425,https://sarveda.com/store/sound-musical-instruments/crystal-bowls/crystal-pyramid/
45533,conscious-cards,Conscious Cards,simple,,0,False,INR,0,10,1139,1139,https://sarveda.com/store/eco-living-sustainable/gift-sets/conscious-cards/
45518,the-head-bowl,The Head Bowl,simple,,0,False,INR,0,2,1706,1706,https://sarveda.com/store/sound-musical-instruments/singing-bowls-bells/the-head-bowl/
45485,shruthi-thali-gong-plates,Shruthi Thali/Gong Plates,variable,,0,True,INR,8,1,1089,1089,https://sarveda.com/store/sound-musical-instruments/gongs-musical-instruments/shruthi-thali-gong-plates/
45477,third-eye-chakra-singing-bowl,Third Eye Chakra Singing Bowl,simple,,0,False,INR,0,4,1075,1075,https://sarveda.com/store/sound-musical-instruments/singing-bowls-bells/third-eye-chakra-singing-bowl/
45473,sacred-heart-chakra-singing-bowl,Heart Chakra Singing Bowl,simple,,0,False,INR,0,4,1088,1271,https://sarveda.com/store/sound-musical-instruments/singing-bowls-bells/sacred-heart-chakra-singing-bowl/
45469,sacred-root-chakra-singing-bowl,Root Chakra Singing Bowl,simple,,0,False,INR,0,4,1217,1217,https://sarveda.com/store/sound-musical-instruments/singing-bowls-bells/sacred-root-chakra-singing-bowl/
45449,shankh-conch,Shankh/Conch,variable,,0,True,INR,3,1,615,615,https://sarveda.com/store/sound-musical-instruments/indian-classical/shankh-conch/
45384,box-tanpura,Box Tanpura,variable,,0,True,INR,2,5,1398,1239,https://sarveda.com/store/sound-musical-instruments/indian-classical/box-tanpura/
45289,gong-stand,Gong Stand,variable,,0,True,INR,8,1,612,612,https://sarveda.com/store/sound-musical-instruments/accessories/gong-stand/
45334,the-essential-set,"The Four Bowl Set &#8211; Root, Heart, Third Eye and Universal",simple,,0,False,INR,0,4,504,504,https://sarveda.com/store/sound-musical-instruments/singing-bowls-bells/the-essential-set/
45327,the-beginner-set,"The Three Bowl Set &#8211; Root, Heart and Third Eye",simple,,0,False,INR,0,4,506,506,https://sarveda.com/store/sound-musical-instruments/singing-bowls-bells/the-beginner-set/
45197,kenari-chimes,Kenari Chimes &#8211; Small &#038; Large,variable,MI-KR-CH-168,0,True,INR,2,6,632,632,https://sarveda.com/store/sound-musical-instruments/chimes/kenari-chimes/
45194,koshi-chimes,Elemental Chimes,simple,MI-Ch-KS,0,False,INR,0,3,527,525,https://sarveda.com/store/sound-musical-instruments/chimes/koshi-chimes/
45152,gong-bags,Gong Bags,variable,,0,True,INR,2,1,360,360,https://sarveda.com/store/sound-musical-instruments/accessories/gong-bags/
45127,singing-bowl-bags,Singing Bowl Bags,variable,,0,True,INR,3,1,479,479,https://sarveda.com/store/sound-musical-instruments/singing-bowls-bells/singing-bowl-bags/
45131,shamanic-drum-bags-ocean-drum-bags,Shamanic Drum Bags/Ocean Drum Bags,variable,,0,True,INR,3,1,475,375,https://sarveda.com/store/sound-musical-instruments/accessories/shamanic-drum-bags-ocean-drum-bags/
45113,hanging-bowls-zen-drops,Hanging Bowls/Zen Drops,variable,,0,True,INR,1,1,591,429,https://sarveda.com/store/sound-musical-instruments/singing-bowls-bells/hanging-bowls-zen-drops/
44972,harmonium,Harmonium,variable,,0,True,INR,2,1,533,533,https://sarveda.com/store/sound-musical-instruments/indian-classical/harmonium/
44970,shruti-box,Shruti Box,variable,,0,True,INR,3,9,350,350,https://sarveda.com/store/sound-musical-instruments/indian-classical/shruti-box/
44969,djembe-drums,Djembe Drums,variable,,0,True,INR,8,2,505,634,https://sarveda.com/store/sound-musical-instruments/percussion/djembe-drums/
44503,7-chakras-copper-water-bottles-with-handle,7 Chakras Copper Water Bottles with Handle,variable,,0,True,INR,4,11,695,0,https://sarveda.com/store/yoga-and-meditation/bottles-accessories/7-chakras-copper-water-bottles-with-handle/
43286,handmade-extra-large-meridian-singing-bowls,Extra Large Meridian Singing Bowls,variable,,0,True,INR,10,5,872,109,https://sarveda.com/store/sound-musical-instruments/singing-bowls-bells/handmade-extra-large-meridian-singing-bowls/
43219,crystal-bowls-set-of-7,Crystal Bowls &#8211; Set of 7,variable,,0,True,INR,4,16,387,0,https://sarveda.com/store/sound-musical-instruments/crystal-bowls/crystal-bowls-set-of-7/
42373,11-note-tongue-drum,11 Note Tongue Drum,variable,,0,True,INR,8,6,580,0,https://sarveda.com/store/sound-musical-instruments/handpans-tongue-drum/11-note-tongue-drum/
42389,32-bar-rod-chime,25 Rods &#8211; Bar Chime,simple,MI-BCH-32,0,False,INR,0,1,611,0,https://sarveda.com/store/sound-musical-instruments/chimes/32-bar-rod-chime/
42332,8-keys-metallophone,8 Keys Metallophone &#8211; with 1” &#038; 1.5” key-widths,variable,,0,True,INR,2,6,872,0,https://sarveda.com/store/sound-musical-instruments/handpans-tongue-drum/8-keys-metallophone/
42340,8-keys-wooden-xylophone,8 Keys Wooden Xylophone,simple,,0,False,INR,0,5,849,0,https://sarveda.com/store/sound-musical-instruments/kids/8-keys-wooden-xylophone/
42323,kenari-bracelet,Kenari Bracelet,simple,MI-KR-BT,0,False,INR,0,6,690,0,https://sarveda.com/store/sound-musical-instruments/rattles-shakers/kenari-bracelet/
42317,caxixi,Caxixi,simple,Mi-CX-M-N,0,False,INR,0,6,791,0,https://sarveda.com/store/sound-musical-instruments/rattles-shakers/caxixi/
10345,swinging-chimes,Swinging Chimes,variable,,0,True,INR,2,6,1368,993,https://sarveda.com/store/sound-musical-instruments/chimes/swinging-chimes/
10035,sarveda-flower-of-life-with-sacred-symbols-singing-bowls,Flower of Life with Sacred Symbols Singing Bowls,variable,,0,True,INR,12,13,1765,11,https://sarveda.com/store/sound-musical-instruments/singing-bowls-bells/sarveda-flower-of-life-with-sacred-symbols-singing-bowls/
10008,sarveda-sacred-symbols-singing-bowls,Sacred Symbols Singing Bowls,variable,,0,True,INR,15,12,2219,816,https://sarveda.com/store/sound-musical-instruments/singing-bowls-bells/sarveda-sacred-symbols-singing-bowls/
9978,sarveda-joint-bowl-or-bowl-with-a-hole,Joint Bowl or Knee Cut Bowl,variable,,0,True,INR,2,6,797,0,https://sarveda.com/store/sound-musical-instruments/singing-bowls-bells/sarveda-joint-bowl-or-bowl-with-a-hole/
9795,etched-handmade-singing-bowls,Etched Handmade Singing Bowls,variable,,0,True,INR,78,20,884,0,https://sarveda.com/store/sound-musical-instruments/singing-bowls-bells/etched-handmade-singing-bowls/
9777,sarveda-crystal-bowls,Crystal Bowls,variable,,0,True,INR,9,3,704,0,https://sarveda.com/store/sound-musical-instruments/crystal-bowls/sarveda-crystal-bowls/
9763,ergonomic-meditation-bench,Zen Meditation Bench,variable,ME-Cu,0,True,INR,3,8,1078,0,https://sarveda.com/store/yoga-and-meditation/meditation-cushions-benches/ergonomic-meditation-bench/
9713,sarveda-tuning-forks,Tuning Fork &#8211; Single Weighted &#038; Unweighted,variable,,0,True,INR,18,20,1543,0,https://sarveda.com/store/sound-musical-instruments/tuning-forks/sarveda-tuning-forks/
9675,rectangular-yoga-bolster-made-from-organic-cotton,Rectangular Yoga Bolster,variable,,0,True,INR,6,11,621,0,https://sarveda.com/store/yoga-and-meditation/meditation-cushions-benches/rectangular-yoga-bolster-made-from-organic-cotton/
9529,ocean-drums,Ocean Drums,variable,,0,True,INR,9,9,1016,0,https://sarveda.com/store/sound-musical-instruments/kids/ocean-drums/
9312,zafu-zabuton-meditation-cushion-combo-with-lotus-embroidery,Zafu &#038; Zabuton Meditation Cushion Combo &#8211; Lotus Embroidery,variable,,0,True,INR,3,13,786,786,https://sarveda.com/store/yoga-and-meditation/meditation-cushions-benches/zafu-zabuton-meditation-cushion-combo-with-lotus-embroidery/
9291,hi-zafu-meditation-cushion-filled-with-lotus-embroidery,Hi-Zafu Meditation Cushion &#8211; Embroidered with Lotus,variable,,0,True,INR,5,12,940,940,https://sarveda.com/store/yoga-and-meditation/meditation-cushions-benches/hi-zafu-meditation-cushion-filled-with-lotus-embroidery/
9278,zafu-meditation-cushion-with-lotus-embroidery,Zafu Meditation Cushion Lotus &#8211; Embroidery Filled with Cotton,variable,,0,True,INR,5,17,937,937,https://sarveda.com/store/yoga-and-meditation/meditation-cushions-benches/zafu-meditation-cushion-with-lotus-embroidery/
9220,eye-shaped-natural-lavender-scented-eye-pillows,Eye Shaped Natural Lavender Scented Eye Pillows,variable,,0,True,INR,5,18,678,0,https://sarveda.com/store/yoga-and-meditation/yoga-mats-props/eye-shaped-natural-lavender-scented-eye-pillows/
8846,engraved-flat-wind-tibetan-gong-for-meditation-sound-therapy,Etched Wind Gong,variable,,0,True,INR,64,12,441,14,https://sarveda.com/store/sound-musical-instruments/gongs-musical-instruments/engraved-flat-wind-tibetan-gong-for-meditation-sound-therapy/
8833,plain-flat-wind-tibetan-gong-for-meditation-sound-therapy,Plain/Wind Tibetan Gong,variable,,0,True,INR,8,6,441,0,https://sarveda.com/store/sound-musical-instruments/gongs-musical-instruments/plain-flat-wind-tibetan-gong-for-meditation-sound-therapy/
8802,chau-gong-tam-tam-for-sound-therapy-meditation,Tam-Tam/Chau Gong,variable,,0,True,INR,9,5,867,0,https://sarveda.com/store/sound-musical-instruments/gongs-musical-instruments/chau-gong-tam-tam-for-sound-therapy-meditation/
8422,cotton-yoga-mat7-chakras,7 Chakras Moderate Grip Yoga Mat,variable,,0,True,INR,24,19,940,432,https://sarveda.com/store/yoga-and-meditation/cotton-yoga-mat7-chakras/
8143,universal-bowl,Handmade Universal Bowl for Sound Healing,simple,MI-SB-HM-UN,0,False,INR,0,6,1101,0,https://sarveda.com/store/sound-musical-instruments/singing-bowls-bells/universal-bowl/
8058,9-10-notes-handpan,9/10 Notes Handpan Drum &#8211; Handcrafted to Precision,variable,MI-HP,0,True,INR,2,15,567,76,https://sarveda.com/store/sound-musical-instruments/handpans-tongue-drum/9-10-notes-handpan/
8040,sarveda-handcrafted-zen-singing-bowl,"Vibroacoustic Therapy Bowls &#8211; Universal, Belly and Head",variable,,0,True,INR,4,3,894,894,https://sarveda.com/store/sound-musical-instruments/singing-bowls-bells/sarveda-handcrafted-zen-singing-bowl/
7887,singing-bowl-with-7-chakra-healing-from-sound-therapy,Handcrafted Set of 7 Bowls for Sound Therapy,variable,,0,True,INR,6,8,942,0,https://sarveda.com/store/sound-musical-instruments/singing-bowls-bells/singing-bowl-with-7-chakra-healing-from-sound-therapy/
7687,7-chakras-mystical-incense-sticks-set,7 Chakras Mystical Incense Sticks Set,variable,,0,True,INR,9,20,1131,0,https://sarveda.com/store/yoga-and-meditation/yoga-mats-props/7-chakras-mystical-incense-sticks-set/
7661,kalimba-made-from-coconut-shell-painted-7-key,7-Key Kalimba Made from Coconut Shell &#8211; Painted &#038; Plain,variable,,0,True,INR,2,18,815,0,https://sarveda.com/store/sound-musical-instruments/kids/kalimba-made-from-coconut-shell-painted-7-key/
7607,full-moon-singing-bowls,Full Moon Singing Bowls &#8211; All Sizes,variable,,0,True,INR,9,13,561,110,https://sarveda.com/store/sound-musical-instruments/singing-bowls-bells/full-moon-singing-bowls/
7568,macrame-yoga-straps,Macrame Yoga Mat Straps,variable,,0,True,INR,4,9,471,0,https://sarveda.com/store/yoga-and-meditation/meditation-cushions-benches/macrame-yoga-straps/
7542,wooden-maracas-shaker-handheld-shaker,Wooden Maracas Shakers | Plain &#038; Dot Painted,variable,MI-WM,0,True,INR,2,9,549,0,https://sarveda.com/store/sound-musical-instruments/rattles-shakers/wooden-maracas-shaker-handheld-shaker/
7491,6-3-inches-mini-tongue-drum,Mini Tongue Drum,variable,,0,True,INR,4,12,770,0,https://sarveda.com/store/sound-musical-instruments/handpans-tongue-drum/6-3-inches-mini-tongue-drum/
7478,wooden-tambourine-half-moon-2,Wooden Tambourines,variable,MI-T-HM,0,True,INR,2,9,620,609,https://sarveda.com/store/sound-musical-instruments/kids/wooden-tambourine-half-moon-2/
7472,handheld-kenari-seed-shell-shaker,Kenari Seed Shell Shakers,variable,,0,True,INR,2,14,512,0,https://sarveda.com/store/sound-musical-instruments/rattles-shakers/handheld-kenari-seed-shell-shaker/
7456,musical-wooden-frog,Musical Wooden Frog,variable,MI-WF,0,True,INR,2,6,499,0,https://sarveda.com/store/sound-musical-instruments/wind/musical-wooden-frog/
7443,mini-teak-wood-and-stainless-steel-xylophone,Teak Wood &#8211; Stainless Steel Xylophone,variable,MI-XP-W-8,0,True,INR,2,9,987,0,https://sarveda.com/store/sound-musical-instruments/handpans-tongue-drum/mini-teak-wood-and-stainless-steel-xylophone/
7435,natural-bamboo-xylophone-with-5-keys,Natural Bamboo Xylophone with 5 Keys,simple,MI-XP-B-5,0,False,INR,0,8,923,0,https://sarveda.com/store/sound-musical-instruments/handpans-tongue-drum/natural-bamboo-xylophone-with-5-keys/
7417,den-den-daiko-or-spin-twist-drum,Spin/Twist Drum or Den Den Daiko,variable,,0,True,INR,2,1,700,0,https://sarveda.com/store/sound-musical-instruments/kids/den-den-daiko-or-spin-twist-drum/
7404,artistic-egg-shakers,Painted Egg Shakers,variable,,0,True,INR,3,11,344,0,https://sarveda.com/store/sound-musical-instruments/rattles-shakers/artistic-egg-shakers/
7396,egg-shaker-with-handle,Egg Shaker with Handle,simple,MI-ES-H,0,False,INR,0,9,867,0,https://sarveda.com/store/sound-musical-instruments/rattles-shakers/egg-shaker-with-handle/
7370,wooden-maracas-shaker,Coconut Maracas Shakers,variable,MI-CM,0,True,INR,2,9,506,35,https://sarveda.com/store/sound-musical-instruments/kids/wooden-maracas-shaker/
7356,pangi-seed-shell-shaker-rattle,Pangi Seed Shell Rattle,simple,MI-PS,0,False,INR,0,5,534,0,https://sarveda.com/store/sound-musical-instruments/tuning-forks/pangi-seed-shell-shaker-rattle/
7329,bamboo-castanet,Bamboo Castanet,simple,MI-CN-B,0,False,INR,0,8,513,0,https://sarveda.com/store/sound-musical-instruments/kids/bamboo-castanet/
7324,spiral-snake-didgeridoo,Spiral/Snake Didgeridoo,variable,,0,True,INR,2,4,1195,0,https://sarveda.com/store/sound-musical-instruments/wind/spiral-snake-didgeridoo/
7317,thunder-tube,Thunder Tube &#8211; Basic Edition,variable,MI-TT-20,0,True,INR,3,10,883,0,https://sarveda.com/store/sound-musical-instruments/kids/thunder-tube/
7307,s-shaped-didgeridoo,S-Shaped Didgeridoo,variable,,0,True,INR,3,6,563,0,https://sarveda.com/store/sound-musical-instruments/wind/s-shaped-didgeridoo/
7300,aslatau-or-asalato,Asalato/Aslatau or Kashaka Shaker,variable,MI-AS,0,True,INR,4,10,1033,0,https://sarveda.com/store/sound-musical-instruments/kids/aslatau-or-asalato/
7293,shamanic-drums,Shamanic Drum,variable,MI-SD-B,0,True,INR,9,17,753,0,https://sarveda.com/store/sound-musical-instruments/percussion/shamanic-drums/
7177,sarveda-zafu-zabuton-meditation-cushion-combo,Zafu &#038; Zabuton Meditation Cushion Combo,variable,,0,True,INR,5,15,697,697,https://sarveda.com/store/yoga-and-meditation/meditation-cushions-benches/sarveda-zafu-zabuton-meditation-cushion-combo/
6988,singing-bowl-silk-ring-cushions-accessories,Singing Bowls Silk Ring Cushion Accessories,variable,,0,True,INR,66,13,340,0,https://sarveda.com/store/sound-musical-instruments/singing-bowls-bells/singing-bowl-silk-ring-cushions-accessories/
6978,wooden-mallets-for-singing-bowls,Wooden Mallets for Singing Bowls,variable,MI-SB-M-R-Wd-4.5,0,True,INR,17,30,516,0,https://sarveda.com/store/sound-musical-instruments/singing-bowls-bells/wooden-mallets-for-singing-bowls/
6973,sarveda-buddhist-bell,Tibetan Buddhist Bell,variable,,0,True,INR,4,3,609,0,https://sarveda.com/store/sound-musical-instruments/singing-bowls-bells/sarveda-buddhist-bell/
6892,hand-hammered-singing-bowl,Dotted Singing Bowl,variable,,0,True,INR,3,1,0,0,https://sarveda.com/store/sound-musical-instruments/singing-bowls-bells/hand-hammered-singing-bowl/
6884,handmade-singing-bowls-for-sound-therapy,Handmade Singing Bowls &#8211; All Sizes,variable,,0,True,INR,18,1,0,0,https://sarveda.com/store/sound-musical-instruments/singing-bowls-bells/handmade-singing-bowls-for-sound-therapy/
6861,singing-bowl-with-mantra-rustic-blue-color,Singing Bowl with Mantra &#8211; Rustic Blue Colour,variable,,0,True,INR,2,1,610,0,https://sarveda.com/store/sound-musical-instruments/singing-bowls-bells/singing-bowl-with-mantra-rustic-blue-color/
6807,singing-bowls-with-sacred-mantra-printed,Singing Bowls with Sacred Mantra Printed,variable,,0,True,INR,15,1,610,0,https://sarveda.com/store/sound-musical-instruments/singing-bowls-bells/singing-bowls-with-sacred-mantra-printed/
6780,sarveda-zabuton-cushion,Zabuton Cushion for Meditation,variable,,0,True,INR,5,17,854,854,https://sarveda.com/store/yoga-and-meditation/meditation-cushions-benches/sarveda-zabuton-cushion/
6755,sarveda-zafu-cylindrical-meditation-cushion,Hi-Zafu Meditation Cushion &#8211; Filled with Buckwheat,variable,,0,True,INR,12,26,857,857,https://sarveda.com/store/yoga-and-meditation/meditation-cushions-benches/sarveda-zafu-cylindrical-meditation-cushion/
6711,sarveda-zafu-round,Zafu Meditation Cushion Plain Filled with Cotton,variable,,0,True,INR,10,20,848,848,https://sarveda.com/store/yoga-and-meditation/meditation-cushions-benches/sarveda-zafu-round/
6689,yoga-bolster,Round Yoga Bolster,variable,,0,True,INR,8,15,495,0,https://sarveda.com/store/yoga-and-meditation/meditation-cushions-benches/yoga-bolster/
6668,yoga-blanket,Yoga Blanket made from Organic Cotton,variable,,0,True,INR,3,12,646,0,https://sarveda.com/store/yoga-and-meditation/meditation-cushions-benches/yoga-blanket/
6638,copper-water-bottle-with-2-glasses-set-with-7-chakra-design,Copper Bottle Gift Set &#8211; 7 Chakra,variable,,0,True,INR,2,11,688,688,https://sarveda.com/store/yoga-and-meditation/bottles-accessories/copper-water-bottle-with-2-glasses-set-with-7-chakra-design/
6530,yoga-strap,Yoga Belt/Strap for Sturdy Grip,variable,,0,True,INR,5,17,886,0,https://sarveda.com/store/yoga-and-meditation/yoga-mats-props/yoga-strap/
6519,sarveda-lavender-scented-eye-pillows-for-yoga-meditation-and-relaxation-made-with-cotton-filled-with-flaxseed,Natural Lavender Scented Eye Pillows,variable,,0,True,INR,5,13,962,0,https://sarveda.com/store/sound-musical-instruments/tuning-forks/sarveda-lavender-scented-eye-pillows-for-yoga-meditation-and-relaxation-made-with-cotton-filled-with-flaxseed/
6505,stainless-steel-straws,Stainless Steel Straws,variable,,0,True,INR,2,10,580,0,https://sarveda.com/store/eco-living-sustainable/home-workspace/stainless-steel-straws/
6289,ayurvedic-copper-bedroom-jar,Ayurvedic Copper Bedroom Jar,simple,CB-BJ,0,False,INR,0,9,609,0,https://sarveda.com/store/yoga-and-meditation/bottles-accessories/ayurvedic-copper-bedroom-jar/
6080,engraved-copper-water-bottles,7 Chakras Copper Water Bottles,variable,,0,True,INR,8,11,658,0,https://sarveda.com/store/yoga-and-meditation/bottles-accessories/engraved-copper-water-bottles/
6071,non-printed-copper-water-bottles,"Grooved, Hammered &#038; Plain Copper Bottle",variable,,0,True,INR,12,13,517,0,https://sarveda.com/store/yoga-and-meditation/bottles-accessories/non-printed-copper-water-bottles/
6062,mini-coconut-shaker-3-types,Mini Coconut Shakers &#8211; 3 Types,variable,,0,True,INR,4,15,644,8,https://sarveda.com/store/sound-musical-instruments/kids/mini-coconut-shaker-3-types/
6007,printed-copper-water-bottles,Artistically Designed Copper Bottles,variable,,0,True,INR,20,12,695,0,https://sarveda.com/store/yoga-and-meditation/bottles-accessories/printed-copper-water-bottles/
5934,copper-bottle-curved-copper-diamond-groove,Curved Diamond Groove Copper Bottle,variable,,0,True,INR,4,8,695,0,https://sarveda.com/store/yoga-and-meditation/bottles-accessories/copper-bottle-curved-copper-diamond-groove/
5769,jala-neti-pot,Jala Neti Pot &#8211; Ceramic 185 ml,variable,,0,True,INR,4,16,406,0,https://sarveda.com/store/eco-living-sustainable/personal-care/jala-neti-pot/
5763,tingsha-bell,Tingsha Bell,variable,,0,True,INR,6,11,616,11,https://sarveda.com/store/sound-musical-instruments/singing-bowls-bells/tingsha-bell/
5740,dumroo-medium-size,Dumru/Dumroo Indian Handmade Percussion Instrument,variable,,0,True,INR,2,1,657,0,https://sarveda.com/store/sound-musical-instruments/indian-classical/dumroo-medium-size/
5730,coconut-rattle,Coconut Rattle,simple,MI-CR,0,False,INR,0,7,491,0,https://sarveda.com/store/sound-musical-instruments/kids/coconut-rattle/
5713,handheld-coconut-shaker,Handheld Natural Coconut Shaker,simple,MI-CS-H,0,False,INR,0,11,489,0,https://sarveda.com/store/sound-musical-instruments/kids/handheld-coconut-shaker/
5688,copper-bottle-hammered-copper-set,Hammered Copper Bottle,variable,,0,True,INR,2,7,695,0,https://sarveda.com/store/yoga-and-meditation/bottles-accessories/copper-bottle-hammered-copper-set/
5682,copper-bottle-black-with-7-chakras-vintage,7 Chakras Vintage &#8211; Copper Bottle,variable,,0,True,INR,4,7,695,0,https://sarveda.com/store/yoga-and-meditation/bottles-accessories/copper-bottle-black-with-7-chakras-vintage/
5675,copper-bottle-with-7-chakras-plain,7 Chakras Gold &#8211; Copper Bottle,variable,,0,True,INR,4,8,695,0,https://sarveda.com/store/yoga-and-meditation/bottles-accessories/copper-bottle-with-7-chakras-plain/
5669,copper-bottle-orange-light,Sunshine within Me,variable,,0,True,INR,4,8,695,0,https://sarveda.com/store/yoga-and-meditation/bottles-accessories/copper-bottle-orange-light/
5663,copper-bottle-pink-noble-toughts,Pink &#038; Positive,variable,,0,True,INR,4,9,695,0,https://sarveda.com/store/yoga-and-meditation/bottles-accessories/copper-bottle-pink-noble-toughts/
5495,copper-bottle-curved-vintage-hammered,Curved Hammered Copper Bottles,variable,,0,True,INR,2,7,695,0,https://sarveda.com/store/yoga-and-meditation/bottles-accessories/copper-bottle-curved-vintage-hammered/
5489,copper-bottle-vintage-plain-curved,Curved Copper Bottles,variable,,0,True,INR,4,9,695,0,https://sarveda.com/store/yoga-and-meditation/bottles-accessories/copper-bottle-vintage-plain-curved/
5466,copper-bottle-with-brush-tattvamasi,Tattvamasi-I am Infinite,variable,,0,True,INR,4,6,517,0,https://sarveda.com/store/yoga-and-meditation/bottles-accessories/copper-bottle-with-brush-tattvamasi/
5459,copper-bottle-with-brush-true-happiness-lies-within,Happiness is Inside,variable,,0,True,INR,4,7,695,0,https://sarveda.com/store/yoga-and-meditation/bottles-accessories/copper-bottle-with-brush-true-happiness-lies-within/
5042,copper-tongue-cleaner,Copper Tongue Cleaner,variable,TC-R-1,0,True,INR,6,14,398,0,https://sarveda.com/store/eco-living-sustainable/personal-care/copper-tongue-cleaner/
