sheet_name,sheet_variant,sheet_sku,db_name,db_variant,db_sku
Conscious Cards,,ME-CC,Conscious Cards,,ME-CC
Jala Neti Pot - Ceramic 185 ml,Red,YO-NP-R-185,Jala Neti Pot - Ceramic 185 ml,Red,YO-NP-R-185
Jala Neti Pot - Ceramic 185 ml,Blue,YO-NP-B-185,Jala Neti Pot - Ceramic 185 ml,Blue,YO-NP-B-185
Jala Neti Pot - Ceramic 185 ml,Lemon Yellow,YO-NP-LY-185,Jala Neti Pot - Ceramic 185 ml,Lemon Yellow,YO-NP-LY-185
Jala Neti Pot - Ceramic 185 ml,Mint Green,YO-NP-MG-185,Jala Neti Pot - Ceramic 185 ml,Mint Green,YO-NP-MG-185
Jala Neti Pot - Ceramic 185 ml,White,YO-NP-W-185,Jala Neti Pot - Ceramic 185 ml,White,YO-NP-W-185
Tounge Cleaner,Straight / pack-of-1,TC-S-1,Tounge Cleaner,pack-of-1 / Straight,TC-S-1
Tounge Cleaner,Straight / pack-of-2,TC-S-2,Tounge Cleaner,pack-of-2 / Straight,TC-S-2
Tounge Cleaner,Straight / pack-of-4,TC-S-4,Tounge Cleaner,pack-of-4 / Straight,TC-S-4
Stainless Steel Straws,pack-of-2,SSS-2,Stainless Steel Straws,pack-of-2,SSS-2
Stainless Steel Straws,pack-of-4,SSS-4,Stainless Steel Straws,pack-of-4,SSS-4
7 Chakras - Plain Copper Bottles,Plain / 500ml/ With Brush,CB-7C-B-.5,7 Chakras - Plain Copper Bottles,500ml / With Brush / Plain,CB-7C-B-.5
7 Chakras - Plain Copper Bottles,Plain / 500ml/ Without Brush,CB-7C-.5,7 Chakras - Plain Copper Bottles,500ml / Without Brush / Plain,CB-7C-.5
7 Chakras - Plain Copper Bottles,Plain / 1L / With Brush,CB-7C-B,7 Chakras - Plain Copper Bottles,With Brush / 1L / Plain,CB-7C-B
7 Chakras - Plain Copper Bottles,Plain / 1L/ Without Brush,CB-7C,7 Chakras - Plain Copper Bottles,1L / Without Brush / Plain,CB-7C
7 Chakras - Vintage Copper Bottles,Vintage / 500ml/ With Brush,CB-7C-V-B-.5,7 Chakras - Vintage Copper Bottles,500ml / With Brush / Vintage,CB-7C-V-B-.5
7 Chakras - Vintage Copper Bottles,Vintage/ 500ml/ Without Brush,CB-7C-V-.5,7 Chakras - Vintage Copper Bottles,Vintage / Without Brush / 500ml,CB-7C-V-.5
7 Chakras - Vintage Copper Bottles,Vintage / 1L/ With Brush,CB-7C-V-B,7 Chakras - Vintage Copper Bottles,With Brush / Vintage / 1L,CB-7C-V-B
7 Chakras - Vintage Copper Bottles,Vintage/  1L/ Without Brush,CB-7C-V,7 Chakras - Vintage Copper Bottles,Vintage / 1L / Without Brush,CB-7C-V
7 Chakras - Copper Bottles with Handle,Plain / 1L / With Brush,CB-7C-H-B,7 Chakras - Copper Bottles with Handle,With Brush / 1L / Plain,CB-7C-H-B
7 Chakras - Copper Bottles with Handle,Plain / 1L/ Without Brush,CB-7C-H,7 Chakras - Copper Bottles with Handle,1L / Without Brush / Plain,CB-7C-H
7 Chakras - Copper Bottles with Handle,Vintage / 1L/ Without Brush,CB-7C-V-H,7 Chakras - Copper Bottles with Handle,Vintage / 1L / Without Brush,CB-7C-V-H
7 Chakras - Copper Bottles with Handle,Vintage / 1L / With Brush,CB-7C-V-H-B,7 Chakras - Copper Bottles with Handle,With Brush / Vintage / 1L,CB-7C-V-H-B
Curved Hammered Copper Bottles,with-brush / vintage,CB-CVH-B,Curved Hammered Copper Bottles,vintage / with-brush,CB-CVH-B
Curved Hammered Copper Bottles,vintage / without-brush,CB-CVH,Curved Hammered Copper Bottles,vintage / without-brush,CB-CVH
Hammered Copper Bottle,copper / without-brush,CB-HM,Hammered Copper Bottle,copper / without-brush,CB-HM
Hammered Copper Bottle,copper / with-brush,CB-HM-B,Hammered Copper Bottle,copper / with-brush,CB-HM-B
Sunshine within Me (Artistic Design),with-brush / 1L,CB-AD-SS-B,Sunshine within Me (Artistic Design),with-brush / 1L,CB-AD-SS-B
Sunshine within Me (Artistic Design),without-brush / 1L,CB-AD-SS,Sunshine within Me (Artistic Design),without-brush / 1L,CB-AD-SS
Sunshine within Me (Artistic Design),without-brush / 500ml,CB-AD-SS-.5,Sunshine within Me (Artistic Design),without-brush / 500ml,CB-AD-SS-.5
Sunshine within Me (Artistic Design),with-brush / 500ml,CB-AD-SS-.5-B,Sunshine within Me (Artistic Design),with-brush / 500ml,CB-AD-SS-.5-B
Tattvamasi-I am Infinite,with-brush / 1L,CB-AD-TM-B,Tattvamasi-I am Infinite,with-brush / 1L,CB-AD-TM-B
Tattvamasi-I am Infinite,without-brush / 1L,CB-AD-TM,Tattvamasi-I am Infinite,without-brush / 1L,CB-AD-TM
Tattvamasi-I am Infinite,without-brush / 500ml,CB-AD-TM-.5,Tattvamasi-I am Infinite,without-brush / 500ml,CB-AD-TM-.5
Tattvamasi-I am Infinite,with-brush / 500ml,CB-AD-TM-B-.5,Tattvamasi-I am Infinite,with-brush / 500ml,CB-AD-TM-B-.5
Pink & Positive,without-brush / 1L,CB-AD-PP,Pink & Positive,without-brush / 1L,CB-AD-PP
Pink & Positive,with-brush / 1L,CB-AD-PP-B,Pink & Positive,with-brush / 1L,CB-AD-PP-B
Pink & Positive,without-brush / 500ml,CB-AD-PP-.5,Pink & Positive,without-brush / 500ml,CB-AD-PP-.5
Pink & Positive,with-brush / 500ml,CB-AD-PP-.5-B,Pink & Positive,with-brush / 500ml,CB-AD-PP-.5-B
Happiness is Inside,with-brush / 1L,CB-AD-HI-B,Happiness is Inside,with-brush / 1L,CB-AD-HI-B
Happiness is Inside,without-brush / 1L,CB-AD-HI,Happiness is Inside,without-brush / 1L,CB-AD-HI
Happiness is Inside,without-brush / 500ml,CB-AD-HI-.5,Happiness is Inside,without-brush / 500ml,CB-AD-HI-.5
Happiness is Inside,with-brush / 500ml,CB-AD-HI-.5-B,Happiness is Inside,with-brush / 500ml,CB-AD-HI-.5-B
Ayurvedic Copper Bedroom Jar,Standard,CB-BJ,Ayurvedic Copper Bedroom Jar,Standard,CB-BJ
Copper Bottle Gift Set - 7 Chakra,Gold,CB-7C-C-2G-SET,Copper Bottle Gift Set - 7 Chakra,Gold,CB-7C-C-2G-SET
Copper Bottle Gift Set - 7 Chakra,Vintage,CB-7C-V-2G-SET,Copper Bottle Gift Set - 7 Chakra,Vintage,CB-7C-V-2G-SET
7 Chakras Mystical Incense Sticks Set,7 Chakra Set,IS-7C-SET,7 Chakras Mystical Incense Sticks Set,7 Chakra Set,IS-7C-SET
7 Chakras Mystical Incense Sticks Set,7 Chakra Set with Stand,IS-7C-SET-S,7 Chakras Mystical Incense Sticks Set,7 Chakra Set with Stand,IS-7C-SET-S
7 Chakras Mystical Incense Sticks Set,Pure Citronella,IS-CT,7 Chakras Mystical Incense Sticks Set,Pure Citronella,IS-CT
7 Chakras Mystical Incense Sticks Set,Pure Eucalyptus,IS-EU,7 Chakras Mystical Incense Sticks Set,Pure Eucalyptus,IS-EU
7 Chakras Mystical Incense Sticks Set,Pure Frankincense,IS-FI,7 Chakras Mystical Incense Sticks Set,Pure Frankincense,IS-FI
7 Chakras Mystical Incense Sticks Set,Pure Lavender,IS-LV,7 Chakras Mystical Incense Sticks Set,Pure Lavender,IS-LV
7 Chakras Mystical Incense Sticks Set,Pure Musk,IS-MU,7 Chakras Mystical Incense Sticks Set,Pure Musk,IS-MU
7 Chakras Mystical Incense Sticks Set,Pure Rose,IS-R,7 Chakras Mystical Incense Sticks Set,Pure Rose,IS-R
7 Chakras Mystical Incense Sticks Set,Pure Sandalwood,IS-SW,7 Chakras Mystical Incense Sticks Set,Pure Sandalwood,IS-SW
7 Chakras Yoga Mats,Moderate / Green,YO-M-CT-7C-M-G,7 Chakras Yoga Mats,Green / Moderate,YO-M-CT-7C-M-G
7 Chakras Yoga Mats,Moderate / Orange,YO-M-CT-7C-M-O,7 Chakras Yoga Mats,Orange / Moderate,YO-M-CT-7C-M-O
7 Chakras Yoga Mats,Moderate / Blue,YO-M-CT-7C-M-B,7 Chakras Yoga Mats,Blue / Moderate,YO-M-CT-7C-M-B
7 Chakras Yoga Mats,Moderate / Pink,YO-M-CT-7C-M-P,7 Chakras Yoga Mats,Pink / Moderate,YO-M-CT-7C-M-P
7 Chakras Yoga Mats,Teal/ Superior,YO-M-CT-7C-S-T,7 Chakras Yoga Mats,Teal / Superior,YO-M-CT-7C-S-T
7 Chakras Yoga Mats,Orange / Superior,YO-M-CT-7C-S-O,7 Chakras Yoga Mats,Orange / Superior,YO-M-CT-7C-S-O
7 Chakras Yoga Mats,Yellow / Superior,YO-M-CT-7C-S-Y,7 Chakras Yoga Mats,Yellow / Superior,YO-M-CT-7C-S-Y
7 Chakras Yoga Mats,Pink / Superior,YO-M-CT-7C-S-P,7 Chakras Yoga Mats,Pink / Superior,YO-M-CT-7C-S-P
Plain Yoga Mats,Moderate / Green,YO-M-CT-M-G,Plain Yoga Mats,Green / Moderate,YO-M-CT-M-G
Plain Yoga Mats,Moderate / Orange,YO-M-CT-M-O,Plain Yoga Mats,Orange / Moderate,YO-M-CT-M-O
Plain Yoga Mats,Moderate / Blue,YO-M-CT-M-B,Plain Yoga Mats,Blue / Moderate,YO-M-CT-M-B
Plain Yoga Mats,Moderate / Pink,YO-M-CT-M-P,Plain Yoga Mats,Pink / Moderate,YO-M-CT-M-P
Plain Yoga Mats,Teal / Superior,YO-M-CT-S-T,Plain Yoga Mats,Superior / Teal,YO-M-CT-S-T
Plain Yoga Mats,Orange / Superior,YO-M-CT-S-O,Plain Yoga Mats,Superior / Orange,YO-M-CT-S-O
Plain Yoga Mats,Yellow / Superior,YO-M-CT-S-Y,Plain Yoga Mats,Superior / Yellow,YO-M-CT-S-Y
Plain Yoga Mats,Pink / Superior,YO-M-CT-S-P,Plain Yoga Mats,Superior / Pink,YO-M-CT-S-P
Yoga Mats-Lotus,Moderate / Green,YO-M-CT-L-M-G,Yoga Mats-Lotus,Moderate / Green,YO-M-CT-L-M-G
Yoga Mats-Lotus,Moderate / Orange,YO-M-CT-L-M-O,Yoga Mats-Lotus,Moderate / Orange,YO-M-CT-L-M-O
Yoga Mats-Lotus,Moderate / Blue,YO-M-CT-L-M-B,Yoga Mats-Lotus,Moderate / Blue,YO-M-CT-L-M-B
Yoga Mats-Lotus,Moderate / Pink,YO-M-CT-L-M-P,Yoga Mats-Lotus,Moderate / Pink,YO-M-CT-L-M-P
Yoga Mats-Lotus,Teal / Superior,YO-M-CT-L-S-T,Yoga Mats-Lotus,Teal / Superior,YO-M-CT-L-S-T
Yoga Mats-Lotus,Orange / Superior,YO-M-CT-L-S-O,Yoga Mats-Lotus,Orange / Superior,YO-M-CT-L-S-O
Yoga Mats-Lotus,Yellow / Superior,YO-M-CT-L-S-Y,Yoga Mats-Lotus,Yellow / Superior,YO-M-CT-L-S-Y
Yoga Mats-Lotus,Pink / Superior,YO-M-CT-L-S-P,Yoga Mats-Lotus,Pink / Superior,YO-M-CT-L-S-P
Macrame Yoga Mat Straps,Green,YO-MMS-G,Macrame Yoga Mat Straps,Green,YO-MMS-G
Macrame Yoga Mat Straps,Brown,YO-MMS-BR,Macrame Yoga Mat Straps,Brown,YO-MMS-BR
Macrame Yoga Mat Straps,Dark Grey,YO-MMS-DG,Macrame Yoga Mat Straps,Dark Grey,YO-MMS-DG
Macrame Yoga Mat Straps,Navy Blue,YO-MMS-NB,Macrame Yoga Mat Straps,Navy Blue,YO-MMS-NB
Macrame Yoga Mat Straps,Rose,YO-MMS-R,Macrame Yoga Mat Straps,Rose,YO-MMS-R
Macrame Yoga Mat Straps,Rouge Pink,YO-MMS-RP,Macrame Yoga Mat Straps,Rouge Pink,YO-MMS-RP
Macrame Yoga Mat Straps,Sage,YO-MMS-S,Macrame Yoga Mat Straps,Sage,YO-MMS-S
Round Yoga Bolster,Dark Grey,YO-BR-RD-DG,Round Yoga Bolster,Dark Grey,YO-BR-RD-DG
Round Yoga Bolster,Grey,YO-BR-RD-GY,Round Yoga Bolster,Grey,YO-BR-RD-GY
Round Yoga Bolster,Maroon,YO-BR-RD-M,Round Yoga Bolster,Maroon,YO-BR-RD-M
Round Yoga Bolster,Navy Blue,YO-BR-RD-NB,Round Yoga Bolster,Navy Blue,YO-BR-RD-NB
Round Yoga Bolster,Orange,YO-BR-RD-O,Round Yoga Bolster,Orange,YO-BR-RD-O
Round Yoga Bolster,Rose,YO-BR-RD-R,Round Yoga Bolster,Rose,YO-BR-RD-R
Round Yoga Bolster,sage,YO-BR-RD-S,Round Yoga Bolster,Sage,YO-BR-RD-S
Rectangular Yoga Bolster,Dark Grey,YO-BR-RT-DG,Rectangular Yoga Bolster,Dark Grey,YO-BR-RT-DG
Rectangular Yoga Bolster,Grey,YO-BR-RT-GY,Rectangular Yoga Bolster,Grey,YO-BR-RT-GY
Rectangular Yoga Bolster,Maroon,YO-BR-RT-M,Rectangular Yoga Bolster,Maroon,YO-BR-RT-M
Rectangular Yoga Bolster,Navy Blue,YO-BR-RT-NB,Rectangular Yoga Bolster,Navy Blue,YO-BR-RT-NB
Rectangular Yoga Bolster,Rose,YO-BR-RT-R,Rectangular Yoga Bolster,Rose,YO-BR-RT-R
Rectangular Yoga Bolster,Rouge Pink,YO-BR-RT-RP,Rectangular Yoga Bolster,Rouge Pink,YO-BR-RT-RP
Eye Shaped - Eye Pillows,Rose,YO-EP-R,Eye Shaped - Eye Pillows,Rose,YO-EP-R
Eye Shaped - Eye Pillows,Dark Grey,YO-EP-DG,Eye Shaped - Eye Pillows,Dark Grey,YO-EP-DG
Eye Shaped - Eye Pillows,Grey,YO-EP-GY,Eye Shaped - Eye Pillows,Grey,YO-EP-GY
Eye Shaped - Eye Pillows,Navy Blue,YO-EP-NB,Eye Shaped - Eye Pillows,Navy Blue,YO-EP-NB
Eye Shaped - Eye Pillows,Sage,YO-EP-S,Eye Shaped - Eye Pillows,Sage,YO-EP-S
Yoga Belt/Strap,Sky Blue,YO-BL-SB,Yoga Belt/Strap,Sky Blue,YO-BL-SB
Yoga Belt/Strap,Beige,YO-BL-BE,Yoga Belt/Strap,Beige,YO-BL-BE
Yoga Belt/Strap,Green,YO-BL-G,Yoga Belt/Strap,Green,YO-BL-G
Yoga Belt/Strap,Navy Blue,YO-BL-NB,Yoga Belt/Strap,Navy Blue,YO-BL-NB
Yoga Belt/Strap,Rose,YO-BL-R,Yoga Belt/Strap,Rose,YO-BL-R
Yoga Blanket,Magenta,YO-BT-MG,Yoga Blanket,Magenta,YO-BT-MG
Yoga Blanket,Brown,YO-BT-BR,Yoga Blanket,Brown,YO-BT-BR
Yoga Blanket,Natural White,YO-BT-W,Yoga Blanket,Natural White,YO-BT-W
Zafu Meditation Cushion - Plain,Dark Grey,ME-Z-DG,Zafu Meditation Cushion - Plain,Dark Grey,ME-Z-DG
Zafu Meditation Cushion - Plain,Navy Blue,ME-Z-NB,Zafu Meditation Cushion - Plain,Navy Blue,ME-Z-NB
Zafu Meditation Cushion - Plain,Orange,ME-Z-O,Zafu Meditation Cushion - Plain,Orange,ME-Z-O
Zafu Meditation Cushion - Plain,Rose,ME-Z-R,Zafu Meditation Cushion - Plain,Rose,ME-Z-R
Zafu Meditation Cushion - Plain,Sage,ME-Z-S,Zafu Meditation Cushion - Plain,Sage,ME-Z-S
Zafu Meditation Cushion - Plain,Light Grey,ME-Z-LG,Zafu Meditation Cushion - Plain,Light Grey,ME-Z-LG
Zafu Meditation Cushion - Plain,Lavender,ME-Z-LR,Zafu Meditation Cushion - Plain,Lavender,ME-Z-LR
Zafu Meditation Cushion - Plain,Misty Blue,ME-Z-MB,Zafu Meditation Cushion - Plain,Misty Blue,ME-Z-MB
Zafu Meditation Cushion - Plain,Magenta,ME-Z-MG,Zafu Meditation Cushion - Plain,Magenta,ME-Z-MG
Zafu Meditation Cushion - Lotus Embroidery,Rose,ME-Z-EM-L-R,Zafu Meditation Cushion - Lotus Embroidery,Rose,ME-Z-EM-L-R
Zafu Meditation Cushion - Lotus Embroidery,Light Grey,ME-Z-EM-L-LG,Zafu Meditation Cushion - Lotus Embroidery,Light Grey,ME-Z-EM-L-LG
Zafu Meditation Cushion - Lotus Embroidery,Lavender,ME-Z-EM-L-LV,Zafu Meditation Cushion - Lotus Embroidery,Lavender,ME-Z-EM-L-LV
Zafu Meditation Cushion - Lotus Embroidery,Misty Blue,ME-Z-EM-L-MB,Zafu Meditation Cushion - Lotus Embroidery,Misty Blue,ME-Z-EM-L-MB
Zafu Meditation Cushion - Lotus Embroidery,Sage,ME-Z-EM-L-S,Zafu Meditation Cushion - Lotus Embroidery,Sage,ME-Z-EM-L-S
Zabuton Cushion,Navy Blue,ME-Zn-NB,Zabuton Cushion,Navy Blue,ME-Zn-NB
Zabuton Cushion,Grey,ME-Zn-GY,Zabuton Cushion,Grey,ME-Zn-GY
Zabuton Cushion,Light Grey,ME-Zn-LG,Zabuton Cushion,Light Grey,ME-Zn-LG
Zabuton Cushion,Lavender,ME-Zn-LV,Zabuton Cushion,Lavender,ME-Zn-LV
Zabuton Cushion,Misty Blue,ME-Zn-MB,Zabuton Cushion,Misty Blue,ME-Zn-MB
Zafu & Zabuton Combo - Plain,Light Grey,ME-Z-Zn-LG,Zafu & Zabuton Combo - Plain,Light Grey,ME-Z-Zn-LG
Zafu & Zabuton Combo - Plain,Lavender,ME-Z-Zn-LV,Zafu & Zabuton Combo - Plain,Lavender,ME-Z-Zn-LV
Zafu & Zabuton Combo - Plain,Misty Blue,ME-Z-Zn-MB,Zafu & Zabuton Combo - Plain,Misty Blue,ME-Z-Zn-MB
Zafu & Zabuton Combo - Plain,Navy Blue,ME-Z-Zn-NB,Zafu & Zabuton Combo - Plain,Navy Blue,ME-Z-Zn-NB
Zafu & Zabuton Combo - Lotus Embroidery,Light Grey,ME-Z-Zn-EM-L-LG,Zafu & Zabuton Combo - Lotus Embroidery,Light Grey,ME-Z-Zn-EM-L-LG
Zafu & Zabuton Combo - Lotus Embroidery,Lavender,ME-Z-Zn-EM-L-LV,Zafu & Zabuton Combo - Lotus Embroidery,Lavender,ME-Z-Zn-EM-L-LV
Zafu & Zabuton Combo - Lotus Embroidery,Misty Blue,ME-Z-Zn-EM-L-MB,Zafu & Zabuton Combo - Lotus Embroidery,Misty Blue,ME-Z-Zn-EM-L-MB
Hi-Zafu Meditation Cushion - Embroidered with Lotus,Sage,ME-HZ-EM-L-S,Hi-Zafu Meditation Cushion - Embroidered with Lotus,Sage,ME-HZ-EM-L-S
Hi-Zafu Meditation Cushion - Embroidered with Lotus,Lavender,ME-HZ-EM-L-LV,Hi-Zafu Meditation Cushion - Embroidered with Lotus,Lavender,ME-HZ-EM-L-LV
Hi-Zafu Meditation Cushion - Embroidered with Lotus,Light Grey,ME-HZ-EM-L-LG,Hi-Zafu Meditation Cushion - Embroidered with Lotus,Light Grey,ME-HZ-EM-L-LG
Hi-Zafu Meditation Cushion - Embroidered with Lotus,Misty Blue,ME-HZ-EM-L-MB,Hi-Zafu Meditation Cushion - Embroidered with Lotus,Misty Blue,ME-HZ-EM-L-MB
Hi-Zafu Meditation Cushion - Embroidered with Lotus,Rose,ME-HZ-EM-L-R,Hi-Zafu Meditation Cushion - Embroidered with Lotus,Rose,ME-HZ-EM-L-R
Hi-Zafu Meditation Cushion - Filled with Buckwheat,Royal Blue,ME-HZ-RB,Hi-Zafu Meditation Cushion - Filled with Buckwheat,Royal Blue,ME-HZ-RB
Hi-Zafu Meditation Cushion - Filled with Buckwheat,Dark Grey,ME-HZ-DG,Hi-Zafu Meditation Cushion - Filled with Buckwheat,Dark Grey,ME-HZ-DG
Hi-Zafu Meditation Cushion - Filled with Buckwheat,Grey,ME-HZ-GY,Hi-Zafu Meditation Cushion - Filled with Buckwheat,Grey,ME-HZ-GY
Hi-Zafu Meditation Cushion - Filled with Buckwheat,Ivory,ME-HZ-I,Hi-Zafu Meditation Cushion - Filled with Buckwheat,Ivory,ME-HZ-I
Hi-Zafu Meditation Cushion - Filled with Buckwheat,Light Grey,ME-HZ-LG,Hi-Zafu Meditation Cushion - Filled with Buckwheat,Light Grey,ME-HZ-LG
Hi-Zafu Meditation Cushion - Filled with Buckwheat,Lavender,ME-HZ-LV,Hi-Zafu Meditation Cushion - Filled with Buckwheat,Lavender,ME-HZ-LV
Hi-Zafu Meditation Cushion - Filled with Buckwheat,Maroon,ME-HZ-M,Hi-Zafu Meditation Cushion - Filled with Buckwheat,Maroon,ME-HZ-M
Hi-Zafu Meditation Cushion - Filled with Buckwheat,Misty Blue,ME-HZ-MB,Hi-Zafu Meditation Cushion - Filled with Buckwheat,Misty Blue,ME-HZ-MB
Hi-Zafu Meditation Cushion - Filled with Buckwheat,Navy Blue,ME-HZ-NB,Hi-Zafu Meditation Cushion - Filled with Buckwheat,Navy Blue,ME-HZ-NB
Hi-Zafu Meditation Cushion - Filled with Buckwheat,Rose,ME-HZ-R,Hi-Zafu Meditation Cushion - Filled with Buckwheat,Rose,ME-HZ-R
Hi-Zafu Meditation Cushion - Filled with Buckwheat,Red,ME-HZ-RD,Hi-Zafu Meditation Cushion - Filled with Buckwheat,Red,ME-HZ-RD
Hi-Zafu Meditation Cushion - Filled with Buckwheat,Sage,ME-HZ-S,Hi-Zafu Meditation Cushion - Filled with Buckwheat,Sage,ME-HZ-S
Crescent Zafu Cushion - Compact -Buck wheat,Dark Grey,ME-CZ-C-DG,Crescent Zafu Cushion - Compact -Buck wheat,Dark Grey,ME-CZ-C-DG
Crescent Zafu Cushion - Compact -Buck wheat,Misty Blue,ME-CZ-C-MB,Crescent Zafu Cushion - Compact -Buck wheat,Misty Blue,ME-CZ-C-MB
Crescent Zafu Cushion - Compact -Buck wheat,Lavender,ME-CZ-C-LV,Crescent Zafu Cushion - Compact -Buck wheat,Lavender,ME-CZ-C-LV
Crescent Zafu Cushion - Compact -Buck wheat,Sage,ME-CZ-C-S,Crescent Zafu Cushion - Compact -Buck wheat,Sage,ME-CZ-C-S
Crescent Zafu Cushion - Compact -Buck wheat,Rose,ME-CZ-C-R,Crescent Zafu Cushion - Compact -Buck wheat,Rose,ME-CZ-C-R
Crescent Zafu Cushion - Wide -Cotton,Rouge Pink,ME-CZ-W-RP,Crescent Zafu Cushion - Wide -Cotton,Rouge Pink / Rouge Pink,ME-CZ-W-RP
Crescent Zafu Cushion - Wide -Cotton,Lavender,ME-CZ-W-LV,Crescent Zafu Cushion - Wide -Cotton,Lavender / Lavender,ME-CZ-W-LV
Crescent Zafu Cushion - Wide -Cotton,Misty Blue,ME-CZ-W-MB,Crescent Zafu Cushion - Wide -Cotton,Misty Blue / Misty Blue,ME-CZ-W-MB
Zen Meditation Bench,Small,ME-ZMB-S,Zen Meditation Bench,Small,ME-ZMB-S
Zen Meditation Bench,Medium,ME-ZMB-M,Zen Meditation Bench,Medium,ME-ZMB-M
Zen Meditation Bench,Large,ME-ZMB-L,Zen Meditation Bench,Large,ME-ZMB-L
11 Note Tongue Drum,6 inches / White,MI-TD-11N-W-6,11 Note Tongue Drum,White / 6 inches,MI-TD-11N-W-6
11 Note Tongue Drum,6 inches / Blue,MI-TD-11N-B-6,11 Note Tongue Drum,Blue / 6 inches,MI-TD-11N-B-6
11 Note Tongue Drum,8 inches / White,MI-TD-11N-W-8,11 Note Tongue Drum,White / 8 inches,MI-TD-11N-W-8
11 Note Tongue Drum,8 inches / Blue,MI-TD-11N-B-8,11 Note Tongue Drum,Blue / 8 inches,MI-TD-11N-B-8
11 Note Tongue Drum,10 inches / White,MI-TD-11N-W-10,11 Note Tongue Drum,White / 10 inches,MI-TD-11N-W-10
11 Note Tongue Drum,10 inches / Blue,MI-TD-11N-B-10,11 Note Tongue Drum,Blue / 10 inches,MI-TD-11N-B-10
11 Note Tongue Drum,12 inches / White,MI-TD-11N-W-12,11 Note Tongue Drum,White / 12 inches,MI-TD-11N-W-12
11 Note Tongue Drum,12 inches / Blue,MI-TD-11N-B-12,11 Note Tongue Drum,Blue / 12 inches,MI-TD-11N-B-12
Handpan,D Celtic Minor 9,MI-HP-DC-9,Handpan,D Celtic Minor 9,MI-HP-DC-9
Handpan,D Kurd 10,MI-HP-DK-10,Handpan,D Kurd 10,MI-HP-DK-10
Handpan Stand,,MI-HP-S,Handpan Stand,,MI-HP-S
8 Keys Metallophone,1 inch,MI-XY-MT-8-1,8 Keys Metallophone,1 inch,MI-XY-MT-8-1
8 Keys Metallophone,1.5 inch,MI-XY-MT-8-1.5,8 Keys Metallophone,1.5 inch,MI-XY-MT-8-1.5
8 Keys Wooden Xylophone,,MI-XY-W-8,8 Keys Wooden Xylophone,,MI-XY-W-8
Teak Wood - Stainless Steel Xylophone,8 Keys,MI-XY-TW-8,Teak Wood - Stainless Steel Xylophone,8 Keys,MI-XY-TW-8
Teak Wood - Stainless Steel Xylophone,15 Keys,MI-XY-TW-15,Teak Wood - Stainless Steel Xylophone,15 Keys,MI-XY-TW-15
Bird Flute,Brown / Single,MI-BF-BN-S,Bird Flute,Brown / Single,MI-BF-BN-S
Bird Flute,Brown / Pair,MI-BF-BN-P,Bird Flute,Brown / Pair,MI-BF-BN-P
7-Key Kalimba Made from Coconut Shell,Plain Etched,MI-KCS-PE,7-Key Kalimba Made from Coconut Shell,Plain Etched,MI-KCS-PE
7-Key Kalimba Made from Coconut Shell,Dot Painted,MI-KCS-DP,7-Key Kalimba Made from Coconut Shell,Dot Painted,MI-KCS-DP
Asalato / Kashaka Shaker,Plain / Single,MI-AS,Asalato / Kashaka Shaker,Single / Plain,MI-AS
Asalato / Kashaka Shaker,Plain / Pair,MI-AS-2,Asalato / Kashaka Shaker,Pair / Plain,MI-AS-2
Asalato / Kashaka Shaker,Painted / Single,MI-AS-P,Asalato / Kashaka Shaker,Single / Painted,MI-AS-P
Asalato / Kashaka Shaker,Painted / Pair,MI-AS-P-2,Asalato / Kashaka Shaker,Pair / Painted,MI-AS-P-2
Bamboo Castanet,Standard,MI-CN,Bamboo Castanet,Standard,MI-CN
Bamboo Rainstick Wide-80cm,Wide 80cm,MI-RS-W-80,Bamboo Rainstick Wide-80cm,Wide 80cm,MI-RS-W-80
Caxixi,Standard,MI-CX,Caxixi,Standard,MI-CX
Coconut Maracas Shakers,Plain,MI-CMS,Coconut Maracas Shakers,Plain,MI-CMS
Coconut Maracas Shakers,Dot Painted,MI-CMS-DP,Coconut Maracas Shakers,Dot Painted,MI-CMS-DP
Wooden Maracas Shakers | Plain & Dot Painted,Plain,MI-WMS,Wooden Maracas Shakers | Plain & Dot Painted,Plain,MI-WMS
Wooden Maracas Shakers | Plain & Dot Painted,Dot Painted,MI-WMS-DP,Wooden Maracas Shakers | Plain & Dot Painted,Dot Painted,MI-WMS-DP
Egg Shaker with Handle,,MI-ES-H,Egg Shaker with Handle,,MI-ES-H
Painted Egg Shakers,,MI-ES,Painted Egg Shakers,,MI-ES
Handheld Natural Coconut Shaker,,MI-CS-HH,Handheld Natural Coconut Shaker,,MI-CS-HH
Mini Coconut Shakers - 3 Types,Round Shaped,MI-CS-RS,Mini Coconut Shakers - 3 Types,Round Shaped,MI-CS-RS
Mini Coconut Shakers - 3 Types,Square Shaped,MI-CS-SS,Mini Coconut Shakers - 3 Types,Square Shaped,MI-CS-SS
Mini Coconut Shakers - 3 Types,Eye Shaped,MI-CS-ES,Mini Coconut Shakers - 3 Types,Eye Shaped,MI-CS-ES
Mini Coconut Shakers - 3 Types,Set of 3,MI-CS-SET3,Mini Coconut Shakers - 3 Types,Set of 3,MI-CS-SET3
Dumru/Dumroo,Plain,MI-DM,Dumru/Dumroo,Plain,MI-DM
Dumru/Dumroo,Dot Painted,MI-DM-DP,Dumru/Dumroo,Dot Painted,MI-DM-DP
Spin/Twist Drum or Den Den Daiko,Large 3.5 in,MI-SD-L,Spin/Twist Drum or Den Den Daiko,Large 3.5 in,MI-SD-L
Spin/Twist Drum or Den Den Daiko,Small 3 in,MI-SD-S,Spin/Twist Drum or Den Den Daiko,Small 3 in,MI-SD-S
Wooden Tambourines,Half-Moon,MI-WTM-HM,Wooden Tambourines,Half-Moon,MI-WTM-HM
Wooden Tambourines,Circular,MI-WTM-C,Wooden Tambourines,Circular,MI-WTM-C
Djembe Drums,8in / Ivory,MI-DJB-I-8,Djembe Drums,Ivory / 8in,MI-DJB-I-8
Djembe Drums,8in / Mahogany,MI-DJB-M-8,Djembe Drums,Mahogany / 8in,MI-DJB-M-8
Djembe Drums,10in / Ivory,MI-DJB-I-10,Djembe Drums,Ivory / 10in,MI-DJB-I-10
Djembe Drums,10in / Mahogany,MI-DJB-M-10,Djembe Drums,Mahogany / 10in,MI-DJB-M-10
Djembe Drums,12in / Ivory,MI-DJB-I-12,Djembe Drums,Ivory / 12in,MI-DJB-I-12
Djembe Drums,12in / Mahogany,MI-DJB-M-12,Djembe Drums,Mahogany / 12in,MI-DJB-M-12
Djembe Drums,14in / Ivory,MI-DJB-I-14,Djembe Drums,Ivory / 14in,MI-DJB-I-14
Djembe Drums,14in / Mahogany,MI-DJB-M-14,Djembe Drums,Mahogany / 14in,MI-DJB-M-14
Thunder Tube - Basic Edition,20cms /Small,MI-TT-S,Thunder Tube - Basic Edition,20cms /Small,MI-TT-S
Thunder Tube - Basic Edition,25cms /Medium,MI-TT-M,Thunder Tube - Basic Edition,25cms /Medium,MI-TT-M
Thunder Tube - Basic Edition,30cms /Large,MI-TT-L,Thunder Tube - Basic Edition,30cms /Large,MI-TT-L
Coconut Rattle,,MI-CR,Coconut Rattle,,MI-CR
Pangi Seed Shell Rattle,Standard,MI-PS,Pangi Seed Shell Rattle,Standard,MI-PS
Kenari Shaker,Standard,MI-KR-S,Kenari Shaker,Standard,MI-KR-S
Kenari Bracelet,Standard,MI-KR-BT,Kenari Bracelet,Standard,MI-KR-BT
Kenari Chimes,Small,MI-KR-C-S,Kenari Chimes,Small,MI-KR-C-S
Kenari Chimes,Large,MI-KR-C-L,Kenari Chimes,Large,MI-KR-C-L
Bendo Shaker,Small,MI-BE-S,Bendo Shaker,Small,MI-BE-S
Bendo Shaker,Large,MI-BE-L,Bendo Shaker,Large,MI-BE-L
Bendo Chimes,Standard,MI-BE-CH,Bendo Chimes,Standard,MI-BE-CH
Wooden Frog,Standard,MI-WF,Wooden Frog,Standard,MI-WF
Ocean Drums,Plain / 30 cms,MI-OD-P-30,Ocean Drums,30 cms / Plain,MI-OD-P-30
Ocean Drums,Plain / 35 cms,MI-OD-P-35,Ocean Drums,35 cms / Plain,MI-OD-P-35
Ocean Drums,Plain / 40 cms,MI-OD-P-40,Ocean Drums,40 cms / Plain,MI-OD-P-40
Ocean Drums,Dream Catcher / 30 cms,MI-OD-D-30,Ocean Drums,30 cms / Dream Catcher,MI-OD-D-30
Ocean Drums,Dream Catcher / 35 cms,MI-OD-D-35,Ocean Drums,35 cms / Dream Catcher,MI-OD-D-35
Ocean Drums,Dream Catcher / 40cm,MI-OD-D-40,Ocean Drums,40cm / Dream Catcher,MI-OD-D-40
Ocean Drums,Flower of Life / 30 cms,MI-OD-F-30,Ocean Drums,30 cms / Flower of Life,MI-OD-F-30
Ocean Drums,Flower of Life / 35 cms,MI-OD-F-35,Ocean Drums,35 cms / Flower of Life,MI-OD-F-35
Ocean Drums,Flower of Life / 40cm,MI-OD-F-40,Ocean Drums,40cm / Flower of Life,MI-OD-F-40
Shamanic Drum,Plain / 30 cms,MI-SD-P-30,Shamanic Drum,30 cms / Plain,MI-SD-P-30
Shamanic Drum,Plain / 40 cms,MI-SD-P-40,Shamanic Drum,40 cms / Plain,MI-SD-P-40
Shamanic Drum,Plain / 45 cms,MI-SD-P-45,Shamanic Drum,45 cms / Plain,MI-SD-P-45
Shamanic Drum,Butterfly / 30 cms,MI-SD-B-30,Shamanic Drum,30 cms / Butterfly,MI-SD-B-30
Shamanic Drum,Butterfly / 40 cms,MI-SD-B-40,Shamanic Drum,40 cms / Butterfly,MI-SD-B-40
Shamanic Drum,Butterfly / 45 cms,MI-SD-B-45,Shamanic Drum,45 cms / Butterfly,MI-SD-B-45
Shamanic Drum,Tree of Life / 30 cms,MI-SD-T-30,Shamanic Drum,30 cms / Tree of Life,MI-SD-T-30
Shamanic Drum,Tree of Life / 40cm,MI-SD-T-40,Shamanic Drum,40cm / Tree of Life,MI-SD-T-40
Shamanic Drum,Tree of Life / 45cm,MI-SD-T-45,Shamanic Drum,45cm / Tree of Life,MI-SD-T-45
Shamanic Drum/Ocean Drum Bags,Small,MI-BG-SD-S,Shamanic Drum/Ocean Drum Bags,Small,MI-BG-SD-S
Shamanic Drum/Ocean Drum Bags,Medium,MI-BG-SD-M,Shamanic Drum/Ocean Drum Bags,Medium,MI-BG-SD-M
Shamanic Drum/Ocean Drum Bags,Large,MI-BG-SD-L,Shamanic Drum/Ocean Drum Bags,Large,MI-BG-SD-L
Crystal Bowls - Frosted white,6 in,MI-CB-W-6,Crystal Bowls - Frosted white,6 in,MI-CB-W-6
Crystal Bowls - Frosted white,7 in,MI-CB-W-7,Crystal Bowls - Frosted white,7 in,MI-CB-W-7
Crystal Bowls - Frosted white,8 in,MI-CB-W-8,Crystal Bowls - Frosted white,8 in,MI-CB-W-8
Crystal Bowls - Frosted white,9 in,MI-CB-W-9,Crystal Bowls - Frosted white,9 in,MI-CB-W-9
Crystal Bowls - Frosted white,10 in,MI-CB-W-10,Crystal Bowls - Frosted white,10 in,MI-CB-W-10
Crystal Bowls - Frosted white,11 in,MI-CB-W-11,Crystal Bowls - Frosted white,11 in,MI-CB-W-11
Crystal Bowls - Frosted white,12 in,MI-CB-W-12,Crystal Bowls - Frosted white,12 in,MI-CB-W-12
Crystal Bowls - Frosted white,13 in,MI-CB-W-13,Crystal Bowls - Frosted white,13 in,MI-CB-W-13
Crystal Bowls - Frosted white,14 in,MI-CB-W-14,Crystal Bowls - Frosted white,14 in,MI-CB-W-14
Crystal Bowls - Set of 7,6-12-in-set / Frosted White,MI-CB-W-6-12,Crystal Bowls - Set of 7,Frosted White / 6-12-in-set,MI-CB-W-6-12
Crystal Bowls - Set of 7,6-12-in-set / Coloured,MI-CB-CL-6-12,Crystal Bowls - Set of 7,Coloured / 6-12-in-set,MI-CB-CL-6-12
Crystal Bowls - Set of 7,8-14-in-set / Frosted White,MI-CB-W-8-14,Crystal Bowls - Set of 7,Frosted White / 8-14-in-set,MI-CB-W-8-14
Crystal Bowls - Set of 7,8-14-in-set / Coloured,MI-CB-CL-8-14,Crystal Bowls - Set of 7,Coloured / 8-14-in-set,MI-CB-CL-8-14
Triad Crystal Bowl Set,CEG,MI-CB-CEG,Triad Crystal Bowl Set,CEG,MI-CB-CEG
Triad Crystal Bowl Set,DFA,MI-CB-DFA,Triad Crystal Bowl Set,DFA,MI-CB-DFA
Triad Crystal Bowl Set,EGB,MI-CB-EGB,Triad Crystal Bowl Set,EGB,MI-CB-EGB
Crystal Bowl Bag,Small,MI-BG-CB-S,Crystal Bowl Bag,Small,MI-BG-CB-S
Crystal Bowl Bag,Medium,MI-BG-CB-M,Crystal Bowl Bag,Medium,MI-BG-CB-M
Crystal Bowl Bag,Large,MI-BG-CB-L,Crystal Bowl Bag,Large,MI-BG-CB-L
Crystal Bowl with Handle,,MI-CB-H,Crystal Bowl with Handle,,MI-CB-H
Crystal Pyramid,6 in,MI-CP-6,Crystal Pyramid,6 in,MI-CP-6
Crystal Pyramid,8 in,MI-CP-8,Crystal Pyramid,8 in,MI-CP-8
Gong Plates/Shruti Plates -Plain,B Plate,MI-GP-B,Gong Plates/Shruti Plates -Plain,B Plate,MI-GP-B
Gong Plates/Shruti Plates -Plain,A Plate,MI-GP-A,Gong Plates/Shruti Plates -Plain,A Plate,MI-GP-A
Gong Plates/Shruti Plates -Plain,G Plate,MI-GP-G,Gong Plates/Shruti Plates -Plain,G Plate,MI-GP-G
Gong Plates/Shruti Plates -Plain,F Plate,MI-GP-F,Gong Plates/Shruti Plates -Plain,F Plate,MI-GP-F
Gong Plates/Shruti Plates -Plain,E Plate,MI-GP-E,Gong Plates/Shruti Plates -Plain,E Plate,MI-GP-E
Gong Plates/Shruti Plates -Plain,D Plate,MI-GP-D,Gong Plates/Shruti Plates -Plain,D Plate,MI-GP-D
Gong Plates/Shruti Plates -Plain,C Plate,MI-GP-C,Gong Plates/Shruti Plates -Plain,C Plate,MI-GP-C
Gong Plates/Shruti Plates -Plain,Full Set,MI-GP-SET7,Gong Plates/Shruti Plates -Plain,Full Set,MI-GP-SET7
Gong Plates/Shruti Plates Stand,Set Stand,MI-GP-ST,Gong Plates/Shruti Plates Stand,Set Stand,MI-GP-ST
Chau Gongs,18 in,MI-GO-CH-18,Chau Gongs,18 in,MI-GO-CH-18
Chau Gongs,20 in,MI-GO-CH-20,Chau Gongs,20 in,MI-GO-CH-20
Chau Gongs,22 in,MI-GO-CH-22,Chau Gongs,22 in,MI-GO-CH-22
Chau Gongs,24 in,MI-GO-CH-24,Chau Gongs,24 in,MI-GO-CH-24
Chau Gongs,28 in,MI-GO-CH-28,Chau Gongs,28 in,MI-GO-CH-28
Chau Gongs,32 in,MI-GO-CH-32,Chau Gongs,32 in,MI-GO-CH-32
Chau Gongs,36 in,MI-GO-CH-36,Chau Gongs,36 in,MI-GO-CH-36
Wind Gong - Plain,14 INCh,MI-GO-WI-14,Wind Gong - Plain,14 INCh,MI-GO-WI-14
Wind Gong - Plain,16INCH,MI-GO-WI-16,Wind Gong - Plain,16INCH,MI-GO-WI-16
Wind Gong - Plain,18INCH,MI-GO-WI-18,Wind Gong - Plain,18INCH,MI-GO-WI-18
Wind Gong - Plain,20INCH,MI-GO-WI-20,Wind Gong - Plain,20INCH,MI-GO-WI-20
Wind Gong - Plain,22INCH,MI-GO-WI-22,Wind Gong - Plain,22INCH,MI-GO-WI-22
Wind Gong - Plain,24INCH,MI-GO-WI-24,Wind Gong - Plain,24INCH,MI-GO-WI-24
Wind Gong - Plain,26INCH,MI-GO-WI-26,Wind Gong - Plain,26INCH,MI-GO-WI-26
Wind Gong - Plain,28INCH,MI-GO-WI-28,Wind Gong - Plain,28INCH,MI-GO-WI-28
Wind Gong - Etched,7 Chakras / 14 in,MI-GO-WI-ET-7C-14,Wind Gong - Etched,14 in / 7 Chakras,MI-GO-WI-ET-7C-14
Wind Gong - Etched,7 Chakras / 16 in,MI-GO-WI-ET-7C-16,Wind Gong - Etched,16 in / 7 Chakras,MI-GO-WI-ET-7C-16
Wind Gong - Etched,7 Chakras/18 in,MI-GO-WI-ET-7C-18,Wind Gong - Etched,7 Chakras / 18 In,MI-GO-WI-ET-7C-18
Wind Gong - Etched,7 Chakras / 20 in,MI-GO-WI-ET-7C-20,Wind Gong - Etched,20 in / 7 Chakras,MI-GO-WI-ET-7C-20
Wind Gong - Etched,7 Chakras / 22 in,MI-GO-WI-ET-7C-22,Wind Gong - Etched,22 in / 7 Chakras,MI-GO-WI-ET-7C-22
Wind Gong - Etched,7 Chakras / 24 in,MI-GO-WI-ET-7C-24,Wind Gong - Etched,24 in / 7 Chakras,MI-GO-WI-ET-7C-24
Wind Gong - Etched,7 Chakras / 26 in,MI-GO-WI-ET-7C-26,Wind Gong - Etched,26 in / 7 Chakras,MI-GO-WI-ET-7C-26
Wind Gong - Etched,7 Chakras / 28 in,MI-GO-WI-ET-7C-28,Wind Gong - Etched,28 in / 7 Chakras,MI-GO-WI-ET-7C-28
Wind Gong - Etched,Flower of Life / 14 in,MI-GO-WI-ET-FOL-14,Wind Gong - Etched,14 in / Flower of Life,MI-GO-WI-ET-FOL-14
Wind Gong - Etched,Flower of Life / 16 in,MI-GO-WI-ET-FOL-16,Wind Gong - Etched,16 in / Flower of Life,MI-GO-WI-ET-FOL-16
Wind Gong - Etched,Flower of Life/18 In,MI-GO-WI-ET-FOL-18,Wind Gong - Etched,Flower of Life / 18 In,MI-GO-WI-ET-FOL-18
Wind Gong - Etched,Flower of Life / 20 in,MI-GO-WI-ET-FOL-20,Wind Gong - Etched,20 in / Flower of Life,MI-GO-WI-ET-FOL-20
Wind Gong - Etched,Flower of Life / 22 in,MI-GO-WI-ET-FOL-22,Wind Gong - Etched,22 in / Flower of Life,MI-GO-WI-ET-FOL-22
Wind Gong - Etched,Flower of Life / 24 in,MI-GO-WI-ET-FOL-24,Wind Gong - Etched,24 in / Flower of Life,MI-GO-WI-ET-FOL-24
Wind Gong - Etched,Flower of Life / 26 in,MI-GO-WI-ET-FOL-26,Wind Gong - Etched,26 in / Flower of Life,MI-GO-WI-ET-FOL-26
Wind Gong - Etched,Flower of Life / 28 in,MI-GO-WI-ET-FOL-28,Wind Gong - Etched,28 in / Flower of Life,MI-GO-WI-ET-FOL-28
Wind Gong - Etched,Om / 14in,MI-GO-WI-ET-OM-14,Wind Gong - Etched,Om / 14in,MI-GO-WI-ET-OM-14
Wind Gong - Etched,Om / 16in,MI-GO-WI-ET-OM-16,Wind Gong - Etched,Om / 16in,MI-GO-WI-ET-OM-16
Wind Gong - Etched,Om / 18 in,MI-GO-WI-ET-OM-18,Wind Gong - Etched,Om / 18 In,MI-GO-WI-ET-OM-18
Wind Gong - Etched,Om / 20in,MI-GO-WI-ET-OM-20,Wind Gong - Etched,Om / 20in,MI-GO-WI-ET-OM-20
Wind Gong - Etched,Om / 22in,MI-GO-WI-ET-OM-22,Wind Gong - Etched,Om / 22in,MI-GO-WI-ET-OM-22
Wind Gong - Etched,Om / 24in,MI-GO-WI-ET-OM-24,Wind Gong - Etched,Om / 24in,MI-GO-WI-ET-OM-24
Wind Gong - Etched,Om / 26in,MI-GO-WI-ET-OM-26,Wind Gong - Etched,Om / 26in,MI-GO-WI-ET-OM-26
Wind Gong - Etched,Om / 28in,MI-GO-WI-ET-OM-28,Wind Gong - Etched,Om / 28in,MI-GO-WI-ET-OM-28
Wind Gong - Etched,Mandala / 14 in,MI-GO-WI-ET-MD-14,Wind Gong - Etched,14 in / Mandala,MI-GO-WI-ET-MD-14
Wind Gong - Etched,Mandala / 16 in,MI-GO-WI-ET-MD-16,Wind Gong - Etched,16 in / Mandala,MI-GO-WI-ET-MD-16
Wind Gong - Etched,Mandala / 18in,MI-GO-WI-ET-MD-18,Wind Gong - Etched,Mandala / 18in,MI-GO-WI-ET-MD-18
Wind Gong - Etched,Mandala / 20 in,MI-GO-WI-ET-MD-20,Wind Gong - Etched,20 in / Mandala,MI-GO-WI-ET-MD-20
Wind Gong - Etched,Mandala / 22in,MI-GO-WI-ET-MD-22,Wind Gong - Etched,Mandala / 22in,MI-GO-WI-ET-MD-22
Wind Gong - Etched,Mandala / 24in,MI-GO-WI-ET-MD-24,Wind Gong - Etched,Mandala / 24in,MI-GO-WI-ET-MD-24
Wind Gong - Etched,Mandala / 26 in,MI-GO-WI-ET-MD-26,Wind Gong - Etched,26 in / Mandala,MI-GO-WI-ET-MD-26
Wind Gong - Etched,Mandala / 28in,MI-GO-WI-ET-MD-28,Wind Gong - Etched,Mandala / 28in,MI-GO-WI-ET-MD-28
Wind Gong - Etched,Shakti Chakra / 14 in,MI-GO-WI-ET-SC-14,Wind Gong - Etched,14 in / Shakti Chakra,MI-GO-WI-ET-SC-14
Wind Gong - Etched,Shakti Chakra / 16 in,MI-GO-WI-ET-SC-16,Wind Gong - Etched,16 in / Shakti Chakra,MI-GO-WI-ET-SC-16
Wind Gong - Etched,Shakti Chakra / 18in,MI-GO-WI-ET-SC-18,Wind Gong - Etched,Shakti Chakra / 18in,MI-GO-WI-ET-SC-18
Wind Gong - Etched,Shakti Chakra / 20 in,MI-GO-WI-ET-SC-20,Wind Gong - Etched,20 in / Shakti Chakra,MI-GO-WI-ET-SC-20
Wind Gong - Etched,Shakti Chakra / 22 in,MI-GO-WI-ET-SC-22,Wind Gong - Etched,22 in / Shakti Chakra,MI-GO-WI-ET-SC-22
Wind Gong - Etched,Shakti Chakra / 24 in,MI-GO-WI-ET-SC-24,Wind Gong - Etched,24 in / Shakti Chakra,MI-GO-WI-ET-SC-24
Wind Gong - Etched,Shakti Chakra / 26 in,MI-GO-WI-ET-SC-26,Wind Gong - Etched,26 in / Shakti Chakra,MI-GO-WI-ET-SC-26
Wind Gong - Etched,Shakti Chakra / 28 in,MI-GO-WI-ET-SC-28,Wind Gong - Etched,28 in / Shakti Chakra,MI-GO-WI-ET-SC-28
Wind Gong - Etched,Dorje / 14 in,MI-GO-WI-ET-DJ-14,Wind Gong - Etched,14 in / Dorje,MI-GO-WI-ET-DJ-14
Wind Gong - Etched,Dorje / 16 in,MI-GO-WI-ET-DJ-16,Wind Gong - Etched,16 in / Dorje,MI-GO-WI-ET-DJ-16
Wind Gong - Etched,Dorje / 18in,MI-GO-WI-ET-DJ-18,Wind Gong - Etched,Dorje / 18in,MI-GO-WI-ET-DJ-18
Wind Gong - Etched,Dorje / 20 in,MI-GO-WI-ET-DJ-20,Wind Gong - Etched,20 in / Dorje,MI-GO-WI-ET-DJ-20
Wind Gong - Etched,Dorje / 22 in,MI-GO-WI-ET-DJ-22,Wind Gong - Etched,22 in / Dorje,MI-GO-WI-ET-DJ-22
Wind Gong - Etched,Dorje / 24 in,MI-GO-WI-ET-DJ-24,Wind Gong - Etched,24 in / Dorje,MI-GO-WI-ET-DJ-24
Wind Gong - Etched,Dorje / 26 in,MI-GO-WI-ET-DJ-26,Wind Gong - Etched,26 in / Dorje,MI-GO-WI-ET-DJ-26
Wind Gong - Etched,Dorje / 28 in,MI-GO-WI-ET-DJ-28,Wind Gong - Etched,28 in / Dorje,MI-GO-WI-ET-DJ-28
Wind Gong - Etched,Tara / 14 in,MI-GO-WI-ET-TR-14,Wind Gong - Etched,14 in / Tara,MI-GO-WI-ET-TR-14
Wind Gong - Etched,Tara / 16 in,MI-GO-WI-ET-TR-16,Wind Gong - Etched,16 in / Tara,MI-GO-WI-ET-TR-16
Wind Gong - Etched,Tara / 18in,MI-GO-WI-ET-TR-18,Wind Gong - Etched,Tara / 18in,MI-GO-WI-ET-TR-18
Wind Gong - Etched,Tara / 20 in,MI-GO-WI-ET-TR-20,Wind Gong - Etched,20 in / Tara,MI-GO-WI-ET-TR-20
Wind Gong - Etched,Tara / 22 in,MI-GO-WI-ET-TR-22,Wind Gong - Etched,22 in / Tara,MI-GO-WI-ET-TR-22
Wind Gong - Etched,Tara / 24 in,MI-GO-WI-ET-TR-24,Wind Gong - Etched,24 in / Tara,MI-GO-WI-ET-TR-24
Wind Gong - Etched,Tara / 26 in,MI-GO-WI-ET-TR-26,Wind Gong - Etched,26 in / Tara,MI-GO-WI-ET-TR-26
Wind Gong - Etched,Tara / 28 in,MI-GO-WI-ET-TR-28,Wind Gong - Etched,28 in / Tara,MI-GO-WI-ET-TR-28
Wind Gong - Etched,Flower of Life-Center / 14in,MI-GO-WI-ET-FLC-14,Wind Gong - Etched,Flower of Life-Center / 14in,MI-GO-WI-ET-FLC-14
Wind Gong - Etched,Flower of Life-Center / 16in,MI-GO-WI-ET-FLC-16,Wind Gong - Etched,Flower of Life-Center / 16in,MI-GO-WI-ET-FLC-16
Wind Gong - Etched,Flower of Life-Center / 18in,MI-GO-WI-ET-FLC-18,Wind Gong - Etched,Flower of Life-Center / 18in,MI-GO-WI-ET-FLC-18
Wind Gong - Etched,Flower of Life-Center / 20 in,MI-GO-WI-ET-FLC-20,Wind Gong - Etched,20 in / Flower of Life-Center,MI-GO-WI-ET-FLC-20
Wind Gong - Etched,Flower of Life-Center / 22in,MI-GO-WI-ET-FLC-22,Wind Gong - Etched,Flower of Life-Center / 22in,MI-GO-WI-ET-FLC-22
Wind Gong - Etched,Flower of Life-Center / 24in,MI-GO-WI-ET-FLC-24,Wind Gong - Etched,Flower of Life-Center / 24in,MI-GO-WI-ET-FLC-24
Wind Gong - Etched,Flower of Life-Center / 26 in,MI-GO-WI-ET-FLC-26,Wind Gong - Etched,26 in / Flower of Life-Center,MI-GO-WI-ET-FLC-26
Wind Gong - Etched,Flower of Life-Center / 28in,MI-GO-WI-ET-FLC-28,Wind Gong - Etched,Flower of Life-Center / 28in,MI-GO-WI-ET-FLC-28
Gong Bags,Small,MI-BG-GO-S,Gong Bags,Small,MI-BG-GO-S
Gong Bags,Medium,MI-BG-GO-M,Gong Bags,Medium,MI-BG-GO-M
Gong Bags,Large,MI-BG-GO-L,Gong Bags,Large,MI-BG-GO-L
Gong Bags,Extra Large,MI-BG-GO-XL,Gong Bags,Extra Large,MI-BG-GO-XL
Gong Stand,Light / Small,MI-GO-ST-L-S,Gong Stand,Light / Small,MI-GO-ST-L-S
Gong Stand,Light / Medium,MI-GO-ST-L-M,Gong Stand,Light / Medium,MI-GO-ST-L-M
Gong Stand,Light / Large,MI-GO-ST-L-L,Gong Stand,Light / Large,MI-GO-ST-L-L
Gong Stand,Light / Extra Large,MI-GO-ST-L-XL,Gong Stand,Light / Extra Large,MI-GO-ST-L-XL
Gong Stand,Dark / Small,MI-GO-ST-D-S,Gong Stand,Dark / Small,MI-GO-ST-D-S
Gong Stand,Dark / Medium,MI-GO-ST-D-M,Gong Stand,Dark / Medium,MI-GO-ST-D-M
Gong Stand,Dark / Large,MI-GO-ST-D-L,Gong Stand,Dark / Large,MI-GO-ST-D-L
Gong Stand,Dark / Extra Large,MI-GO-ST-D-XL,Gong Stand,Dark / Extra Large,MI-GO-ST-D-XL
Etched Handmade Singing Bowls,Buddha / 6 in,MI-SB-HM-ET-B-6,Etched Handmade Singing Bowls,6 in / Buddha,MI-SB-HM-ET-B-6
Etched Handmade Singing Bowls,Buddha / 7 in,MI-SB-HM-ET-B-7,Etched Handmade Singing Bowls,7 in / Buddha,MI-SB-HM-ET-B-7
Etched Handmade Singing Bowls,Buddha / 9 in,MI-SB-HM-ET-B-9,Etched Handmade Singing Bowls,9 in / Buddha,MI-SB-HM-ET-B-9
Etched Handmade Singing Bowls,Buddha / 10 in,MI-SB-HM-ET-B-10,Etched Handmade Singing Bowls,10 in / Buddha,MI-SB-HM-ET-B-10
Etched Handmade Singing Bowls,Buddha / 11 in,MI-SB-HM-ET-B-11,Etched Handmade Singing Bowls,11 in / Buddha,MI-SB-HM-ET-B-11
Etched Handmade Singing Bowls,Buddha / 12 in,MI-SB-HM-ET-B-12,Etched Handmade Singing Bowls,12 in / Buddha,MI-SB-HM-ET-B-12
Etched Handmade Singing Bowls,Buddha / 13 in,MI-SB-HM-ET-B-13,Etched Handmade Singing Bowls,13 in / Buddha,MI-SB-HM-ET-B-13
Etched Handmade Singing Bowls,Sacred Geometry / 6 in,MI-SB-HM-ET-SG-6,Etched Handmade Singing Bowls,6 in / Sacred Geometry,MI-SB-HM-ET-SG-6
Etched Handmade Singing Bowls,Sacred Geometry / 7 in,MI-SB-HM-ET-SG-7,Etched Handmade Singing Bowls,7 in / Sacred Geometry,MI-SB-HM-ET-SG-7
Etched Handmade Singing Bowls,Sacred Geometry / 9 in,MI-SB-HM-ET-SG-9,Etched Handmade Singing Bowls,9 in / Sacred Geometry,MI-SB-HM-ET-SG-9
Etched Handmade Singing Bowls,Sacred Geometry / 10 in,MI-SB-HM-ET-SG-10,Etched Handmade Singing Bowls,10 in / Sacred Geometry,MI-SB-HM-ET-SG-10
Etched Handmade Singing Bowls,Sacred Geometry / 11 in,MI-SB-HM-ET-SG-11,Etched Handmade Singing Bowls,11 in / Sacred Geometry,MI-SB-HM-ET-SG-11
Etched Handmade Singing Bowls,Sacred Geometry / 12 in,MI-SB-HM-ET-SG-12,Etched Handmade Singing Bowls,12 in / Sacred Geometry,MI-SB-HM-ET-SG-12
Etched Handmade Singing Bowls,Sacred Geometry / 13 in,MI-SB-HM-ET-SG-13,Etched Handmade Singing Bowls,13 in / Sacred Geometry,MI-SB-HM-ET-SG-13
Etched Handmade Singing Bowls,Golden Feet / 6 in,MI-SB-HM-ET-GF-6,Etched Handmade Singing Bowls,6 in / Golden Feet,MI-SB-HM-ET-GF-6
Etched Handmade Singing Bowls,Golden Feet / 7 in,MI-SB-HM-ET-GF-7,Etched Handmade Singing Bowls,7 in / Golden Feet,MI-SB-HM-ET-GF-7
Etched Handmade Singing Bowls,Golden Feet / 9 in,MI-SB-HM-ET-GF-9,Etched Handmade Singing Bowls,9 in / Golden Feet,MI-SB-HM-ET-GF-9
Etched Handmade Singing Bowls,Golden Feet / 10 in,MI-SB-HM-ET-GF-10,Etched Handmade Singing Bowls,10 in / Golden Feet,MI-SB-HM-ET-GF-10
Etched Handmade Singing Bowls,Golden Feet / 11 in,MI-SB-HM-ET-GF-11,Etched Handmade Singing Bowls,11 in / Golden Feet,MI-SB-HM-ET-GF-11
Etched Handmade Singing Bowls,Golden Feet / 12 in,MI-SB-HM-ET-GF-12,Etched Handmade Singing Bowls,12 in / Golden Feet,MI-SB-HM-ET-GF-12
Etched Handmade Singing Bowls,Golden Feet / 13 in,MI-SB-HM-ET-GF-13,Etched Handmade Singing Bowls,13 in / Golden Feet,MI-SB-HM-ET-GF-13
Etched Handmade Singing Bowls,Buddhas Eyes / 9 in,MI-SB-HM-ET-BE-9,Etched Handmade Singing Bowls,9 in / Buddhas Eyes,MI-SB-HM-ET-BE-9
Etched Handmade Singing Bowls,Buddhas Eyes / 10 in,MI-SB-HM-ET-BE-10,Etched Handmade Singing Bowls,10 in / Buddhas Eyes,MI-SB-HM-ET-BE-10
Etched Handmade Singing Bowls,Buddhas Eyes / 11 in,MI-SB-HM-ET-BE-11,Etched Handmade Singing Bowls,11 in / Buddhas Eyes,MI-SB-HM-ET-BE-11
Etched Handmade Singing Bowls,Chakras / 11 in,MI-SB-HM-ET-C-11,Etched Handmade Singing Bowls,11 in / Chakras,MI-SB-HM-ET-C-11
Etched Handmade Singing Bowls,Dorje / 6 in,MI-SB-HM-ET-DJ-6,Etched Handmade Singing Bowls,6 in / Dorje,MI-SB-HM-ET-DJ-6
Etched Handmade Singing Bowls,Dorje / 7 in,MI-SB-HM-ET-DJ-7,Etched Handmade Singing Bowls,7 in / Dorje,MI-SB-HM-ET-DJ-7
Etched Handmade Singing Bowls,Dorje / 9 in,MI-SB-HM-ET-DJ-9,Etched Handmade Singing Bowls,9 in / Dorje,MI-SB-HM-ET-DJ-9
Etched Handmade Singing Bowls,Dorje / 10 in,MI-SB-HM-ET-DJ-10,Etched Handmade Singing Bowls,10 in / Dorje,MI-SB-HM-ET-DJ-10
Etched Handmade Singing Bowls,Dorje / 11 in,MI-SB-HM-ET-DJ-11,Etched Handmade Singing Bowls,11 in / Dorje,MI-SB-HM-ET-DJ-11
Etched Handmade Singing Bowls,Dorje / 12 in,MI-SB-HM-ET-DJ-12,Etched Handmade Singing Bowls,12 in / Dorje,MI-SB-HM-ET-DJ-12
Etched Handmade Singing Bowls,Dorje / 13 in,MI-SB-HM-ET-DJ-13,Etched Handmade Singing Bowls,13 in / Dorje,MI-SB-HM-ET-DJ-13
Etched Handmade Singing Bowls,Flower of Life / 6 in,MI-SB-HM-ET-FL-6,Etched Handmade Singing Bowls,6 in / Flower of Life,MI-SB-HM-ET-FL-6
Etched Handmade Singing Bowls,Flower of Life / 7 in,MI-SB-HM-ET-FL-7,Etched Handmade Singing Bowls,7 in / Flower of Life,MI-SB-HM-ET-FL-7
Etched Handmade Singing Bowls,Flower of Life / 9 in,MI-SB-HM-ET-FL-9,Etched Handmade Singing Bowls,9 in / Flower of Life,MI-SB-HM-ET-FL-9
Etched Handmade Singing Bowls,Flower of Life / 10 in,MI-SB-HM-ET-FL-10,Etched Handmade Singing Bowls,10 in / Flower of Life,MI-SB-HM-ET-FL-10
Etched Handmade Singing Bowls,Flower of Life / 11 in,MI-SB-HM-ET-FL-11,Etched Handmade Singing Bowls,11 in / Flower of Life,MI-SB-HM-ET-FL-11
Etched Handmade Singing Bowls,Flower of Life / 12 in,MI-SB-HM-ET-FL-12,Etched Handmade Singing Bowls,12 in / Flower of Life,MI-SB-HM-ET-FL-12
Etched Handmade Singing Bowls,Flower of Life / 13 in,MI-SB-HM-ET-FL-13,Etched Handmade Singing Bowls,13 in / Flower of Life,MI-SB-HM-ET-FL-13
Etched Handmade Singing Bowls,Om / 11 in,MI-SB-HM-ET-OM-11,Etched Handmade Singing Bowls,11 in / Om,MI-SB-HM-ET-OM-11
Etched Handmade Singing Bowls,Tara / 6 in,MI-SB-HM-ET-T-6,Etched Handmade Singing Bowls,6 in / Tara,MI-SB-HM-ET-T-6
Etched Handmade Singing Bowls,Tara / 7 in,MI-SB-HM-ET-T-7,Etched Handmade Singing Bowls,7 in / Tara,MI-SB-HM-ET-T-7
Etched Handmade Singing Bowls,Tara / 9 in,MI-SB-HM-ET-T-9,Etched Handmade Singing Bowls,9 in / Tara,MI-SB-HM-ET-T-9
Etched Handmade Singing Bowls,Tara / 10 in,MI-SB-HM-ET-T-10,Etched Handmade Singing Bowls,10 in / Tara,MI-SB-HM-ET-T-10
Etched Handmade Singing Bowls,Tara / 11 in,MI-SB-HM-ET-T-11,Etched Handmade Singing Bowls,11 in / Tara,MI-SB-HM-ET-T-11
Etched Handmade Singing Bowls,Tara / 12 in,MI-SB-HM-ET-T-12,Etched Handmade Singing Bowls,12 in / Tara,MI-SB-HM-ET-T-12
Etched Handmade Singing Bowls,Tara / 13 in,MI-SB-HM-ET-T-13,Etched Handmade Singing Bowls,13 in / Tara,MI-SB-HM-ET-T-13
Etched Handmade Singing Bowls,Yin Yang / 6 in,MI-SB-HM-ET-YY-6,Etched Handmade Singing Bowls,6 in / Yin Yang,MI-SB-HM-ET-YY-6
Etched Handmade Singing Bowls,Yin Yang / 7 in,MI-SB-HM-ET-YY-7,Etched Handmade Singing Bowls,7 in / Yin Yang,MI-SB-HM-ET-YY-7
Etched Handmade Singing Bowls,Yin Yang / 9 in,MI-SB-HM-ET-YY-9,Etched Handmade Singing Bowls,9 in / Yin Yang,MI-SB-HM-ET-YY-9
Etched Handmade Singing Bowls,Yin Yang / 10 in,MI-SB-HM-ET-YY-10,Etched Handmade Singing Bowls,10 in / Yin Yang,MI-SB-HM-ET-YY-10
Etched Handmade Singing Bowls,Yin Yang / 11 in,MI-SB-HM-ET-YY-11,Etched Handmade Singing Bowls,11 in / Yin Yang,MI-SB-HM-ET-YY-11
Etched Handmade Singing Bowls,Yin Yang / 12 in,MI-SB-HM-ET-YY-12,Etched Handmade Singing Bowls,12 in / Yin Yang,MI-SB-HM-ET-YY-12
Etched Handmade Singing Bowls,Yin Yang / 13 in,MI-SB-HM-ET-YY-13,Etched Handmade Singing Bowls,13 in / Yin Yang,MI-SB-HM-ET-YY-13
Etched Handmade Singing Bowls,Mantra / 11 in,MI-SB-HM-ET-M-11,Etched Handmade Singing Bowls,11 in / Mantra,MI-SB-HM-ET-M-11
Extra Large Meridian Singing Bowls,Etched / 18 in,MI-SB-ME-ET-18,Extra Large Meridian Singing Bowls,18 in / Etched,MI-SB-ME-ET-18
Extra Large Meridian Singing Bowls,Plain / 18 in,MI-SB-ME-18,Extra Large Meridian Singing Bowls,18 in / Plain,MI-SB-ME-18
Extra Large Meridian Singing Bowls,Plain / 20 in,MI-SB-ME-20,Extra Large Meridian Singing Bowls,20 in / Plain,MI-SB-ME-20
Extra Large Meridian Singing Bowls,Plain / 22 in,MI-SB-ME-22,Extra Large Meridian Singing Bowls,22 in / Plain,MI-SB-ME-22
Extra Large Meridian Singing Bowls,Plain / 23 In,MI-SB-ME-23,Extra Large Meridian Singing Bowls,23 In / Plain,MI-SB-ME-23
Extra Large Meridian Singing Bowls,Plain / 24 in,MI-SB-ME-24,Extra Large Meridian Singing Bowls,24 in / Plain,MI-SB-ME-24
Sacred Symbols Singing Bowls,Green / 3.5 in,MI-SB-SS-G-3.5,Sacred Symbols Singing Bowls,Green / 3.5 in,MI-SB-SS-G-3.5
Sacred Symbols Singing Bowls,Blue / 3.5 in,MI-SB-SS-B-3.5,Sacred Symbols Singing Bowls,Blue / 3.5 in,MI-SB-SS-B-3.5
Sacred Symbols Singing Bowls,Blue / 4 in,MI-SB-SS-B-4,Sacred Symbols Singing Bowls,Blue / 4 in,MI-SB-SS-B-4
Sacred Symbols Singing Bowls,Blue / 5.5 in,MI-SB-SS-B-5.5,Sacred Symbols Singing Bowls,Blue / 5.5 in,MI-SB-SS-B-5.5
Sacred Symbols Singing Bowls,Black / 3.5 in,MI-SB-SS-BK-3.5,Sacred Symbols Singing Bowls,Black / 3.5 in,MI-SB-SS-BK-3.5
Sacred Symbols Singing Bowls,Black / 4 in,MI-SB-SS-BK-4,Sacred Symbols Singing Bowls,Black / 4 in,MI-SB-SS-BK-4
Sacred Symbols Singing Bowls,Black / 5.5 in,MI-SB-SS-BK-5.5,Sacred Symbols Singing Bowls,Black / 5.5 in,MI-SB-SS-BK-5.5
Sacred Symbols Singing Bowls,Red / 3.5 in,MI-SB-SS-R-3.5,Sacred Symbols Singing Bowls,Red / 3.5 in,MI-SB-SS-R-3.5
Sacred Symbols Singing Bowls,Red / 4 in,MI-SB-SS-R-4,Sacred Symbols Singing Bowls,Red / 4 in,MI-SB-SS-R-4
Sacred Symbols Singing Bowls,Red / 5.5 in,MI-SB-SS-R-5.5,Sacred Symbols Singing Bowls,Red / 5.5 in,MI-SB-SS-R-5.5
Sacred Symbols Singing Bowls,Yellow / 3.5 in,MI-SB-SS-Y-3.5,Sacred Symbols Singing Bowls,Yellow / 3.5 in,MI-SB-SS-Y-3.5
Sacred Symbols Singing Bowls,Yellow / 4 in,MI-SB-SS-Y-4,Sacred Symbols Singing Bowls,Yellow / 4 in,MI-SB-SS-Y-4
Sacred Symbols Singing Bowls,Yellow / 5.5 in,MI-SB-SS-Y-5.5,Sacred Symbols Singing Bowls,Yellow / 5.5 in,MI-SB-SS-Y-5.5
Singing Bowls with Sacred Mantra Printed,Blue / 3.5 Inches,MI-SB-SM-B-3.5,Singing Bowls with Sacred Mantra Printed,Blue / 3.5 Inches,MI-SB-SM-B-3.5
Singing Bowls with Sacred Mantra Printed,Blue / 4 Inches,MI-SB-SM-B-4,Singing Bowls with Sacred Mantra Printed,Blue / 4 Inches,MI-SB-SM-B-4
Singing Bowls with Sacred Mantra Printed,Blue / 5.5 Inches,MI-SB-SM-B-5.5,Singing Bowls with Sacred Mantra Printed,Blue / 5.5 Inches,MI-SB-SM-B-5.5
Singing Bowls with Sacred Mantra Printed,Black / 3.5 Inches,MI-SB-SM-BK-3.5,Singing Bowls with Sacred Mantra Printed,Black / 3.5 Inches,MI-SB-SM-BK-3.5
Singing Bowls with Sacred Mantra Printed,Black / 4 Inches,MI-SB-SM-BK-4,Singing Bowls with Sacred Mantra Printed,Black / 4 Inches,MI-SB-SM-BK-4
Singing Bowls with Sacred Mantra Printed,Black / 5.5 Inches,MI-SB-SM-BK-5.5,Singing Bowls with Sacred Mantra Printed,Black / 5.5 Inches,MI-SB-SM-BK-5.5
Singing Bowls with Sacred Mantra Printed,Black / 7 Inches,MI-SB-SM-BK-7,Singing Bowls with Sacred Mantra Printed,Black / 7 Inches,MI-SB-SM-BK-7
Singing Bowls with Sacred Mantra Printed,Green / 3.5 Inches,MI-SB-SM-G-3.5,Singing Bowls with Sacred Mantra Printed,Green / 3.5 Inches,MI-SB-SM-G-3.5
Singing Bowls with Sacred Mantra Printed,Green / 4 inches,MI-SB-SM-G-4,Singing Bowls with Sacred Mantra Printed,Green / 4 Inches,MI-SB-SM-G-4
Singing Bowls with Sacred Mantra Printed,Green / 5.5 Inches,MI-SB-SM-G-5.5,Singing Bowls with Sacred Mantra Printed,Green / 5.5 Inches,MI-SB-SM-G-5.5
Singing Bowls with Sacred Mantra Printed,Red / 3.5 inches,MI-SB-SM-R-3.5,Singing Bowls with Sacred Mantra Printed,Red / 3.5 Inches,MI-SB-SM-R-3.5
Singing Bowls with Sacred Mantra Printed,Red / 4 Inches,MI-SB-SM-R-4,Singing Bowls with Sacred Mantra Printed,Red / 4 Inches,MI-SB-SM-R-4
Singing Bowls with Sacred Mantra Printed,Red / 5.5 Inches,MI-SB-SM-R-5.5,Singing Bowls with Sacred Mantra Printed,Red / 5.5 Inches,MI-SB-SM-R-5.5
Singing Bowls with Sacred Mantra Printed,Gold / 3.5 Inches,MI-SB-SM-GO-3.5,Singing Bowls with Sacred Mantra Printed,Gold / 3.5 Inches,MI-SB-SM-GO-3.5
Singing Bowls with Sacred Mantra Printed,Gold / 4 Inches,MI-SB-SM-GO-4,Singing Bowls with Sacred Mantra Printed,Gold / 4 Inches,MI-SB-SM-GO-4
Singing Bowls with Sacred Mantra Printed,Gold / 5.5 Inches,MI-SB-SM-GO-5.5,Singing Bowls with Sacred Mantra Printed,Gold / 5.5 Inches,MI-SB-SM-GO-5.5
Singing Bowls with Sacred Mantra Printed,Gold / 7 Inches,MI-SB-SM-GO-7,Singing Bowls with Sacred Mantra Printed,Gold / 7 Inches,MI-SB-SM-GO-7
Singing Bowls - Flower of Life with Sacred Symbols,Blue / 8 in,MI-SB-FL-B-8,Singing Bowls - Flower of Life with Sacred Symbols,8 in / Blue,MI-SB-FL-B-8
Singing Bowls - Flower of Life with Sacred Symbols,Blue / 9 in,MI-SB-FL-B-9,Singing Bowls - Flower of Life with Sacred Symbols,Blue / 9 in,MI-SB-FL-B-9
Singing Bowls - Flower of Life with Sacred Symbols,Blue / 10.5in,MI-SB-FL-B-10.5,Singing Bowls - Flower of Life with Sacred Symbols,10.5in / Blue,MI-SB-FL-B-10.5
Singing Bowls - Flower of Life with Sacred Symbols,Brown / 8in,MI-SB-FL-BR-8,Singing Bowls - Flower of Life with Sacred Symbols,8in / Brown,MI-SB-FL-BR-8
Singing Bowls - Flower of Life with Sacred Symbols,Brown / 9 in,MI-SB-FL-BR-9,Singing Bowls - Flower of Life with Sacred Symbols,Brown / 9 in,MI-SB-FL-BR-9
Singing Bowls - Flower of Life with Sacred Symbols,Brown / 10.5,MI-SB-FL-BR-10.5,Singing Bowls - Flower of Life with Sacred Symbols,10.5 / Brown,MI-SB-FL-BR-10.5
Singing Bowls - Flower of Life with Sacred Symbols,Green / 8in,MI-SB-FL-G-8,Singing Bowls - Flower of Life with Sacred Symbols,8in / Green,MI-SB-FL-G-8
Singing Bowls - Flower of Life with Sacred Symbols,Green / 9in,MI-SB-FL-G-9,Singing Bowls - Flower of Life with Sacred Symbols,9in / Green,MI-SB-FL-G-9
Singing Bowls - Flower of Life with Sacred Symbols,Green / 10.5 in,MI-SB-FL-G-10.5,Singing Bowls - Flower of Life with Sacred Symbols,10.5 in / Green,MI-SB-FL-G-10.5
Singing Bowls - Flower of Life with Sacred Symbols,Olive green / 8in,MI-SB-FL-O-8,Singing Bowls - Flower of Life with Sacred Symbols,8in / Olive green,MI-SB-FL-O-8
Singing Bowls - Flower of Life with Sacred Symbols,Olive green / 9 in,MI-SB-FL-O-9,Singing Bowls - Flower of Life with Sacred Symbols,Olive green / 9 in,MI-SB-FL-O-9
Singing Bowls - Flower of Life with Sacred Symbols,Olive green / 10.5in,MI-SB-FL-O-10.5,Singing Bowls - Flower of Life with Sacred Symbols,10.5in / Olive green,MI-SB-FL-O-10.5
Dotted Singing Bowl,4 inch,MI-SB-DT-4,Dotted Singing Bowl,4 inch,MI-SB-DT-4
Dotted Singing Bowl,5.5 inch,MI-SB-DT-5.5,Dotted Singing Bowl,5.5 inch,MI-SB-DT-5.5
Dotted Singing Bowl,7 inch,MI-SB-DT-7,Dotted Singing Bowl,7 inch,MI-SB-DT-7
Singing Bowl with Mantra - Rustic Blue Colour,6 inches,MI-SB-RB-6,Singing Bowl with Mantra - Rustic Blue Colour,6 inches,MI-SB-RB-6
Singing Bowl with Mantra - Rustic Blue Colour,7 Inches,MI-SB-RB-7,Singing Bowl with Mantra - Rustic Blue Colour,7 Inches,MI-SB-RB-7
Handmade Singing Bowls - All Sizes,Matte / 5 in,MI-SB-HM-5,Handmade Singing Bowls - All Sizes,5 in / Matte,MI-SB-HM-5
Handmade Singing Bowls - All Sizes,Matte / 6 in,MI-SB-HM-6,Handmade Singing Bowls - All Sizes,6 in / Matte,MI-SB-HM-6
Handmade Singing Bowls - All Sizes,Matte / 7 in,MI-SB-HM-7,Handmade Singing Bowls - All Sizes,7 in / Matte,MI-SB-HM-7
Handmade Singing Bowls - All Sizes,Matte / 9 in,MI-SB-HM-9,Handmade Singing Bowls - All Sizes,9 in / Matte,MI-SB-HM-9
Handmade Singing Bowls - All Sizes,Matte / 10 in,MI-SB-HM-10,Handmade Singing Bowls - All Sizes,10 in / Matte,MI-SB-HM-10
Handmade Singing Bowls - All Sizes,Matte / 11 in,MI-SB-HM-11,Handmade Singing Bowls - All Sizes,11 in / Matte,MI-SB-HM-11
Handmade Singing Bowls - All Sizes,Matte / 12 in,MI-SB-HM-12,Handmade Singing Bowls - All Sizes,12 in / Matte,MI-SB-HM-12
Full Moon Singing Bowls - All Sizes,5 Inches,MI-SB-HM-FM-5,Full Moon Singing Bowls - All Sizes,5 Inches,MI-SB-HM-FM-5
Full Moon Singing Bowls - All Sizes,6 inches,MI-SB-HM-FM-6,Full Moon Singing Bowls - All Sizes,6 inches,MI-SB-HM-FM-6
Full Moon Singing Bowls - All Sizes,7 Inches,MI-SB-HM-FM-7,Full Moon Singing Bowls - All Sizes,7 Inches,MI-SB-HM-FM-7
Full Moon Singing Bowls - All Sizes,8 inches,MI-SB-HM-FM-8,Full Moon Singing Bowls - All Sizes,8 inches,MI-SB-HM-FM-8
Full Moon Singing Bowls - All Sizes,9 Inches,MI-SB-HM-FM-9,Full Moon Singing Bowls - All Sizes,9 Inches,MI-SB-HM-FM-9
Full Moon Singing Bowls - All Sizes,10 inches,MI-SB-HM-FM-10,Full Moon Singing Bowls - All Sizes,10 inches,MI-SB-HM-FM-10
Full Moon Singing Bowls - All Sizes,11 Inches,MI-SB-HM-FM-11,Full Moon Singing Bowls - All Sizes,11 Inches,MI-SB-HM-FM-11
Full Moon Singing Bowls - All Sizes,12 inches,MI-SB-HM-FM-12,Full Moon Singing Bowls - All Sizes,12 inches,MI-SB-HM-FM-12
Full Moon Singing Bowls - All Sizes,13 Inches,MI-SB-HM-FM-13,Full Moon Singing Bowls - All Sizes,13 Inches,MI-SB-HM-FM-13
Root Chakra Singing Bowl,,MI-SB-RC,Root Chakra Singing Bowl,,MI-SB-RC
Heart Chakra Singing Bowl,,MI-SB-HC,Heart Chakra Singing Bowl,,MI-SB-HC
Third Eye Chakra Singing Bowl,,MI-SB-TEC,Third Eye Chakra Singing Bowl,,MI-SB-TEC
"The Three Bowl Set - Root, Heart and Third Eye",,MI-SB-RHT-SET3,"The Three Bowl Set - Root, Heart and Third Eye",,MI-SB-RHT-SET3
"The Four Bowl Set - Root, Heart, Third Eye and Universal",,MI-SB-RHTU-SET4,"The Four Bowl Set - Root, Heart, Third Eye and Universal",,MI-SB-RHTU-SET4
Handcrafted Set of 7 Bowls for Sound Therapy,Standard-Octave 3 / Matte,MI-SB-7C-O3-M-SET7,Handcrafted Set of 7 Bowls for Sound Therapy,Standard-Octave 3 / Matte,MI-SB-7C-O3-M-SET7
Handcrafted Set of 7 Bowls for Sound Therapy,Standard-Octave 3 / Chakra Etching,MI-SB-7C-O3-ET-SET7,Handcrafted Set of 7 Bowls for Sound Therapy,Standard-Octave 3 / Chakra Etching,MI-SB-7C-O3-ET-SET7
Handcrafted Set of 7 Bowls for Sound Therapy,Standard-Octave 3 / Full Moon,MI-SB-7C-O3-FM-SET7,Handcrafted Set of 7 Bowls for Sound Therapy,Standard-Octave 3 / Full Moon,MI-SB-7C-O3-FM-SET7
Handcrafted Set of 7 Bowls for Sound Therapy,Large-Octave 2 / Matte,MI-SB-7C-O2-M-SET7,Handcrafted Set of 7 Bowls for Sound Therapy,Large-Octave 2 / Matte,MI-SB-7C-O2-M-SET7
Handcrafted Set of 7 Bowls for Sound Therapy,Large-Octave 2 / Chakra Etching,MI-SB-7C-O2-ET-SET7,Handcrafted Set of 7 Bowls for Sound Therapy,Large-Octave 2 / Chakra Etching,MI-SB-7C-O2-ET-SET7
Handcrafted Set of 7 Bowls for Sound Therapy,Large-Octave 2 / Full Moon,MI-SB-7C-O2-FM-SET7,Handcrafted Set of 7 Bowls for Sound Therapy,Large-Octave 2 / Full Moon,MI-SB-7C-O2-FM-SET7
Universal Bowl,Standard,MI-SB-UB,Universal Bowl,Standard,MI-SB-UB
Belly Bowls,Standard,MI-SB-BB,Belly Bowls,Standard,MI-SB-BB
The Head Bowl,Standard,MI-SB-HB,The Head Bowl,Standard,MI-SB-HB
"Vibroacoustic Therapy Bowls - Universal, Belly and Head",Set of 3,MI-SB-UBH-SET3,"Vibroacoustic Therapy Bowls - Universal, Belly and Head",Set of 3,MI-SB-UBH-SET3
Joint / Knee Cut Bowl,8 in,MI-SB-J-8,Joint / Knee Cut Bowl,8 in,MI-SB-J-8
Joint / Knee Cut Bowl,10in,MI-SB-J-10,Joint / Knee Cut Bowl,10in,MI-SB-J-10
Singing Bowl with Handle,Standard,MI-SB-H,Singing Bowl with Handle,Standard,MI-SB-H
Hanging Bowls/Zen Drops,Set of 3,MI-SB-HB-3,Hanging Bowls/Zen Drops,Set of 3,MI-SB-HB-3
Singing Bowl Bags,Small,MI-SB-BG-S,Singing Bowl Bags,Small,MI-SB-BG-S
Singing Bowl Bags,Medium,MI-SB-BG-M,Singing Bowl Bags,Medium,MI-SB-BG-M
Singing Bowl Bags,Large,MI-SB-BG-L,Singing Bowl Bags,Large,MI-SB-BG-L
Singing Bowls Silk Ring Cushion Accessories,Green / 10 cms,MI-SBC-G-10,Singing Bowls Silk Ring Cushion Accessories,10 cms / Green,MI-SBC-G-10
Singing Bowls Silk Ring Cushion Accessories,Blue / 10 cms,MI-SBC-B-10,Singing Bowls Silk Ring Cushion Accessories,10 cms / Blue,MI-SBC-B-10
Singing Bowls Silk Ring Cushion Accessories,Navy Blue / 10cm,MI-SBC-NB-10,Singing Bowls Silk Ring Cushion Accessories,10cm / Navy Blue,MI-SBC-NB-10
Singing Bowls Silk Ring Cushion Accessories,Black / 10cm,MI-SBC-BK-10,Singing Bowls Silk Ring Cushion Accessories,10cm / Black,MI-SBC-BK-10
Singing Bowls Silk Ring Cushion Accessories,Red / 10cm,MI-SBC-R-10,Singing Bowls Silk Ring Cushion Accessories,10cm / Red,MI-SBC-R-10
Singing Bowls Silk Ring Cushion Accessories,Brown / 10cm,MI-SBC-BR-10,Singing Bowls Silk Ring Cushion Accessories,10cm / Brown,MI-SBC-BR-10
Singing Bowls Silk Ring Cushion Accessories,Orange / 10cm,MI-SBC-O-10,Singing Bowls Silk Ring Cushion Accessories,10cm / Orange,MI-SBC-O-10
Singing Bowls Silk Ring Cushion Accessories,Yellow / 10cm,MI-SBC-Y-10,Singing Bowls Silk Ring Cushion Accessories,10cm / Yellow,MI-SBC-Y-10
Singing Bowls Silk Ring Cushion Accessories,Pink / 10cm,MI-SBC-PK-10,Singing Bowls Silk Ring Cushion Accessories,10cm / Pink,MI-SBC-PK-10
Singing Bowls Silk Ring Cushion Accessories,Green / 12cm,MI-SBC-G-12,Singing Bowls Silk Ring Cushion Accessories,Green / 12cm,MI-SBC-G-12
Singing Bowls Silk Ring Cushion Accessories,Blue / 12 cms,MI-SBC-B-12,Singing Bowls Silk Ring Cushion Accessories,12 cms / Blue,MI-SBC-B-12
Singing Bowls Silk Ring Cushion Accessories,Black / 12 cms,MI-SBC-BK-12,Singing Bowls Silk Ring Cushion Accessories,12 cms / Black,MI-SBC-BK-12
Singing Bowls Silk Ring Cushion Accessories,Brown / 12 cms,MI-SBC-BR-12,Singing Bowls Silk Ring Cushion Accessories,12 cms / Brown,MI-SBC-BR-12
Singing Bowls Silk Ring Cushion Accessories,Red / 12 cms,MI-SBC-R-12,Singing Bowls Silk Ring Cushion Accessories,12 cms / Red,MI-SBC-R-12
Singing Bowls Silk Ring Cushion Accessories,Pink / 12 cms,MI-SBC-PK-12,Singing Bowls Silk Ring Cushion Accessories,12 cms / Pink,MI-SBC-PK-12
Singing Bowls Silk Ring Cushion Accessories,Orange / 12 cms,MI-SBC-O-12,Singing Bowls Silk Ring Cushion Accessories,12 cms / Orange,MI-SBC-O-12
Singing Bowls Silk Ring Cushion Accessories,Yellow / 12 cms,MI-SBC-Y-12,Singing Bowls Silk Ring Cushion Accessories,12 cms / Yellow,MI-SBC-Y-12
Singing Bowls Silk Ring Cushion Accessories,Navy Blue / 12 cms,MI-SBC-NB-12,Singing Bowls Silk Ring Cushion Accessories,12 cms / Navy Blue,MI-SBC-NB-12
Singing Bowls Silk Ring Cushion Accessories,Blue / 14 cms,MI-SBC-B-14,Singing Bowls Silk Ring Cushion Accessories,14 cms / Blue,MI-SBC-B-14
Singing Bowls Silk Ring Cushion Accessories,Green / 14cm,MI-SBC-G-14,Singing Bowls Silk Ring Cushion Accessories,14cm / Green,MI-SBC-G-14
Singing Bowls Silk Ring Cushion Accessories,Navy Blue / 14 cms,MI-SBC-NB-14,Singing Bowls Silk Ring Cushion Accessories,14 cms / Navy Blue,MI-SBC-NB-14
Singing Bowls Silk Ring Cushion Accessories,Orange / 14 cms,MI-SBC-O-14,Singing Bowls Silk Ring Cushion Accessories,14 cms / Orange,MI-SBC-O-14
Singing Bowls Silk Ring Cushion Accessories,Black / 14 cms,MI-SBC-BK-14,Singing Bowls Silk Ring Cushion Accessories,14 cms / Black,MI-SBC-BK-14
Singing Bowls Silk Ring Cushion Accessories,Red / 14 cms,MI-SBC-R-14,Singing Bowls Silk Ring Cushion Accessories,14 cms / Red,MI-SBC-R-14
Singing Bowls Silk Ring Cushion Accessories,Brown / 14 cms,MI-SBC-BR-14,Singing Bowls Silk Ring Cushion Accessories,14 cms / Brown,MI-SBC-BR-14
Singing Bowls Silk Ring Cushion Accessories,Pink / 14 cms,MI-SBC-PK-14,Singing Bowls Silk Ring Cushion Accessories,14 cms / Pink,MI-SBC-PK-14
Singing Bowls Silk Ring Cushion Accessories,Yellow / 14 cms,MI-SBC-Y-14,Singing Bowls Silk Ring Cushion Accessories,14 cms / Yellow,MI-SBC-Y-14
Singing Bowls Silk Ring Cushion Accessories,16 cms / Blue,MI-SBC-B-16,Singing Bowls Silk Ring Cushion Accessories,Blue / 16 cms,MI-SBC-B-16
Singing Bowls Silk Ring Cushion Accessories,Black / 16 cms,MI-SBC-BK-16,Singing Bowls Silk Ring Cushion Accessories,16 cms / Black,MI-SBC-BK-16
Singing Bowls Silk Ring Cushion Accessories,Brown / 16 cms,MI-SBC-BR-16,Singing Bowls Silk Ring Cushion Accessories,16 cms / Brown,MI-SBC-BR-16
Singing Bowls Silk Ring Cushion Accessories,Orange / 16 cms,MI-SBC-O-16,Singing Bowls Silk Ring Cushion Accessories,16 cms / Orange,MI-SBC-O-16
Singing Bowls Silk Ring Cushion Accessories,Navy Blue / 16cms,MI-SBC-NB-16,Singing Bowls Silk Ring Cushion Accessories,16cms / Navy Blue,MI-SBC-NB-16
Singing Bowls Silk Ring Cushion Accessories,Green /16cms,MI-SBC-G-16,Singing Bowls Silk Ring Cushion Accessories,16cms / Green,MI-SBC-G-16
Singing Bowls Silk Ring Cushion Accessories,Red / 16 cms,MI-SBC-R-16,Singing Bowls Silk Ring Cushion Accessories,16 cms / Red,MI-SBC-R-16
Singing Bowls Silk Ring Cushion Accessories,Yellow / 16 cms,MI-SBC-Y-16,Singing Bowls Silk Ring Cushion Accessories,16 cms / Yellow,MI-SBC-Y-16
Singing Bowls Silk Ring Cushion Accessories,Pink / 16cms,MI-SBC-PK-16,Singing Bowls Silk Ring Cushion Accessories,16cms / Pink,MI-SBC-PK-16
Singing Bowls Silk Ring Cushion Accessories,Blue / 18cms,MI-SBC-B-18,Singing Bowls Silk Ring Cushion Accessories,18cms / Blue,MI-SBC-B-18
Singing Bowls Silk Ring Cushion Accessories,Black / 18 cms,MI-SBC-BK-18,Singing Bowls Silk Ring Cushion Accessories,18 cms / Black,MI-SBC-BK-18
Singing Bowls Silk Ring Cushion Accessories,Green / 18cms,MI-SBC-G-18,Singing Bowls Silk Ring Cushion Accessories,18cms / Green,MI-SBC-G-18
Singing Bowls Silk Ring Cushion Accessories,Brown / 18 cms,MI-SBC-BR-18,Singing Bowls Silk Ring Cushion Accessories,18 cms / Brown,MI-SBC-BR-18
Singing Bowls Silk Ring Cushion Accessories,Navy Blue / 18cms,MI-SBC-NB-18,Singing Bowls Silk Ring Cushion Accessories,18cms / Navy Blue,MI-SBC-NB-18
Singing Bowls Silk Ring Cushion Accessories,Yellow / 18 cms,MI-SBC-Y-18,Singing Bowls Silk Ring Cushion Accessories,18 cms / Yellow,MI-SBC-Y-18
Singing Bowls Silk Ring Cushion Accessories,Pink / 18cms,MI-SBC-PK-18,Singing Bowls Silk Ring Cushion Accessories,18cms / Pink,MI-SBC-PK-18
Singing Bowls Silk Ring Cushion Accessories,Red / 18 cms,MI-SBC-R-18,Singing Bowls Silk Ring Cushion Accessories,18 cms / Red,MI-SBC-R-18
Singing Bowls Silk Ring Cushion Accessories,Orange / 18 cms,MI-SBC-O-18,Singing Bowls Silk Ring Cushion Accessories,18 cms / Orange,MI-SBC-O-18
Singing Bowls Silk Ring Cushion Accessories,Brown / 20 cms,MI-SBC-BR-20,Singing Bowls Silk Ring Cushion Accessories,20 cms / Brown,MI-SBC-BR-20
Singing Bowls Silk Ring Cushion Accessories,Navy Blue / 20 cms,MI-SBC-NB-20,Singing Bowls Silk Ring Cushion Accessories,20 cms / Navy Blue,MI-SBC-NB-20
Singing Bowls Silk Ring Cushion Accessories,Black / 20 cms,MI-SBC-BK-20,Singing Bowls Silk Ring Cushion Accessories,20 cms / Black,MI-SBC-BK-20
Singing Bowls Silk Ring Cushion Accessories,Orange / 20 cms,MI-SBC-O-20,Singing Bowls Silk Ring Cushion Accessories,20 cms / Orange,MI-SBC-O-20
Singing Bowls Silk Ring Cushion Accessories,Yellow / 20 cms,MI-SBC-Y-20,Singing Bowls Silk Ring Cushion Accessories,20 cms / Yellow,MI-SBC-Y-20
Singing Bowls Silk Ring Cushion Accessories,Green / 20 cms,MI-SBC-G-20,Singing Bowls Silk Ring Cushion Accessories,20 cms / Green,MI-SBC-G-20
Singing Bowls Silk Ring Cushion Accessories,Red / 20 cms,MI-SBC-R-20,Singing Bowls Silk Ring Cushion Accessories,20 cms / Red,MI-SBC-R-20
Singing Bowls Silk Ring Cushion Accessories,Pink / 20 cms,MI-SBC-PK-20,Singing Bowls Silk Ring Cushion Accessories,20 cms / Pink,MI-SBC-PK-20
Singing Bowls Silk Ring Cushion Accessories,Blue / 22 cms,MI-SBC-B-22,Singing Bowls Silk Ring Cushion Accessories,22 cms / Blue,MI-SBC-B-22
Singing Bowls Silk Ring Cushion Accessories,Black / 22 cms,MI-SBC-BK-22,Singing Bowls Silk Ring Cushion Accessories,22 cms / Black,MI-SBC-BK-22
Singing Bowls Silk Ring Cushion Accessories,Brown / 22 cms,MI-SBC-BR-22,Singing Bowls Silk Ring Cushion Accessories,22 cms / Brown,MI-SBC-BR-22
Singing Bowls Silk Ring Cushion Accessories,Green / 22 cms,MI-SBC-G-22,Singing Bowls Silk Ring Cushion Accessories,22 cms / Green,MI-SBC-G-22
Singing Bowls Silk Ring Cushion Accessories,Navy Blue / 22 cms,MI-SBC-NB-22,Singing Bowls Silk Ring Cushion Accessories,22 cms / Navy Blue,MI-SBC-NB-22
Singing Bowls Silk Ring Cushion Accessories,Orange / 22 cms,MI-SBC-O-22,Singing Bowls Silk Ring Cushion Accessories,22 cms / Orange,MI-SBC-O-22
Singing Bowls Silk Ring Cushion Accessories,Pink / 22 cms,MI-SBC-PK-22,Singing Bowls Silk Ring Cushion Accessories,22 cms / Pink,MI-SBC-PK-22
Singing Bowls Silk Ring Cushion Accessories,Red / 22 cms,MI-SBC-R-22,Singing Bowls Silk Ring Cushion Accessories,22 cms / Red,MI-SBC-R-22
Singing Bowls Silk Ring Cushion Accessories,Yellow / 22 cms,MI-SBC-Y-22,Singing Bowls Silk Ring Cushion Accessories,22 cms / Yellow,MI-SBC-Y-22
Singing Bowls Silk Ring Cushion Accessories,Combo of 3,MI-SBC-SET3,Singing Bowls Silk Ring Cushion Accessories,Combo of 3,MI-SBC-SET3
Singing Bowls Silk Ring Cushion Accessories,Combo of 5,MI-SBC-SET5,Singing Bowls Silk Ring Cushion Accessories,Combo of 5,MI-SBC-SET5
Singing Bowls Silk Ring Cushion Accessories,Combo of 7,MI-SBC-SET7,Singing Bowls Silk Ring Cushion Accessories,Combo of 7,MI-SBC-SET7
Wooden Mallets for Singing Bowls,Red / Long Firm-Standard Striker,MI-SBM-S-LF-ST-R,Wooden Mallets for Singing Bowls,Long Firm-Standard Striker / Red,MI-SBM-S-LF-ST-R
Wooden Mallets for Singing Bowls,Red / Long Firm-Small Striker,MI-SBM-S-LF-S-R,Wooden Mallets for Singing Bowls,Long Firm-Small Striker / Red,MI-SBM-S-LF-S-R
Wooden Mallets for Singing Bowls,White / Long Firm-Standard Striker,MI-SBM-S-LF-ST-W,Wooden Mallets for Singing Bowls,Long Firm-Standard Striker / White,MI-SBM-S-LF-ST-W
Wooden Mallets for Singing Bowls,White / Long Firm-Small Striker,MI-SBM-S-LF-S-W,Wooden Mallets for Singing Bowls,Long Firm-Small Striker / White,MI-SBM-S-LF-S-W
Wooden Mallets for Singing Bowls,"Red / Long Soft-13"" Striker",MI-SBM-S-LS-R-13,Wooden Mallets for Singing Bowls,"Long Soft-13"" Striker / Red",MI-SBM-S-LS-R-13
Wooden Mallets for Singing Bowls,"Red / Long Soft-11"" Striker",MI-SBM-S-LS-R-11,Wooden Mallets for Singing Bowls,"Long Soft-11"" Striker / Red",MI-SBM-S-LS-R-11
Wooden Mallets for Singing Bowls,"Red / Long Soft-9"" Striker",MI-SBM-S-LS-R-9,Wooden Mallets for Singing Bowls,"Long Soft-9"" Striker / Red",MI-SBM-S-LS-R-9
Wooden Mallets for Singing Bowls,"White / Long Soft-13"" Striker",MI-SBM-S-LS-W-13,Wooden Mallets for Singing Bowls,"Long Soft-13"" Striker / White",MI-SBM-S-LS-W-13
Wooden Mallets for Singing Bowls,"White / Long Soft-11"" Striker",MI-SBM-S-LS-W-11,Wooden Mallets for Singing Bowls,"Long Soft-11"" Striker / White",MI-SBM-S-LS-W-11
Wooden Mallets for Singing Bowls,"White / Long Soft-9"" Striker",MI-SBM-S-LS-W-9,Wooden Mallets for Singing Bowls,"Long Soft-9"" Striker / White",MI-SBM-S-LS-W-9
Wooden Mallets for Singing Bowls,Black / Curved Rimmer,MI-SBM-R-C-B,Wooden Mallets for Singing Bowls,Curved Rimmer / Black,MI-SBM-R-C-B
Wooden Mallets for Singing Bowls,Black / Thick Wide Rimmer,MI-SBM-R-TW-B,Wooden Mallets for Singing Bowls,Thick Wide Rimmer / Black,MI-SBM-R-TW-B
Wooden Mallets for Singing Bowls,Red / Thick Wide Rimmer,MI-SBM-R-TW-R,Wooden Mallets for Singing Bowls,Thick Wide Rimmer / Red,MI-SBM-R-TW-R
Wooden Mallets for Singing Bowls,Black / Standard Wide Rimmer,MI-SBM-R-SW-B,Wooden Mallets for Singing Bowls,Standard Wide Rimmer / Black,MI-SBM-R-SW-B
Wooden Mallets for Singing Bowls,Red / Standard Wide Rimmer,MI-SBM-R-SW-R,Wooden Mallets for Singing Bowls,Standard Wide Rimmer / Red,MI-SBM-R-SW-R
Wooden Mallets for Singing Bowls,Black / Straight Rimmer,MI-SBM-R-ST-B,Wooden Mallets for Singing Bowls,Straight Rimmer / Black,MI-SBM-R-ST-B
Wooden Mallets for Singing Bowls,Red / Straight Rimmer,MI-SBM-R-ST-R,Wooden Mallets for Singing Bowls,Straight Rimmer / Red,MI-SBM-R-ST-R
Tibetan Buddhist Bell,Small,MI-BB-S,Tibetan Buddhist Bell,Small,MI-BB-S
Tibetan Buddhist Bell,Medium,MI-BB-M,Tibetan Buddhist Bell,Medium,MI-BB-M
Tibetan Buddhist Bell,Large,MI-BB-L,Tibetan Buddhist Bell,Large,MI-BB-L
Tibetan Buddhist Bell,Extra Large,MI-BB-XL,Tibetan Buddhist Bell,Extra Large,MI-BB-XL
Tingsha Bell,Plain / Small,MI-TB-P-S,Tingsha Bell,Small / Plain,MI-TB-P-S
Tingsha Bell,Plain /Medium,MI-TB-P-M,Tingsha Bell,Medium / Plain,MI-TB-P-M
Tingsha Bell,Plain /Large,MI-TB-P-L,Tingsha Bell,Large / Plain,MI-TB-P-L
Tingsha Bell,Dark / Small,MI-TB-D-S,Tingsha Bell,Small / Dark,MI-TB-D-S
Tingsha Bell,Dark / Medium,MI-TB-D-M,Tingsha Bell,Medium / Dark,MI-TB-D-M
Tingsha Bell,Dark / Large,MI-TB-D-L,Tingsha Bell,Large / Dark,MI-TB-D-L
Tingsha Bell,Etched /Small,MI-TB-ET-S,Tingsha Bell,Small / Etched,MI-TB-ET-S
Tingsha Bell,Etched / Medium,MI-TB-ET-M,Tingsha Bell,Medium / Etched,MI-TB-ET-M
Tingsha Bell,Etched / Large,MI-TB-ET-L,Tingsha Bell,Large / Etched,MI-TB-ET-L
Mayura Morchang Set,Sharp,MI-MO-MY-S,Mayura Morchang Set,Sharp,MI-MO-MY-S
Mayura Morchang Set,Middle,MI-MO-MY-M,Mayura Morchang Set,Middle,MI-MO-MY-M
Mayura Morchang Set,Bass,MI-MO-MY-B,Mayura Morchang Set,Bass,MI-MO-MY-B
Mayura Morchang Set,Full Set,MI-MO-MY-SET3,Mayura Morchang Set,Full Set,MI-MO-MY-SET3
Classic Morchang,Sharp,MI-MO-CL-S,Classic Morchang,Sharp,MI-MO-CL-S
Classic Morchang,Middle,MI-MO-CL-M,Classic Morchang,Middle,MI-MO-CL-M
Classic Morchang,Bass,MI-MO-CL-B,Classic Morchang,Bass,MI-MO-CL-B
Classic Morchang,Full Set,MI-MO-CL-SET3,Classic Morchang,Full Set,MI-MO-CL-SET3
7 Chakra Morchang,C Tune,MI-MO-7C-C,7 Chakra Morchang,C Tune,MI-MO-7C-C
7 Chakra Morchang,D Tune,MI-MO-7C-D,7 Chakra Morchang,D Tune,MI-MO-7C-D
7 Chakra Morchang,E Tune,MI-MO-7C-E,7 Chakra Morchang,E Tune,MI-MO-7C-E
7 Chakra Morchang,F Tune,MI-MO-7C-F,7 Chakra Morchang,F Tune,MI-MO-7C-F
7 Chakra Morchang,G Tune,MI-MO-7C-G,7 Chakra Morchang,G Tune,MI-MO-7C-G
7 Chakra Morchang,A Tune,MI-MO-7C-A,7 Chakra Morchang,A Tune,MI-MO-7C-A
7 Chakra Morchang,B Tune,MI-MO-7C-B,7 Chakra Morchang,B Tune,MI-MO-7C-B
7 Chakra Morchang,Full Set,MI-MO-7C-SET7,7 Chakra Morchang,Full Set,MI-MO-7C-SET7
Box Tanpura,,MI-BT,Box Tanpura,,MI-BT
S-Shaped Didgeridoo,Green,MI-DG-SS-G,S-Shaped Didgeridoo,Green,MI-DG-SS-G
S-Shaped Didgeridoo,Blue,MI-DG-SS-B,S-Shaped Didgeridoo,Blue,MI-DG-SS-B
S-Shaped Didgeridoo,Red,MI-DG-SS-R,S-Shaped Didgeridoo,Red,MI-DG-SS-R
Spiral/Snake Didgeridoo,Green,MI-DG-SP-G,Spiral/Snake Didgeridoo,Green,MI-DG-SP-G
Spiral/Snake Didgeridoo,Red,MI-DG-SP-R,Spiral/Snake Didgeridoo,Red,MI-DG-SP-R
Standard Shankh,Small,MI-SK-ST-S,Standard Shankh,Small,MI-SK-ST-S
Standard Shankh,Medium,MI-SK-ST-M,Standard Shankh,Medium,MI-SK-ST-M
Standard Shankh,Large,MI-SK-ST-L,Standard Shankh,Large,MI-SK-ST-L
Sughosh Shankh,Sughosh,MI-SK-SG,Sughosh Shankh,Sughosh,MI-SK-SG
Annapurna Shankh,Annapurna,MI-SK-AP,Annapurna Shankh,Annapurna,MI-SK-AP
Gomukhi Shankh,Gomukhi,MI-SK-GM,Gomukhi Shankh,Gomukhi,MI-SK-GM
Harmonium,Professional,MI-HA-P,Harmonium,Professional,MI-HA-P
Harmonium,Compact,MI-HA-C,Harmonium,Compact,MI-HA-C
Shruti Box,1 Octave Standard,MI-STB-O1,Shruti Box,1 Octave Standard,MI-STB-O1
Shruti Box,1 Octave Mini,MI-STB-O1-M,Shruti Box,1 Octave Mini,MI-STB-O1-M
Shruti Box,2 Octaves,MI-STB-O2,Shruti Box,2 Octaves,MI-STB-O2
Shruti Box,3 Octaves,MI-STB-O3,Shruti Box,3 Octaves,MI-STB-O3
Shruti Box Pedal,Pedal,MI-STB-P,Shruti Box Pedal,Pedal,MI-STB-P
Pulse Tubes,Large,MI-PT-L,Pulse Tubes,Large,MI-PT-L
Pulse Tubes,Medium,MI-PT-M,Pulse Tubes,Medium,MI-PT-M
Pulse Tubes,Small,MI-PT-S,Pulse Tubes,Small,MI-PT-S
Swinging Chimes,6 Bars,MI-SC-6,Swinging Chimes,6 Bars,MI-SC-6
Swinging Chimes,9 Bars,MI-SC-9,Swinging Chimes,9 Bars,MI-SC-9
Element Chimes,,MI-EC,Element Chimes,,MI-EC
Tuned Pipes,285 Hz,MI-TP-285,Tuned Pipes,285 Hz,MI-TP-285
Tuned Pipes,432 Hz,MI-TP-432,Tuned Pipes,432 Hz,MI-TP-432
Tuning Fork - Single Weighted & Unweighted,Weighted / 64 Hz,MI-TF-W-64,Tuning Fork - Single Weighted & Unweighted,64 Hz / Weighted,MI-TF-W-64
Tuning Fork - Single Weighted & Unweighted,Weighted / 68.05 Hz,MI-TF-W-6805,Tuning Fork - Single Weighted & Unweighted,68.05 Hz / Weighted,MI-TF-W-6805
Tuning Fork - Single Weighted & Unweighted,Weighted / 93.96 Hz,MI-TF-W-9396,Tuning Fork - Single Weighted & Unweighted,93.96 Hz / Weighted,MI-TF-W-9396
Tuning Fork - Single Weighted & Unweighted,Weighted / 128 Hz,MI-TF-W-128,Tuning Fork - Single Weighted & Unweighted,128 Hz / Weighted,MI-TF-W-128
Tuning Fork - Single Weighted & Unweighted,Weighted / 136.10 Hz,MI-TF-W-13610,Tuning Fork - Single Weighted & Unweighted,136.10 Hz / Weighted,MI-TF-W-13610
Tuning Fork - Single Weighted & Unweighted,Weighted / 256 Hz,MI-TF-W-256,Tuning Fork - Single Weighted & Unweighted,256 Hz / Weighted,MI-TF-W-256
Tuning Fork - Single Weighted & Unweighted,Weighted / 432 Hz,MI-TF-W-432,Tuning Fork - Single Weighted & Unweighted,432 Hz / Weighted,MI-TF-W-432
Tuning Fork - Single Weighted & Unweighted,Weighted / 440 Hz,MI-TF-W-440,Tuning Fork - Single Weighted & Unweighted,440 Hz / Weighted,MI-TF-W-440
Tuning Fork - Single Weighted & Unweighted,Weighted / 528 Hz,MI-TF-W-528,Tuning Fork - Single Weighted & Unweighted,528 Hz / Weighted,MI-TF-W-528
Tuning Fork - Single Weighted & Unweighted,Unweighted / 64 Hz,MI-TF-UW-64,Tuning Fork - Single Weighted & Unweighted,64 Hz / Unweighted,MI-TF-UW-64
Tuning Fork - Single Weighted & Unweighted,Unweighted / 68.05 Hz,MI-TF-UW-6805,Tuning Fork - Single Weighted & Unweighted,68.05 Hz / Unweighted,MI-TF-UW-6805
Tuning Fork - Single Weighted & Unweighted,Unweighted / 93.96 Hz,MI-TF-UW-9396,Tuning Fork - Single Weighted & Unweighted,93.96 Hz / Unweighted,MI-TF-UW-9396
Tuning Fork - Single Weighted & Unweighted,Unweighted / 128 Hz,MI-TF-UW-128,Tuning Fork - Single Weighted & Unweighted,128 Hz / Unweighted,MI-TF-UW-128
Tuning Fork - Single Weighted & Unweighted,Unweighted / 136.10 Hz,MI-TF-UW-13610,Tuning Fork - Single Weighted & Unweighted,136.10 Hz / Unweighted,MI-TF-UW-13610
Tuning Fork - Single Weighted & Unweighted,Unweighted / 256 Hz,MI-TF-UW-256,Tuning Fork - Single Weighted & Unweighted,256 Hz / Unweighted,MI-TF-UW-256
Tuning Fork - Single Weighted & Unweighted,Unweighted / 432 Hz,MI-TF-UW-432,Tuning Fork - Single Weighted & Unweighted,432 Hz / Unweighted,MI-TF-UW-432
Tuning Fork - Single Weighted & Unweighted,Unweighted /440Hz,MI-TF-UW-440,Tuning Fork - Single Weighted & Unweighted,440Hz / Unweighted,MI-TF-UW-440
Tuning Fork - Single Weighted & Unweighted,Unweighted / 528 Hz,MI-TF-UW-528,Tuning Fork - Single Weighted & Unweighted,528 Hz / Unweighted,MI-TF-UW-528
Angel Tuning Forks,4096 Hz,MI-TF-AG-4096,Angel Tuning Forks,4096 Hz,MI-TF-AG-4096
Angel Tuning Forks,4160 Hz,MI-TF-AG-4160,Angel Tuning Forks,4160 Hz,MI-TF-AG-4160
Angel Tuning Forks,4225 Hz,MI-TF-AG-4225,Angel Tuning Forks,4225 Hz,MI-TF-AG-4225
Angel Tuning Forks,Set,MI-TF-AG-SET3,Angel Tuning Forks,Set,MI-TF-AG-SET3
C&G Tuning Forks,Weighted,MI-TF-W-CG,C&G Tuning Forks,Weighted,MI-TF-W-CG
C&G Tuning Forks,Unweighted,MI-TF-UW-CG,C&G Tuning Forks,Unweighted,MI-TF-UW-CG
Tuning Fork Activators,Activator,MI-TF-A,Tuning Fork Activators,Activator,MI-TF-A
Tuning Fork Activators,Mallet,MI-TF-M,Tuning Fork Activators,Mallet,MI-TF-M
Tuning Fork Activators,Activator & Mallet,MI-TF-AM,Tuning Fork Activators,Activator & Mallet,MI-TF-AM
Tuning Fork Extensions,Extender,MI-TF-EX,Tuning Fork Extensions,Extender,MI-TF-EX
Tuning Fork Extensions,Circuit Boot,MI-TF-CB,Tuning Fork Extensions,Circuit Boot,MI-TF-CB
Tuning Fork Extensions,Massage Boot,MI-TF-MB,Tuning Fork Extensions,Massage Boot,MI-TF-MB
Tuning Forks Gem Feet,Maroon,MI-TF-GF-M,Tuning Forks Gem Feet,Maroon,MI-TF-GF-M
Tuning Forks Gem Feet,Yellow,MI-TF-GF-Y,Tuning Forks Gem Feet,Yellow,MI-TF-GF-Y
Tuning Forks Gem Feet,Violet,MI-TF-GF-V,Tuning Forks Gem Feet,Violet,MI-TF-GF-V
Tuning Forks Gem Feet,Blue,MI-TF-GF-B,Tuning Forks Gem Feet,Blue,MI-TF-GF-B
Tuning Forks Gem Feet,Green,MI-TF-GF-G,Tuning Forks Gem Feet,Green,MI-TF-GF-G
Tuning Forks Gem Feet,Dark Blue,MI-TF-GF-DB,Tuning Forks Gem Feet,Dark Blue,MI-TF-GF-DB
Tuning Forks Gem Feet,Red,MI-TF-GF-R,Tuning Forks Gem Feet,Red,MI-TF-GF-R
Tuning Forks Gem Feet,Full Set,MI-TF-GF-SET7,Tuning Forks Gem Feet,Full Set,MI-TF-GF-SET7
Tuning Forks 7 Chakra Set,Weighted / With Gem Foot,MI-TF-7C-W-GF-SET7,Tuning Forks 7 Chakra Set,With Gem Foot / Weighted,MI-TF-7C-W-GF-SET7
Tuning Forks 7 Chakra Set,Weighted / Without Gem Foot,MI-TF-7C-W-SET7,Tuning Forks 7 Chakra Set,Without Gem Foot / Weighted,MI-TF-7C-W-SET7
Tuning Forks 7 Chakra Set,Colour Weighted / With Gem Foot,MI-TF-7C-C-W-GF-SET7,Tuning Forks 7 Chakra Set,With Gem Foot / Colour Weighted,MI-TF-7C-C-W-GF-SET7
Tuning Forks 7 Chakra Set,Colour Weighted / Without Gem Foot,MI-TF-7C-C-W-SET7,Tuning Forks 7 Chakra Set,Without Gem Foot / Colour Weighted,MI-TF-7C-C-W-SET7
Tuning Forks 7 Chakra Set,Unweighted / With Gem Foot,MI-TF-7C-UW-GF-SET7,Tuning Forks 7 Chakra Set,With Gem Foot / Unweighted,MI-TF-7C-UW-GF-SET7
Tuning Forks 7 Chakra Set,Unweighted / Without Gem Foot,MI-TF-7C-UW-SET7,Tuning Forks 7 Chakra Set,Without Gem Foot / Unweighted,MI-TF-7C-UW-SET7
Tuning Forks 7 Chakra Set,Colour Unweighted / With Gem Foot,MI-TF-7C-C-UW-GF-SET7,Tuning Forks 7 Chakra Set,With Gem Foot / Colour Unweighted,MI-TF-7C-C-UW-GF-SET7
Tuning Forks 7 Chakra Set,Colour Unweighted / Without Gem Foot,MI-TF-7C-C-UW-SET7,Tuning Forks 7 Chakra Set,Without Gem Foot / Colour Unweighted,MI-TF-7C-C-UW-SET7
Tuning Forks Solfeggio Set,Weighted,MI-TF-SF-W-SET9,Tuning Forks Solfeggio Set,Weighted,MI-TF-SF-W-SET9
Tuning Forks Solfeggio Set,Unweighted,MI-TF-SF-UW-SET9,Tuning Forks Solfeggio Set,Unweighted,MI-TF-SF-UW-SET9
Wooden Stand for Tuning Forks,Three,MI-TF-WS-3,Wooden Stand for Tuning Forks,Three,MI-TF-WS-3
Wooden Stand for Tuning Forks,Five,MI-TF-WS-5,Wooden Stand for Tuning Forks,Five,MI-TF-WS-5
Wooden Stand for Tuning Forks,Seven,MI-TF-WS-7,Wooden Stand for Tuning Forks,Seven,MI-TF-WS-7
Wooden Stand for Tuning Forks,Nine,MI-TF-WS-9,Wooden Stand for Tuning Forks,Nine,MI-TF-WS-9
Ankh,,MI-AH,Ankh,,MI-AH
incense stick stand,,MI-IS-ST,Incense Stick Stand,,MI-IS-ST
DNA Tuning Fork,,MI-TF-DNA,DNA Tuning Fork,,MI-TF-DNA
Solar Bell,,MI-BL-SR,Solar Bell,,MI-BL-SR
Wooden Finger Castanet,Black,MI-FC-B,Wooden Finger Castanet,Black,MI-FC-B
Wooden Finger Castanet,White,MI-FC-W,Wooden Finger Castanet,White,MI-FC-W
