sheet_name,sheet_variant,sheet_sku,db_name,db_variant,db_sku,mismatch_fields
Curved Copper Bottles,gold / With Brush,CB-C-B,Curved Copper Bottles,gold / with-brush,CB-C-B,variant_name
Curved Copper Bottles,gold / Without Brush,CB-C,Curved Copper Bottles,gold / without-brush,CB-C,variant_name
Curved Copper Bottles,vintage / With Brush,CB-C-V-B,Curved Copper Bottles,vintage / with-brush,CB-C-V-B,variant_name
Curved Copper Bottles,vintage / Without Brush,CB-C-V,Curved Copper Bottles,vintage / without-brush,CB-C-V,variant_name
Curved Diamond Groove Copper Bottle,copper / 1L / without-brush,CB-CDG,"Grooved, Hammered & Plain Copper Bottle",Without Brush / Gold / Diamond Groove,CB-CDG,"product_name,variant_name"
Macrame Yoga Mat Straps,Yellow,YO-MMS-O,Macrame Yoga Mat Straps,Orange,YO-MMS-O,variant_name
Round Yoga Bolster,Rouge Pink,YO-BR-RD-RP,Round Yoga Bolster,Rogue Pink,YO-BR-RD-RP,variant_name
Crescent Zafu Cushion - Wide -Cotton,Rose Pink,Me-CZ-W-MB,Crescent Zafu Cushion - Wide -Cotton,Misty Blue / Misty Blue,ME-CZ-W-MB,variant_name
Crystal Bowls - Coloured,6 in,MI-CB-C-6,Crystal Bowls – Chakra Coloured,6 in,MI-CB-C-6,product_name
Crystal Bowls - Coloured,7 in,MI-CB-C-7,Crystal Bowls – Chakra Coloured,7 in,MI-CB-C-7,product_name
Crystal Bowls - Coloured,8 in,MI-CB-C-8,Crystal Bowls – Chakra Coloured,8 in,MI-CB-C-8,product_name
Crystal Bowls - Coloured,9 in,MI-CB-C-9,Crystal Bowls – Chakra Coloured,9 in,MI-CB-C-9,product_name
Crystal Bowls - Coloured,10 in,MI-CB-C-10,Crystal Bowls – Chakra Coloured,10 in,MI-CB-C-10,product_name
Crystal Bowls - Coloured,11 in,MI-CB-C-11,Crystal Bowls – Chakra Coloured,11 in,MI-CB-C-11,product_name
Crystal Bowls - Coloured,12 in,MI-CB-C-12,Crystal Bowls – Chakra Coloured,12 in,MI-CB-C-12,product_name
Crystal Bowls - Coloured,13 in,MI-CB-C-13,Crystal Bowls – Chakra Coloured,13 in,MI-CB-C-13,product_name
Crystal Bowls - Coloured,14 in,MI-CB-C-14,Crystal Bowls – Chakra Coloured,14 in,MI-CB-C-14,product_name
Gong Plates/Shruti Plates Etched,B Plate,MI-GP-ET-B,Shruthi Thali/Gong Plates – Etched,B Plate,MI-GP-ET-B,product_name
Gong Plates/Shruti Plates Etched,A Plate,MI-GP-ET-A,Shruthi Thali/Gong Plates – Etched,A Plate,MI-GP-ET-A,product_name
Gong Plates/Shruti Plates Etched,G Plate,MI-GP-ET-G,Shruthi Thali/Gong Plates – Etched,G Plate,MI-GP-ET-G,product_name
Gong Plates/Shruti Plates Etched,F Plate,MI-GP-ET-F,Shruthi Thali/Gong Plates – Etched,F Plate,MI-GP-ET-F,product_name
Gong Plates/Shruti Plates Etched,E Plate,MI-GP-ET-E,Shruthi Thali/Gong Plates – Etched,E Plate,MI-GP-ET-E,product_name
Gong Plates/Shruti Plates Etched,D Plate,MI-GP-ET-D,Shruthi Thali/Gong Plates – Etched,D Plate,MI-GP-ET-D,product_name
Gong Plates/Shruti Plates Etched,C Plate,MI-GP-ET-C,Shruthi Thali/Gong Plates – Etched,C Plate,MI-GP-ET-C,product_name
Gong Plates/Shruti Plates Etched,Full Set,MI-GP-ET-SET7,Shruthi Thali/Gong Plates – Etched,Full Set,MI-GP-ET-SET7,product_name
Etched Chau Gong,18 in,MI-GO-CH-ET-18,Etched Chau Gongs,18 in,MI-GO-CH-ET-18,product_name
Etched Chau Gong,20 in,MI-GO-CH-ET-20,Etched Chau Gongs,20 in,MI-GO-CH-ET-20,product_name
Etched Chau Gong,22 in,MI-GO-CH-ET-22,Etched Chau Gongs,22 in,MI-GO-CH-ET-22,product_name
Etched Chau Gong,24 in,MI-GO-CH-ET-24,Etched Chau Gongs,24 in,MI-GO-CH-ET-24,product_name
Etched Chau Gong,28 in,MI-GO-CH-ET-28,Etched Chau Gongs,28 in,MI-GO-CH-ET-28,product_name
Etched Chau Gong,32 in,MI-GO-CH-ET-32,Etched Chau Gongs,32 in,MI-GO-CH-ET-32,product_name
Etched Chau Gong,36 in,MI-GO-CH-ET-36,Etched Chau Gongs,36 in,MI-GO-CH-ET-36,product_name
Etched Chau Gong,40INCH,MI-GO-CH-ET-40,Etched Chau Gongs,40 in,MI-GO-CH-ET-40,"product_name,variant_name"
Etched Handmade Singing Bowls,Buddha / 8in,MI-SB-HM-ET-B-8,Etched Handmade Singing Bowls,8 in / Buddha,MI-SB-HM-ET-B-8,variant_name
Etched Handmade Singing Bowls,Sacred Geometry / 8in,MI-SB-HM-ET-SG-8,Etched Handmade Singing Bowls,8 in / Sacred Geometry,MI-SB-HM-ET-SG-8,variant_name
Etched Handmade Singing Bowls,Golden Feet / 8in,MI-SB-HM-ET-GF-8,Etched Handmade Singing Bowls,8 in / Golden Feet,MI-SB-HM-ET-GF-8,variant_name
Etched Handmade Singing Bowls,Buddhas Eyes / 6in,MI-SB-HM-ET-BE-6,Etched Handmade Singing Bowls,6 in / Buddhas Eyes,MI-SB-HM-ET-BE-6,variant_name
Etched Handmade Singing Bowls,Buddhas Eyes / 7in,MI-SB-HM-ET-BE-7,Etched Handmade Singing Bowls,7 in / Buddhas Eyes,MI-SB-HM-ET-BE-7,variant_name
Etched Handmade Singing Bowls,Buddhas Eyes / 8in,MI-SB-HM-ET-BE-8,Etched Handmade Singing Bowls,8 in / Buddhas Eyes,MI-SB-HM-ET-BE-8,variant_name
Etched Handmade Singing Bowls,Buddhas Eyes /12in,MI-SB-HM-ET-BE-12,Etched Handmade Singing Bowls,12 in / Buddhas Eyes,MI-SB-HM-ET-BE-12,variant_name
Etched Handmade Singing Bowls,Buddhas Eyes /13in,MI-SB-HM-ET-BE-13,Etched Handmade Singing Bowls,13 in / Buddhas Eyes,MI-SB-HM-ET-BE-13,variant_name
Etched Handmade Singing Bowls,Chakras / 6in,MI-SB-HM-ET-C-6,Etched Handmade Singing Bowls,6 in / Chakras,MI-SB-HM-ET-C-6,variant_name
Etched Handmade Singing Bowls,Chakras / 7in,MI-SB-HM-ET-C-7,Etched Handmade Singing Bowls,7 in / Chakras,MI-SB-HM-ET-C-7,variant_name
Etched Handmade Singing Bowls,Chakras / 8in,MI-SB-HM-ET-C-8,Etched Handmade Singing Bowls,8 in / Chakras,MI-SB-HM-ET-C-8,variant_name
Etched Handmade Singing Bowls,Chakras / 9in,MI-SB-HM-ET-C-9,Etched Handmade Singing Bowls,9 in / Chakras,MI-SB-HM-ET-C-9,variant_name
Etched Handmade Singing Bowls,Chakras / 10in,MI-SB-HM-ET-C-10,Etched Handmade Singing Bowls,10 in / Chakras,MI-SB-HM-ET-C-10,variant_name
Etched Handmade Singing Bowls,Chakras / 12in,MI-SB-HM-ET-C-12,Etched Handmade Singing Bowls,12 in / Chakras,MI-SB-HM-ET-C-12,variant_name
Etched Handmade Singing Bowls,Chakras / 13in,MI-SB-HM-ET-C-13,Etched Handmade Singing Bowls,13 in / Chakras,MI-SB-HM-ET-C-13,variant_name
Etched Handmade Singing Bowls,Dorje / 8in,MI-SB-HM-ET-DJ-8,Etched Handmade Singing Bowls,8 in / Dorje,MI-SB-HM-ET-DJ-8,variant_name
Etched Handmade Singing Bowls,Flower of Life / 8in,MI-SB-HM-ET-FL-8,Etched Handmade Singing Bowls,8 in / Flower of Life,MI-SB-HM-ET-FL-8,variant_name
Etched Handmade Singing Bowls,Om / 6in,MI-SB-HM-ET-OM-6,Etched Handmade Singing Bowls,6 in / Om,MI-SB-HM-ET-OM-6,variant_name
Etched Handmade Singing Bowls,Om / 7in,MI-SB-HM-ET-OM-7,Etched Handmade Singing Bowls,7 in / Om,MI-SB-HM-ET-OM-7,variant_name
Etched Handmade Singing Bowls,Om / 8in,MI-SB-HM-ET-OM-8,Etched Handmade Singing Bowls,8 in / Om,MI-SB-HM-ET-OM-8,variant_name
Etched Handmade Singing Bowls,Om / 9in,MI-SB-HM-ET-OM-9,Etched Handmade Singing Bowls,9 in / Om,MI-SB-HM-ET-OM-9,variant_name
Etched Handmade Singing Bowls,Om / 10in,MI-SB-HM-ET-OM-10,Etched Handmade Singing Bowls,10 in / Om,MI-SB-HM-ET-OM-10,variant_name
Etched Handmade Singing Bowls,Om / 12in,MI-SB-HM-ET-OM-12,Etched Handmade Singing Bowls,12 in / Om,MI-SB-HM-ET-OM-12,variant_name
Etched Handmade Singing Bowls,Om / 13in,MI-SB-HM-ET-OM-13,Etched Handmade Singing Bowls,13 in / Om,MI-SB-HM-ET-OM-13,variant_name
Etched Handmade Singing Bowls,Tara / 8in,MI-SB-HM-ET-T-8,Etched Handmade Singing Bowls,8 in / Tara,MI-SB-HM-ET-T-8,variant_name
Etched Handmade Singing Bowls,Yin Yang / 8in,MI-SB-HM-ET-YY-8,Etched Handmade Singing Bowls,8 in / Yin Yang,MI-SB-HM-ET-YY-8,variant_name
Etched Handmade Singing Bowls,Mantra / 6in,MI-SB-HM-ET-M-6,Etched Handmade Singing Bowls,6 in / Mantra,MI-SB-HM-ET-M-6,variant_name
Etched Handmade Singing Bowls,Mantra / 7in,MI-SB-HM-ET-M-7,Etched Handmade Singing Bowls,7 in / Mantra,MI-SB-HM-ET-M-7,variant_name
Etched Handmade Singing Bowls,Mantra / 8in,MI-SB-HM-ET-M-8,Etched Handmade Singing Bowls,8 in / Mantra,MI-SB-HM-ET-M-8,variant_name
Etched Handmade Singing Bowls,Mantra / 9in,MI-SB-HM-ET-M-9,Etched Handmade Singing Bowls,9 in / Mantra,MI-SB-HM-ET-M-9,variant_name
Etched Handmade Singing Bowls,Mantra / 10in,MI-SB-HM-ET-M-10,Etched Handmade Singing Bowls,10 in / Mantra,MI-SB-HM-ET-M-10,variant_name
Etched Handmade Singing Bowls,Mantra / 12in,MI-SB-HM-ET-M-12,Etched Handmade Singing Bowls,12 in / Mantra,MI-SB-HM-ET-M-12,variant_name
Etched Handmade Singing Bowls,Mantra / 13in,MI-SB-HM-ET-M-13,Etched Handmade Singing Bowls,13 in / Mantra,MI-SB-HM-ET-M-13,variant_name
Extra Large Meridian Singing Bowls,Etched / 20in,MI-SB-ME-ET-20,Extra Large Meridian Singing Bowls,20 in / Etched,MI-SB-ME-ET-20,variant_name
Extra Large Meridian Singing Bowls,Etched / 22in,MI-SB-ME-ET-22,Extra Large Meridian Singing Bowls,22 in / Etched,MI-SB-ME-ET-22,variant_name
Extra Large Meridian Singing Bowls,Etched / 23in,MI-SB-ME-ET-23,Extra Large Meridian Singing Bowls,23 In / Etched,MI-SB-ME-ET-23,variant_name
Extra Large Meridian Singing Bowls,Etched /24in,MI-SB-ME-ET-24,Extra Large Meridian Singing Bowls,24 in / Etched,MI-SB-ME-ET-24,variant_name
Sacred Symbols Singing Bowls,Green / 4in,MI-SB-SS-G-4,Sacred Symbols Singing Bowls,Green / 4 in,MI-SB-SS-G-4,variant_name
Sacred Symbols Singing Bowls,Green / 5.5in,MI-SB-SS-G-5.5,Sacred Symbols Singing Bowls,Green / 5.5 in,MI-SB-SS-G-5.5,variant_name
Sacred Symbols Singing Bowls,Gold / 3.5 Inches,MI-SB-SS-GO-3.5,Sacred Symbols Singing Bowls,Gold / 3.5 in,MI-SB-SS-GO-3.5,variant_name
Sacred Symbols Singing Bowls,Gold / 4 Inches,MI-SB-SS-GO-4,Sacred Symbols Singing Bowls,Gold / 4 in,MI-SB-SS-GO-4,variant_name
Sacred Symbols Singing Bowls,Gold / 5.5 Inches,MI-SB-SS-GO-5.5,Sacred Symbols Singing Bowls,Gold / 5.5 in,MI-SB-SS-GO-5.5,variant_name
Handmade Singing Bowls - All Sizes,Matte / 8in,MI-SB-HM-8,Handmade Singing Bowls - All Sizes,8 in / Matte,MI-SB-HM-8,variant_name
Handmade Singing Bowls - All Sizes,Matte / 13in,MI-SB-HM-13,Handmade Singing Bowls - All Sizes,13 in / Matte,MI-SB-HM-13,variant_name
GAB Set,,MI-SB-GAB-SET3,"Singing Bowl Head Set – G, A, B",,MI-SB-GAB-SET3,product_name
Singing Bowls Silk Ring Cushion Accessories,Blue / 20cms,MI-SBC-B-20,Singing Bowls Silk Ring Cushion Accessories,Blue / 18cms,MI-SBC-B-20,variant_name
Native American Flute - Triple,Triple,MI-NF-T,Native American Style Flutes,Triple,MI-NF-T,product_name
Native American Flute - Double,Double,MI-NF-D,Native American Style Flutes,Double,MI-NF-D,product_name
Native American Flute - Single Large,Single Large,MI-NF-S-L,Native American Style Flutes,Single Large,MI-NF-S-L,product_name
Native American Flute - Single Medium,Single Medium,MI-NF-S-M,Native American Style Flutes,Single Medium,MI-NF-S-M,product_name
Native American Flute - Single Small,Single Small,MI-NF-S-S,Native American Style Flutes,Single Small,MI-NF-S-S,product_name
Ocarina - Small,Small,MI-OC-S,Clay Ocarinas,Small,MI-OC-S,product_name
Ocarina - Big,Big,MI-OC-B,Clay Ocarinas,Big,MI-OC-B,product_name
Bar Chime - 25 Rods,,MI-BC-25,25 Rods – Bar Chime,,MI-BC-25,product_name
Wind chimes,Gold-Small,MI-WC-GO-S,Wind Chimes,Gold / Small,MI-WC-GO-S,variant_name
Wind chimes,Gold-Large,MI-WC-GO-L,Wind Chimes,Gold / Large,MI-WC-GO-L,variant_name
Wind chimes,Green-Small,MI-WC-GR-S,Wind Chimes,Green / Small,MI-WC-GR-S,variant_name
Wind chimes,Green-Large,MI-WC-GR-L,Wind Chimes,Green / Large,MI-WC-GR-L,variant_name
Wind chimes,Yellow-Small,MI-WC-YE-S,Wind Chimes,Yellow / Small,MI-WC-YE-S,variant_name
Wind chimes,Yellow-Large,MI-WC-YE-L,Wind Chimes,Yellow / Large,MI-WC-YE-L,variant_name
Wind chimes,Silver-Small,MI-WC-SI-S,Wind Chimes,Silver / Small,MI-WC-SI-S,variant_name
Wind chimes,Silver-Large,MI-WC-SI-L,Wind Chimes,Silver / Large,MI-WC-SI-L,variant_name
Wind chimes,Antique Copper-Small,MI-WC-AC-S,Wind Chimes,Antique Copper / Small,MI-WC-AC-S,variant_name
Wind chimes,Antique Copper-Large,MI-WC-AC-L,Wind Chimes,Antique Copper / Large,MI-WC-AC-L,variant_name
Guiro,,MI-GRO,Wooden Guiro,,MI-GRO,product_name
Khartal*3,,MI-KL,Wooden Hand Khartal/Jingles,,MI-KL,product_name
Jingle Stick,,MI-JE-S,Sleigh Bells Wooden Jingle Stick,,MI-JE-S,product_name
