sheet_name,sheet_variant,sheet_sku
Curved Diamond Groove Copper Bottle,vintage / 1L / without-brush,CB-CDG-V
Blue Tranquillity/Meditation,Without Brush / 1L,CB-AD-BM
Blue Tranquillity/Meditation,1L / With Brush /,CB-AD-BM-B
Blue Tranquillity/Meditation,Without Brush /500ml,CB-AD-BM-.5
Blue Tranquillity/Meditation,With Brush / 500ml,CB-AD-BM-.5-B
Zafu & Zabuton Combo - Plain,Dark Grey,ME-Z-Zn-DG
Zafu & Zabuton Combo - Lotus Embroidery,Navy Blue,ME-Z-Zn-EM-L-NB
Zafu & Zabuton Combo - Lotus Embroidery,Dark Grey,ME-Z-Zn-EM-L-DG
Crescent Zafu Cushion - Compact -Buck wheat,Light Grey,ME-CZ-C-LG
Crescent Zafu Cushion - Compact -Buck wheat,Rouge Pink,ME-CZ-C-RP
Crescent Zafu Cushion - Wide -Cotton,Sage,Me-CZ-W-S
Crescent Zafu Cushion - Wide -Cotton,Dark Grey,Me-CZ-W-DG
Sacred Symbols Singing Bowls,Gold / 7 Inches,MI-SB-SS-GO-7
Deep Dotted,5.5 Inch,MI-SB-DDT-5.5
Debadutta Shankh,Debadutta,MI-SK-DD
Shankh Plain,Small,MI-SK-SM
Shankh Plain,Medium,MI-SK-ME
Shankh Plain,Large,MI-SK-LE
Swing Flute/Harmonic,,MI-SF
Clay Whistle,,MI-CW
Overtone Flute,,MI-OF
Ball Mallet,,MI-MT-BL
Nipple Gong,,MI-GO-NG
